poll_label,pollster,org,race,year,office,state,field_dates,last_field_day,days_to_election,n,population,topline_published_D,topline_published_R,poll_margin_R_2party,certified_margin_R_2party,margin_error_pp,dimension,bin_as_published,bin_normalized,poll_bin_vote_D_pct_2party,poll_bin_vote_R_pct_2party,exitpoll_bin_D_pct,exitpoll_bin_R_pct,W1_dim,W_bar_point,collection_tag,field_start
"2020-Governor-NC|Emerson August 8-10, 2020",Emerson College Polling,Emerson,2020-Governor-NC,2020,Governor,NC,"August 8-10, 2020",2020-08-10,85,673,RV,53.2,46.8,-6.4,-4.58,1.82,Age,18-29 years,18-29 years,63.8,36.2,,,,3.47,midfield_2020_2022,
"2020-Governor-NC|Emerson August 8-10, 2020",Emerson College Polling,Emerson,2020-Governor-NC,2020,Governor,NC,"August 8-10, 2020",2020-08-10,85,673,RV,53.2,46.8,-6.4,-4.58,1.82,Age,30-49 years,30-49 years,50.8,49.2,,,,3.47,midfield_2020_2022,
"2020-Governor-NC|Emerson August 8-10, 2020",Emerson College Polling,Emerson,2020-Governor-NC,2020,Governor,NC,"August 8-10, 2020",2020-08-10,85,673,RV,53.2,46.8,-6.4,-4.58,1.82,Age,50-64 years,50-64 years,49.5,50.5,,,,3.47,midfield_2020_2022,
"2020-Governor-NC|Emerson August 8-10, 2020",Emerson College Polling,Emerson,2020-Governor-NC,2020,Governor,NC,"August 8-10, 2020",2020-08-10,85,673,RV,53.2,46.8,-6.4,-4.58,1.82,Age,65 or more years,65 or more years,53.7,46.3,,,,3.47,midfield_2020_2022,
"2020-Governor-NC|Emerson August 8-10, 2020",Emerson College Polling,Emerson,2020-Governor-NC,2020,Governor,NC,"August 8-10, 2020",2020-08-10,85,673,RV,53.2,46.8,-6.4,-4.58,1.82,Education,B.A.+,B.A.+,61.6,38.4,61.6,62.5,1.42,3.47,midfield_2020_2022,
"2020-Governor-NC|Emerson August 8-10, 2020",Emerson College Polling,Emerson,2020-Governor-NC,2020,Governor,NC,"August 8-10, 2020",2020-08-10,85,673,RV,53.2,46.8,-6.4,-4.58,1.82,Education,No B.A.,No B.A.,48.4,51.6,48.4,46.4,1.42,3.47,midfield_2020_2022,
"2020-Governor-NC|Emerson August 8-10, 2020",Emerson College Polling,Emerson,2020-Governor-NC,2020,Governor,NC,"August 8-10, 2020",2020-08-10,85,673,RV,53.2,46.8,-6.4,-4.58,1.82,Gender,Female,Female,55.6,44.4,,,1.62,3.47,midfield_2020_2022,
"2020-Governor-NC|Emerson August 8-10, 2020",Emerson College Polling,Emerson,2020-Governor-NC,2020,Governor,NC,"August 8-10, 2020",2020-08-10,85,673,RV,53.2,46.8,-6.4,-4.58,1.82,Gender,Male,Male,50.7,49.3,,,1.62,3.47,midfield_2020_2022,
"2020-Governor-NC|Emerson August 8-10, 2020",Emerson College Polling,Emerson,2020-Governor-NC,2020,Governor,NC,"August 8-10, 2020",2020-08-10,85,673,RV,53.2,46.8,-6.4,-4.58,1.82,Race,Black or African American,Black,78.3,21.7,78.3,92.9,7.38,3.47,midfield_2020_2022,
"2020-Governor-NC|Emerson August 8-10, 2020",Emerson College Polling,Emerson,2020-Governor-NC,2020,Governor,NC,"August 8-10, 2020",2020-08-10,85,673,RV,53.2,46.8,-6.4,-4.58,1.82,Race,White or Caucasian,White,43.1,56.9,43.1,36.4,7.38,3.47,midfield_2020_2022,
"2020-President-AZ|Emerson August 8-10, 2020",Emerson College Polling,Emerson,2020-President-AZ,2020,President,AZ,"August 8-10, 2020",2020-08-10,85,661,RV,46.7,53.3,6.6,-0.31,6.91,Age,18-29 years,18-29 years,25.3,74.7,,,,6.55,midfield_2020_2022,
"2020-President-AZ|Emerson August 8-10, 2020",Emerson College Polling,Emerson,2020-President-AZ,2020,President,AZ,"August 8-10, 2020",2020-08-10,85,661,RV,46.7,53.3,6.6,-0.31,6.91,Age,30-49 years,30-49 years,45.6,54.4,,,,6.55,midfield_2020_2022,
"2020-President-AZ|Emerson August 8-10, 2020",Emerson College Polling,Emerson,2020-President-AZ,2020,President,AZ,"August 8-10, 2020",2020-08-10,85,661,RV,46.7,53.3,6.6,-0.31,6.91,Age,50-64 years,50-64 years,55.9,44.1,,,,6.55,midfield_2020_2022,
"2020-President-AZ|Emerson August 8-10, 2020",Emerson College Polling,Emerson,2020-President-AZ,2020,President,AZ,"August 8-10, 2020",2020-08-10,85,661,RV,46.7,53.3,6.6,-0.31,6.91,Age,65 or more years,65 or more years,60.4,39.6,,,,6.55,midfield_2020_2022,
"2020-President-AZ|Emerson August 8-10, 2020",Emerson College Polling,Emerson,2020-President-AZ,2020,President,AZ,"August 8-10, 2020",2020-08-10,85,661,RV,46.7,53.3,6.6,-0.31,6.91,Education,B.A.+,B.A.+,46.4,53.6,46.4,53.6,4.15,6.55,midfield_2020_2022,
"2020-President-AZ|Emerson August 8-10, 2020",Emerson College Polling,Emerson,2020-President-AZ,2020,President,AZ,"August 8-10, 2020",2020-08-10,85,661,RV,46.7,53.3,6.6,-0.31,6.91,Education,No B.A.,No B.A.,48.8,51.2,48.8,47.8,4.15,6.55,midfield_2020_2022,
"2020-President-AZ|Emerson August 8-10, 2020",Emerson College Polling,Emerson,2020-President-AZ,2020,President,AZ,"August 8-10, 2020",2020-08-10,85,661,RV,46.7,53.3,6.6,-0.31,6.91,Gender,Female,Female,46.6,53.4,,,2.72,6.55,midfield_2020_2022,
"2020-President-AZ|Emerson August 8-10, 2020",Emerson College Polling,Emerson,2020-President-AZ,2020,President,AZ,"August 8-10, 2020",2020-08-10,85,661,RV,46.7,53.3,6.6,-0.31,6.91,Gender,Male,Male,49.4,50.6,,,2.72,6.55,midfield_2020_2022,
"2020-President-AZ|Emerson August 8-10, 2020",Emerson College Polling,Emerson,2020-President-AZ,2020,President,AZ,"August 8-10, 2020",2020-08-10,85,661,RV,46.7,53.3,6.6,-0.31,6.91,Race,Black or African American,Black or African American,41.5,58.5,,,12.78,6.55,midfield_2020_2022,
"2020-President-AZ|Emerson August 8-10, 2020",Emerson College Polling,Emerson,2020-President-AZ,2020,President,AZ,"August 8-10, 2020",2020-08-10,85,661,RV,46.7,53.3,6.6,-0.31,6.91,Race,Hispanic or Latino of any race,Hispanic,39.5,60.5,39.5,62.2,12.78,6.55,midfield_2020_2022,
"2020-President-AZ|Emerson August 8-10, 2020",Emerson College Polling,Emerson,2020-President-AZ,2020,President,AZ,"August 8-10, 2020",2020-08-10,85,661,RV,46.7,53.3,6.6,-0.31,6.91,Race,White or Caucasian,White,49.8,50.2,49.8,46.9,12.78,6.55,midfield_2020_2022,
"2020-President-IA|Monmouth July 30-August 3, 2020",Monmouth University Poll,Monmouth,2020-President-IA,2020,President,IA,"July 30-August 3, 2020",2020-08-03,92,401,RV,48.4,51.6,3.2,8.37,5.17,Age,18-49,18-49,48.4,51.6,,,,17.57,midfield_2020_2022,
"2020-President-IA|Monmouth July 30-August 3, 2020",Monmouth University Poll,Monmouth,2020-President-IA,2020,President,IA,"July 30-August 3, 2020",2020-08-03,92,401,RV,48.4,51.6,3.2,8.37,5.17,Age,50-64,50-64,54.7,45.3,,,,17.57,midfield_2020_2022,
"2020-President-IA|Monmouth July 30-August 3, 2020",Monmouth University Poll,Monmouth,2020-President-IA,2020,President,IA,"July 30-August 3, 2020",2020-08-03,92,401,RV,48.4,51.6,3.2,8.37,5.17,Age,65+,65+,54.2,45.8,,,,17.57,midfield_2020_2022,
"2020-President-IA|Monmouth July 30-August 3, 2020",Monmouth University Poll,Monmouth,2020-President-IA,2020,President,IA,"July 30-August 3, 2020",2020-08-03,92,401,RV,48.4,51.6,3.2,8.37,5.17,Education,Wht B.A.+,Wht B.A.+,48.9,51.1,,,,17.57,midfield_2020_2022,
"2020-President-IA|Monmouth July 30-August 3, 2020",Monmouth University Poll,Monmouth,2020-President-IA,2020,President,IA,"July 30-August 3, 2020",2020-08-03,92,401,RV,48.4,51.6,3.2,8.37,5.17,Education,Wht no B.A.,Wht no B.A.,55.4,44.6,,,,17.57,midfield_2020_2022,
"2020-President-IA|Monmouth July 30-August 3, 2020",Monmouth University Poll,Monmouth,2020-President-IA,2020,President,IA,"July 30-August 3, 2020",2020-08-03,92,401,RV,48.4,51.6,3.2,8.37,5.17,Gender,Men,Men,61.9,38.1,61.9,40.2,17.57,17.57,midfield_2020_2022,
"2020-President-IA|Monmouth July 30-August 3, 2020",Monmouth University Poll,Monmouth,2020-President-IA,2020,President,IA,"July 30-August 3, 2020",2020-08-03,92,401,RV,48.4,51.6,3.2,8.37,5.17,Gender,Women,Women,38.9,61.1,38.9,51.5,17.57,17.57,midfield_2020_2022,
"2020-President-NC|Emerson August 8-10, 2020",Emerson College Polling,Emerson,2020-President-NC,2020,President,NC,"August 8-10, 2020",2020-08-10,85,673,RV,50.6,49.4,-1.2,1.37,2.57,Age,18-29 years,18-29 years,49.3,50.7,,,,25.74,midfield_2020_2022,
"2020-President-NC|Emerson August 8-10, 2020",Emerson College Polling,Emerson,2020-President-NC,2020,President,NC,"August 8-10, 2020",2020-08-10,85,673,RV,50.6,49.4,-1.2,1.37,2.57,Age,30-49 years,30-49 years,49.3,50.7,,,,25.74,midfield_2020_2022,
"2020-President-NC|Emerson August 8-10, 2020",Emerson College Polling,Emerson,2020-President-NC,2020,President,NC,"August 8-10, 2020",2020-08-10,85,673,RV,50.6,49.4,-1.2,1.37,2.57,Age,50-64 years,50-64 years,52.9,47.1,,,,25.74,midfield_2020_2022,
"2020-President-NC|Emerson August 8-10, 2020",Emerson College Polling,Emerson,2020-President-NC,2020,President,NC,"August 8-10, 2020",2020-08-10,85,673,RV,50.6,49.4,-1.2,1.37,2.57,Age,65 or more years,65 or more years,52.2,47.8,,,,25.74,midfield_2020_2022,
"2020-President-NC|Emerson August 8-10, 2020",Emerson College Polling,Emerson,2020-President-NC,2020,President,NC,"August 8-10, 2020",2020-08-10,85,673,RV,50.6,49.4,-1.2,1.37,2.57,Education,B.A.+,B.A.+,44.3,55.7,44.3,59.1,12.82,25.74,midfield_2020_2022,
"2020-President-NC|Emerson August 8-10, 2020",Emerson College Polling,Emerson,2020-President-NC,2020,President,NC,"August 8-10, 2020",2020-08-10,85,673,RV,50.6,49.4,-1.2,1.37,2.57,Education,No B.A.,No B.A.,55.3,44.7,55.3,44.0,12.82,25.74,midfield_2020_2022,
"2020-President-NC|Emerson August 8-10, 2020",Emerson College Polling,Emerson,2020-President-NC,2020,President,NC,"August 8-10, 2020",2020-08-10,85,673,RV,50.6,49.4,-1.2,1.37,2.57,Gender,Female,Female,47.2,52.8,,,8.08,25.74,midfield_2020_2022,
"2020-President-NC|Emerson August 8-10, 2020",Emerson College Polling,Emerson,2020-President-NC,2020,President,NC,"August 8-10, 2020",2020-08-10,85,673,RV,50.6,49.4,-1.2,1.37,2.57,Gender,Male,Male,55.4,44.6,,,8.08,25.74,midfield_2020_2022,
"2020-President-NC|Emerson August 8-10, 2020",Emerson College Polling,Emerson,2020-President-NC,2020,President,NC,"August 8-10, 2020",2020-08-10,85,673,RV,50.6,49.4,-1.2,1.37,2.57,Race,Black or African American,Black,13.5,86.5,13.5,92.9,56.31,25.74,midfield_2020_2022,
"2020-President-NC|Emerson August 8-10, 2020",Emerson College Polling,Emerson,2020-President-NC,2020,President,NC,"August 8-10, 2020",2020-08-10,85,673,RV,50.6,49.4,-1.2,1.37,2.57,Race,White or Caucasian,White,64.6,35.4,64.6,33.3,56.31,25.74,midfield_2020_2022,
"2020-President-PA|Emerson August 8-10, 2020",Emerson College Polling,Emerson,2020-President-PA,2020,President,PA,"August 8-10, 2020",2020-08-10,85,843,RV,46.7,53.3,6.6,-1.2,7.8,Age,18-29 years,18-29 years,36.8,63.2,,,,27.71,midfield_2020_2022,
"2020-President-PA|Emerson August 8-10, 2020",Emerson College Polling,Emerson,2020-President-PA,2020,President,PA,"August 8-10, 2020",2020-08-10,85,843,RV,46.7,53.3,6.6,-1.2,7.8,Age,30-49 years,30-49 years,43.0,57.0,,,,27.71,midfield_2020_2022,
"2020-President-PA|Emerson August 8-10, 2020",Emerson College Polling,Emerson,2020-President-PA,2020,President,PA,"August 8-10, 2020",2020-08-10,85,843,RV,46.7,53.3,6.6,-1.2,7.8,Age,50-64 years,50-64 years,49.1,50.9,,,,27.71,midfield_2020_2022,
"2020-President-PA|Emerson August 8-10, 2020",Emerson College Polling,Emerson,2020-President-PA,2020,President,PA,"August 8-10, 2020",2020-08-10,85,843,RV,46.7,53.3,6.6,-1.2,7.8,Age,65 or more years,65 or more years,47.6,52.4,,,,27.71,midfield_2020_2022,
"2020-President-PA|Emerson August 8-10, 2020",Emerson College Polling,Emerson,2020-President-PA,2020,President,PA,"August 8-10, 2020",2020-08-10,85,843,RV,46.7,53.3,6.6,-1.2,7.8,Education,B.A.+,B.A.+,39.3,60.7,39.3,57.3,11.2,27.71,midfield_2020_2022,
"2020-President-PA|Emerson August 8-10, 2020",Emerson College Polling,Emerson,2020-President-PA,2020,President,PA,"August 8-10, 2020",2020-08-10,85,843,RV,46.7,53.3,6.6,-1.2,7.8,Education,No B.A.,No B.A.,49.3,50.7,49.3,45.9,11.2,27.71,midfield_2020_2022,
"2020-President-PA|Emerson August 8-10, 2020",Emerson College Polling,Emerson,2020-President-PA,2020,President,PA,"August 8-10, 2020",2020-08-10,85,843,RV,46.7,53.3,6.6,-1.2,7.8,Gender,Female,Female,43.4,56.6,,,7.71,27.71,midfield_2020_2022,
"2020-President-PA|Emerson August 8-10, 2020",Emerson College Polling,Emerson,2020-President-PA,2020,President,PA,"August 8-10, 2020",2020-08-10,85,843,RV,46.7,53.3,6.6,-1.2,7.8,Gender,Male,Male,47.3,52.7,,,7.71,27.71,midfield_2020_2022,
"2020-President-PA|Emerson August 8-10, 2020",Emerson College Polling,Emerson,2020-President-PA,2020,President,PA,"August 8-10, 2020",2020-08-10,85,843,RV,46.7,53.3,6.6,-1.2,7.8,Race,Black or African American,Black,16.7,83.3,16.7,92.9,64.23,27.71,midfield_2020_2022,
"2020-President-PA|Emerson August 8-10, 2020",Emerson College Polling,Emerson,2020-President-PA,2020,President,PA,"August 8-10, 2020",2020-08-10,85,843,RV,46.7,53.3,6.6,-1.2,7.8,Race,Hispanic or Latino of any race,Hispanic,17.3,82.7,17.3,71.9,64.23,27.71,midfield_2020_2022,
"2020-President-PA|Emerson August 8-10, 2020",Emerson College Polling,Emerson,2020-President-PA,2020,President,PA,"August 8-10, 2020",2020-08-10,85,843,RV,46.7,53.3,6.6,-1.2,7.8,Race,White or Caucasian,White,50.3,49.7,50.3,42.4,64.23,27.71,midfield_2020_2022,
2020-President-TX|NYT/Siena Oct,New York Times / Siena College,NYT/Siena,2020-President-TX,2020,President,TX,"October 20-25, 2020",2020-10-25,9,802,LV,43.0,47.0,4.44,5.66,1.22,Age,18-29,18-29,55.0,33.0,62.5,58.8,2.86,2.69,,
2020-President-TX|NYT/Siena Oct,New York Times / Siena College,NYT/Siena,2020-President-TX,2020,President,TX,"October 20-25, 2020",2020-10-25,9,802,LV,43.0,47.0,4.44,5.66,1.22,Age,30-44,30-44,40.0,46.0,46.5,49.6,2.86,2.69,,
2020-President-TX|NYT/Siena Oct,New York Times / Siena College,NYT/Siena,2020-President-TX,2020,President,TX,"October 20-25, 2020",2020-10-25,9,802,LV,43.0,47.0,4.44,5.66,1.22,Age,45-64,45-64,42.0,52.0,44.7,43.4,2.86,2.69,,
2020-President-TX|NYT/Siena Oct,New York Times / Siena College,NYT/Siena,2020-President-TX,2020,President,TX,"October 20-25, 2020",2020-10-25,9,802,LV,43.0,47.0,4.44,5.66,1.22,Age,65+,65+,42.0,54.0,43.8,41.4,2.86,2.69,,
2020-President-TX|NYT/Siena Oct,New York Times / Siena College,NYT/Siena,2020-President-TX,2020,President,TX,"October 20-25, 2020",2020-10-25,9,802,LV,43.0,47.0,4.44,5.66,1.22,Gender,Men,Men,36.0,55.0,39.6,41.2,2.81,2.69,,
2020-President-TX|NYT/Siena Oct,New York Times / Siena College,NYT/Siena,2020-President-TX,2020,President,TX,"October 20-25, 2020",2020-10-25,9,802,LV,43.0,47.0,4.44,5.66,1.22,Gender,Women,Women,51.0,41.0,55.4,51.5,2.81,2.69,,
2020-President-TX|NYT/Siena Oct,New York Times / Siena College,NYT/Siena,2020-President-TX,2020,President,TX,"October 20-25, 2020",2020-10-25,9,802,LV,43.0,47.0,4.44,5.66,1.22,Race,Black,Black,78.0,12.0,86.7,90.9,2.39,2.69,,
2020-President-TX|NYT/Siena Oct,New York Times / Siena College,NYT/Siena,2020-President-TX,2020,President,TX,"October 20-25, 2020",2020-10-25,9,802,LV,43.0,47.0,4.44,5.66,1.22,Race,Hispanic,Hispanic,57.0,34.0,62.6,58.6,2.39,2.69,,
2020-President-TX|NYT/Siena Oct,New York Times / Siena College,NYT/Siena,2020-President-TX,2020,President,TX,"October 20-25, 2020",2020-10-25,9,802,LV,43.0,47.0,4.44,5.66,1.22,Race,White,White,30.0,62.0,32.6,33.3,2.39,2.69,,
2020-President-TX|NYT/Siena Sep,New York Times / Siena College,NYT/Siena,2020-President-TX,2020,President,TX,"September 16-22, 2020",2020-09-22,42,653,LV,43.0,46.0,3.37,5.66,2.29,Age,18-29,18-29,60.0,15.0,80.0,58.8,17.57,7.2,,
2020-President-TX|NYT/Siena Sep,New York Times / Siena College,NYT/Siena,2020-President-TX,2020,President,TX,"September 16-22, 2020",2020-09-22,42,653,LV,43.0,46.0,3.37,5.66,2.29,Age,30-44,30-44,45.0,43.0,51.1,49.6,17.57,7.2,,
2020-President-TX|NYT/Siena Sep,New York Times / Siena College,NYT/Siena,2020-President-TX,2020,President,TX,"September 16-22, 2020",2020-09-22,42,653,LV,43.0,46.0,3.37,5.66,2.29,Age,45-64,45-64,42.0,51.0,45.2,43.4,17.57,7.2,,
2020-President-TX|NYT/Siena Sep,New York Times / Siena College,NYT/Siena,2020-President-TX,2020,President,TX,"September 16-22, 2020",2020-09-22,42,653,LV,43.0,46.0,3.37,5.66,2.29,Age,65+,65+,34.0,61.0,35.8,41.4,17.57,7.2,,
2020-President-TX|NYT/Siena Sep,New York Times / Siena College,NYT/Siena,2020-President-TX,2020,President,TX,"September 16-22, 2020",2020-09-22,42,653,LV,43.0,46.0,3.37,5.66,2.29,Gender,Men,Men,36.0,52.0,40.9,41.2,1.56,7.2,,
2020-President-TX|NYT/Siena Sep,New York Times / Siena College,NYT/Siena,2020-President-TX,2020,President,TX,"September 16-22, 2020",2020-09-22,42,653,LV,43.0,46.0,3.37,5.66,2.29,Gender,Women,Women,49.0,41.0,54.4,51.5,1.56,7.2,,
2020-President-TX|NYT/Siena Sep,New York Times / Siena College,NYT/Siena,2020-President-TX,2020,President,TX,"September 16-22, 2020",2020-09-22,42,653,LV,43.0,46.0,3.37,5.66,2.29,Race,Black,Black,71.0,7.0,91.0,90.9,2.48,7.2,,
2020-President-TX|NYT/Siena Sep,New York Times / Siena College,NYT/Siena,2020-President-TX,2020,President,TX,"September 16-22, 2020",2020-09-22,42,653,LV,43.0,46.0,3.37,5.66,2.29,Race,Hispanic,Hispanic,57.0,32.0,64.0,58.6,2.48,7.2,,
2020-President-TX|NYT/Siena Sep,New York Times / Siena College,NYT/Siena,2020-President-TX,2020,President,TX,"September 16-22, 2020",2020-09-22,42,653,LV,43.0,46.0,3.37,5.66,2.29,Race,White,White,28.0,64.0,30.4,33.3,2.48,7.2,,
"2020-President-WI|Marquette August 30-September 3, 2020",Marquette Law School Poll,Marquette,2020-President-WI,2020,President,WI,"August 30-September 3, 2020",2020-09-03,61,685,LV,52.2,47.8,-4.4,-0.64,3.76,Age,18-29,18-29,67.9,32.1,,,,1.85,midfield_2020_2022,
"2020-President-WI|Marquette August 30-September 3, 2020",Marquette Law School Poll,Marquette,2020-President-WI,2020,President,WI,"August 30-September 3, 2020",2020-09-03,61,685,LV,52.2,47.8,-4.4,-0.64,3.76,Age,30-44,30-44,55.7,44.3,,,,1.85,midfield_2020_2022,
"2020-President-WI|Marquette August 30-September 3, 2020",Marquette Law School Poll,Marquette,2020-President-WI,2020,President,WI,"August 30-September 3, 2020",2020-09-03,61,685,LV,52.2,47.8,-4.4,-0.64,3.76,Age,45-59,45-59,44.1,55.9,,,,1.85,midfield_2020_2022,
"2020-President-WI|Marquette August 30-September 3, 2020",Marquette Law School Poll,Marquette,2020-President-WI,2020,President,WI,"August 30-September 3, 2020",2020-09-03,61,685,LV,52.2,47.8,-4.4,-0.64,3.76,Age,60+,60+,52.1,47.9,,,,1.85,midfield_2020_2022,
"2020-President-WI|Marquette August 30-September 3, 2020",Marquette Law School Poll,Marquette,2020-President-WI,2020,President,WI,"August 30-September 3, 2020",2020-09-03,61,685,LV,52.2,47.8,-4.4,-0.64,3.76,Education,B.A.+,B.A.+,59.1,40.9,59.1,58.2,0.33,1.85,midfield_2020_2022,
"2020-President-WI|Marquette August 30-September 3, 2020",Marquette Law School Poll,Marquette,2020-President-WI,2020,President,WI,"August 30-September 3, 2020",2020-09-03,61,685,LV,52.2,47.8,-4.4,-0.64,3.76,Education,No B.A.,No B.A.,48.0,52.0,48.0,46.6,0.33,1.85,midfield_2020_2022,
"2020-President-WI|Marquette August 30-September 3, 2020",Marquette Law School Poll,Marquette,2020-President-WI,2020,President,WI,"August 30-September 3, 2020",2020-09-03,61,685,LV,52.2,47.8,-4.4,-0.64,3.76,Gender,Men,Men,45.1,54.9,45.1,44.9,0.8,1.85,midfield_2020_2022,
"2020-President-WI|Marquette August 30-September 3, 2020",Marquette Law School Poll,Marquette,2020-President-WI,2020,President,WI,"August 30-September 3, 2020",2020-09-03,61,685,LV,52.2,47.8,-4.4,-0.64,3.76,Gender,Women,Women,58.7,41.3,58.7,56.6,0.8,1.85,midfield_2020_2022,
"2020-President-WI|Marquette August 30-September 3, 2020",Marquette Law School Poll,Marquette,2020-President-WI,2020,President,WI,"August 30-September 3, 2020",2020-09-03,61,685,LV,52.2,47.8,-4.4,-0.64,3.76,Race,Black,Black,93.0,7.0,93.0,92.0,4.43,1.85,midfield_2020_2022,
"2020-President-WI|Marquette August 30-September 3, 2020",Marquette Law School Poll,Marquette,2020-President-WI,2020,President,WI,"August 30-September 3, 2020",2020-09-03,61,685,LV,52.2,47.8,-4.4,-0.64,3.76,Race,Hispanic,Hispanic,77.8,22.2,77.8,61.9,4.43,1.85,midfield_2020_2022,
"2020-President-WI|Marquette August 30-September 3, 2020",Marquette Law School Poll,Marquette,2020-President-WI,2020,President,WI,"August 30-September 3, 2020",2020-09-03,61,685,LV,52.2,47.8,-4.4,-0.64,3.76,Race,Other,Other,46.6,53.4,,,4.43,1.85,midfield_2020_2022,
"2020-President-WI|Marquette August 30-September 3, 2020",Marquette Law School Poll,Marquette,2020-President-WI,2020,President,WI,"August 30-September 3, 2020",2020-09-03,61,685,LV,52.2,47.8,-4.4,-0.64,3.76,Race,White,White,50.0,50.0,50.0,46.9,4.43,1.85,midfield_2020_2022,
"2020-President-WI|Marquette September 30-October 4, 2020",Marquette Law School Poll,Marquette,2020-President-WI,2020,President,WI,"September 30-October 4, 2020",2020-10-04,30,700,LV,52.8,47.2,-5.6,-0.64,4.96,Age,18-29,18-29,66.3,33.7,,,,2.87,midfield_2020_2022,
"2020-President-WI|Marquette September 30-October 4, 2020",Marquette Law School Poll,Marquette,2020-President-WI,2020,President,WI,"September 30-October 4, 2020",2020-10-04,30,700,LV,52.8,47.2,-5.6,-0.64,4.96,Age,30-44,30-44,47.1,52.9,,,,2.87,midfield_2020_2022,
"2020-President-WI|Marquette September 30-October 4, 2020",Marquette Law School Poll,Marquette,2020-President-WI,2020,President,WI,"September 30-October 4, 2020",2020-10-04,30,700,LV,52.8,47.2,-5.6,-0.64,4.96,Age,45-59,45-59,51.1,48.9,,,,2.87,midfield_2020_2022,
"2020-President-WI|Marquette September 30-October 4, 2020",Marquette Law School Poll,Marquette,2020-President-WI,2020,President,WI,"September 30-October 4, 2020",2020-10-04,30,700,LV,52.8,47.2,-5.6,-0.64,4.96,Age,60+,60+,51.1,48.9,,,,2.87,midfield_2020_2022,
"2020-President-WI|Marquette September 30-October 4, 2020",Marquette Law School Poll,Marquette,2020-President-WI,2020,President,WI,"September 30-October 4, 2020",2020-10-04,30,700,LV,52.8,47.2,-5.6,-0.64,4.96,Education,B.A.+,B.A.+,55.9,44.1,55.9,58.2,2.87,2.87,midfield_2020_2022,
"2020-President-WI|Marquette September 30-October 4, 2020",Marquette Law School Poll,Marquette,2020-President-WI,2020,President,WI,"September 30-October 4, 2020",2020-10-04,30,700,LV,52.8,47.2,-5.6,-0.64,4.96,Education,No B.A.,No B.A.,50.3,49.7,50.3,46.6,2.87,2.87,midfield_2020_2022,
"2020-President-WI|Marquette September 30-October 4, 2020",Marquette Law School Poll,Marquette,2020-President-WI,2020,President,WI,"September 30-October 4, 2020",2020-10-04,30,700,LV,52.8,47.2,-5.6,-0.64,4.96,Gender,Men,Men,45.1,54.9,45.1,44.9,0.97,2.87,midfield_2020_2022,
"2020-President-WI|Marquette September 30-October 4, 2020",Marquette Law School Poll,Marquette,2020-President-WI,2020,President,WI,"September 30-October 4, 2020",2020-10-04,30,700,LV,52.8,47.2,-5.6,-0.64,4.96,Gender,Women,Women,59.1,40.9,59.1,56.6,0.97,2.87,midfield_2020_2022,
"2020-President-WI|Marquette September 30-October 4, 2020",Marquette Law School Poll,Marquette,2020-President-WI,2020,President,WI,"September 30-October 4, 2020",2020-10-04,30,700,LV,52.8,47.2,-5.6,-0.64,4.96,Race,Black,Black,84.3,15.7,84.3,92.0,4.76,2.87,midfield_2020_2022,
"2020-President-WI|Marquette September 30-October 4, 2020",Marquette Law School Poll,Marquette,2020-President-WI,2020,President,WI,"September 30-October 4, 2020",2020-10-04,30,700,LV,52.8,47.2,-5.6,-0.64,4.96,Race,Hispanic,Hispanic,52.4,47.6,52.4,61.9,4.76,2.87,midfield_2020_2022,
"2020-President-WI|Marquette September 30-October 4, 2020",Marquette Law School Poll,Marquette,2020-President-WI,2020,President,WI,"September 30-October 4, 2020",2020-10-04,30,700,LV,52.8,47.2,-5.6,-0.64,4.96,Race,Other,Other,60.4,39.6,,,4.76,2.87,midfield_2020_2022,
"2020-President-WI|Marquette September 30-October 4, 2020",Marquette Law School Poll,Marquette,2020-President-WI,2020,President,WI,"September 30-October 4, 2020",2020-10-04,30,700,LV,52.8,47.2,-5.6,-0.64,4.96,Race,White,White,51.1,48.9,51.1,46.9,4.76,2.87,midfield_2020_2022,
"2020-Senate-AZ|Emerson August 8-10, 2020",Emerson College Polling,Emerson,2020-Senate-AZ,2020,Senate,AZ,"August 8-10, 2020",2020-08-10,85,661,RV,55.7,44.3,-11.4,-2.35,9.05,Age,18-29 years,18-29 years,50.0,50.0,,,,4.01,midfield_2020_2022,
"2020-Senate-AZ|Emerson August 8-10, 2020",Emerson College Polling,Emerson,2020-Senate-AZ,2020,Senate,AZ,"August 8-10, 2020",2020-08-10,85,661,RV,55.7,44.3,-11.4,-2.35,9.05,Age,30-49 years,30-49 years,50.0,50.0,,,,4.01,midfield_2020_2022,
"2020-Senate-AZ|Emerson August 8-10, 2020",Emerson College Polling,Emerson,2020-Senate-AZ,2020,Senate,AZ,"August 8-10, 2020",2020-08-10,85,661,RV,55.7,44.3,-11.4,-2.35,9.05,Age,50-64 years,50-64 years,50.0,50.0,,,,4.01,midfield_2020_2022,
"2020-Senate-AZ|Emerson August 8-10, 2020",Emerson College Polling,Emerson,2020-Senate-AZ,2020,Senate,AZ,"August 8-10, 2020",2020-08-10,85,661,RV,55.7,44.3,-11.4,-2.35,9.05,Age,65 or more years,65 or more years,50.0,50.0,,,,4.01,midfield_2020_2022,
"2020-Senate-AZ|Emerson August 8-10, 2020",Emerson College Polling,Emerson,2020-Senate-AZ,2020,Senate,AZ,"August 8-10, 2020",2020-08-10,85,661,RV,55.7,44.3,-11.4,-2.35,9.05,Education,B.A.+,B.A.+,50.0,50.0,50.0,54.7,3.0,4.01,midfield_2020_2022,
"2020-Senate-AZ|Emerson August 8-10, 2020",Emerson College Polling,Emerson,2020-Senate-AZ,2020,Senate,AZ,"August 8-10, 2020",2020-08-10,85,661,RV,55.7,44.3,-11.4,-2.35,9.05,Education,No B.A.,No B.A.,50.0,50.0,50.0,48.5,3.0,4.01,midfield_2020_2022,
"2020-Senate-AZ|Emerson August 8-10, 2020",Emerson College Polling,Emerson,2020-Senate-AZ,2020,Senate,AZ,"August 8-10, 2020",2020-08-10,85,661,RV,55.7,44.3,-11.4,-2.35,9.05,Gender,Female,Female,50.0,50.0,,,0.98,4.01,midfield_2020_2022,
"2020-Senate-AZ|Emerson August 8-10, 2020",Emerson College Polling,Emerson,2020-Senate-AZ,2020,Senate,AZ,"August 8-10, 2020",2020-08-10,85,661,RV,55.7,44.3,-11.4,-2.35,9.05,Gender,Male,Male,50.0,50.0,,,0.98,4.01,midfield_2020_2022,
"2020-Senate-AZ|Emerson August 8-10, 2020",Emerson College Polling,Emerson,2020-Senate-AZ,2020,Senate,AZ,"August 8-10, 2020",2020-08-10,85,661,RV,55.7,44.3,-11.4,-2.35,9.05,Race,Black or African American,Black or African American,50.0,50.0,,,8.04,4.01,midfield_2020_2022,
"2020-Senate-AZ|Emerson August 8-10, 2020",Emerson College Polling,Emerson,2020-Senate-AZ,2020,Senate,AZ,"August 8-10, 2020",2020-08-10,85,661,RV,55.7,44.3,-11.4,-2.35,9.05,Race,Hispanic or Latino of any race,Hispanic,50.0,50.0,50.0,65.0,8.04,4.01,midfield_2020_2022,
"2020-Senate-AZ|Emerson August 8-10, 2020",Emerson College Polling,Emerson,2020-Senate-AZ,2020,Senate,AZ,"August 8-10, 2020",2020-08-10,85,661,RV,55.7,44.3,-11.4,-2.35,9.05,Race,White or Caucasian,White,50.0,50.0,50.0,47.0,8.04,4.01,midfield_2020_2022,
"2020-Senate-IA|Monmouth July 30-August 3, 2020",Monmouth University Poll,Monmouth,2020-Senate-IA,2020,Senate,IA,"July 30-August 3, 2020",2020-08-03,92,401,RV,48.4,51.6,3.2,6.8,3.6,Age,18-49,18-49,46.6,53.4,,,,15.95,midfield_2020_2022,
"2020-Senate-IA|Monmouth July 30-August 3, 2020",Monmouth University Poll,Monmouth,2020-Senate-IA,2020,Senate,IA,"July 30-August 3, 2020",2020-08-03,92,401,RV,48.4,51.6,3.2,6.8,3.6,Age,50-64,50-64,53.8,46.2,,,,15.95,midfield_2020_2022,
"2020-Senate-IA|Monmouth July 30-August 3, 2020",Monmouth University Poll,Monmouth,2020-Senate-IA,2020,Senate,IA,"July 30-August 3, 2020",2020-08-03,92,401,RV,48.4,51.6,3.2,6.8,3.6,Age,65+,65+,60.9,39.1,,,,15.95,midfield_2020_2022,
"2020-Senate-IA|Monmouth July 30-August 3, 2020",Monmouth University Poll,Monmouth,2020-Senate-IA,2020,Senate,IA,"July 30-August 3, 2020",2020-08-03,92,401,RV,48.4,51.6,3.2,6.8,3.6,Education,Wht B.A.+,Wht B.A.+,46.2,53.8,,,,15.95,midfield_2020_2022,
"2020-Senate-IA|Monmouth July 30-August 3, 2020",Monmouth University Poll,Monmouth,2020-Senate-IA,2020,Senate,IA,"July 30-August 3, 2020",2020-08-03,92,401,RV,48.4,51.6,3.2,6.8,3.6,Education,Wht no B.A.,Wht no B.A.,55.9,44.1,,,,15.95,midfield_2020_2022,
"2020-Senate-IA|Monmouth July 30-August 3, 2020",Monmouth University Poll,Monmouth,2020-Senate-IA,2020,Senate,IA,"July 30-August 3, 2020",2020-08-03,92,401,RV,48.4,51.6,3.2,6.8,3.6,Gender,Men,Men,62.0,38.0,62.0,41.2,15.95,15.95,midfield_2020_2022,
"2020-Senate-IA|Monmouth July 30-August 3, 2020",Monmouth University Poll,Monmouth,2020-Senate-IA,2020,Senate,IA,"July 30-August 3, 2020",2020-08-03,92,401,RV,48.4,51.6,3.2,6.8,3.6,Gender,Women,Women,41.5,58.5,41.5,52.6,15.95,15.95,midfield_2020_2022,
"2020-Senate-NC|Emerson August 8-10, 2020",Emerson College Polling,Emerson,2020-Senate-NC,2020,Senate,NC,"August 8-10, 2020",2020-08-10,85,673,RV,51.7,48.3,-3.4,1.83,5.23,Age,18-29 years,18-29 years,50.0,50.0,,,,11.53,midfield_2020_2022,
"2020-Senate-NC|Emerson August 8-10, 2020",Emerson College Polling,Emerson,2020-Senate-NC,2020,Senate,NC,"August 8-10, 2020",2020-08-10,85,673,RV,51.7,48.3,-3.4,1.83,5.23,Age,30-49 years,30-49 years,50.0,50.0,,,,11.53,midfield_2020_2022,
"2020-Senate-NC|Emerson August 8-10, 2020",Emerson College Polling,Emerson,2020-Senate-NC,2020,Senate,NC,"August 8-10, 2020",2020-08-10,85,673,RV,51.7,48.3,-3.4,1.83,5.23,Age,50-64 years,50-64 years,50.0,50.0,,,,11.53,midfield_2020_2022,
"2020-Senate-NC|Emerson August 8-10, 2020",Emerson College Polling,Emerson,2020-Senate-NC,2020,Senate,NC,"August 8-10, 2020",2020-08-10,85,673,RV,51.7,48.3,-3.4,1.83,5.23,Age,65 or more years,65 or more years,50.0,50.0,,,,11.53,midfield_2020_2022,
"2020-Senate-NC|Emerson August 8-10, 2020",Emerson College Polling,Emerson,2020-Senate-NC,2020,Senate,NC,"August 8-10, 2020",2020-08-10,85,673,RV,51.7,48.3,-3.4,1.83,5.23,Education,B.A.+,B.A.+,50.0,50.0,50.0,59.3,7.95,11.53,midfield_2020_2022,
"2020-Senate-NC|Emerson August 8-10, 2020",Emerson College Polling,Emerson,2020-Senate-NC,2020,Senate,NC,"August 8-10, 2020",2020-08-10,85,673,RV,51.7,48.3,-3.4,1.83,5.23,Education,No B.A.,No B.A.,50.0,50.0,50.0,43.1,7.95,11.53,midfield_2020_2022,
"2020-Senate-NC|Emerson August 8-10, 2020",Emerson College Polling,Emerson,2020-Senate-NC,2020,Senate,NC,"August 8-10, 2020",2020-08-10,85,673,RV,51.7,48.3,-3.4,1.83,5.23,Gender,Female,Female,50.0,50.0,,,3.5,11.53,midfield_2020_2022,
"2020-Senate-NC|Emerson August 8-10, 2020",Emerson College Polling,Emerson,2020-Senate-NC,2020,Senate,NC,"August 8-10, 2020",2020-08-10,85,673,RV,51.7,48.3,-3.4,1.83,5.23,Gender,Male,Male,50.0,50.0,,,3.5,11.53,midfield_2020_2022,
"2020-Senate-NC|Emerson August 8-10, 2020",Emerson College Polling,Emerson,2020-Senate-NC,2020,Senate,NC,"August 8-10, 2020",2020-08-10,85,673,RV,51.7,48.3,-3.4,1.83,5.23,Race,Black or African American,Black,50.0,50.0,50.0,90.7,23.13,11.53,midfield_2020_2022,
"2020-Senate-NC|Emerson August 8-10, 2020",Emerson College Polling,Emerson,2020-Senate-NC,2020,Senate,NC,"August 8-10, 2020",2020-08-10,85,673,RV,51.7,48.3,-3.4,1.83,5.23,Race,White or Caucasian,White,50.0,50.0,50.0,33.3,23.13,11.53,midfield_2020_2022,
2020-Senate-TX|NYT/Siena Oct,New York Times / Siena College,NYT/Siena,2020-Senate-TX,2020,Senate,TX,"October 20-25, 2020",2020-10-25,9,802,LV,38.0,48.0,11.63,9.89,1.74,Age,18-29,18-29,48.0,31.0,60.8,57.3,3.36,2.57,,
2020-Senate-TX|NYT/Siena Oct,New York Times / Siena College,NYT/Siena,2020-Senate-TX,2020,Senate,TX,"October 20-25, 2020",2020-10-25,9,802,LV,38.0,48.0,11.63,9.89,1.74,Age,30-44,30-44,39.0,44.0,47.0,48.4,3.36,2.57,,
2020-Senate-TX|NYT/Siena Oct,New York Times / Siena College,NYT/Siena,2020-Senate-TX,2020,Senate,TX,"October 20-25, 2020",2020-10-25,9,802,LV,38.0,48.0,11.63,9.89,1.74,Age,45-64,45-64,35.0,54.0,39.3,42.4,3.36,2.57,,
2020-Senate-TX|NYT/Siena Oct,New York Times / Siena College,NYT/Siena,2020-Senate-TX,2020,Senate,TX,"October 20-25, 2020",2020-10-25,9,802,LV,38.0,48.0,11.63,9.89,1.74,Age,65+,65+,39.0,55.0,41.5,37.4,3.36,2.57,,
2020-Senate-TX|NYT/Siena Oct,New York Times / Siena College,NYT/Siena,2020-Senate-TX,2020,Senate,TX,"October 20-25, 2020",2020-10-25,9,802,LV,38.0,48.0,11.63,9.89,1.74,Gender,Men,Men,32.0,55.0,36.8,39.8,3.01,2.57,,
2020-Senate-TX|NYT/Siena Oct,New York Times / Siena College,NYT/Siena,2020-Senate-TX,2020,Senate,TX,"October 20-25, 2020",2020-10-25,9,802,LV,38.0,48.0,11.63,9.89,1.74,Gender,Women,Women,45.0,42.0,51.7,49.5,3.01,2.57,,
2020-Senate-TX|NYT/Siena Oct,New York Times / Siena College,NYT/Siena,2020-Senate-TX,2020,Senate,TX,"October 20-25, 2020",2020-10-25,9,802,LV,38.0,48.0,11.63,9.89,1.74,Race,Black,Black,74.0,12.0,86.0,88.8,1.34,2.57,,
2020-Senate-TX|NYT/Siena Oct,New York Times / Siena College,NYT/Siena,2020-Senate-TX,2020,Senate,TX,"October 20-25, 2020",2020-10-25,9,802,LV,38.0,48.0,11.63,9.89,1.74,Race,Hispanic,Hispanic,47.0,36.0,56.6,57.1,1.34,2.57,,
2020-Senate-TX|NYT/Siena Oct,New York Times / Siena College,NYT/Siena,2020-Senate-TX,2020,Senate,TX,"October 20-25, 2020",2020-10-25,9,802,LV,38.0,48.0,11.63,9.89,1.74,Race,White,White,28.0,62.0,31.1,30.6,1.34,2.57,,
2020-Senate-TX|NYT/Siena Sep,New York Times / Siena College,NYT/Siena,2020-Senate-TX,2020,Senate,TX,"September 16-22, 2020",2020-09-22,42,653,LV,37.0,43.0,7.5,9.89,2.39,Age,18-29,18-29,55.0,13.0,80.9,57.3,19.51,8.55,,
2020-Senate-TX|NYT/Siena Sep,New York Times / Siena College,NYT/Siena,2020-Senate-TX,2020,Senate,TX,"September 16-22, 2020",2020-09-22,42,653,LV,37.0,43.0,7.5,9.89,2.39,Age,30-44,30-44,35.0,36.0,49.3,48.4,19.51,8.55,,
2020-Senate-TX|NYT/Siena Sep,New York Times / Siena College,NYT/Siena,2020-Senate-TX,2020,Senate,TX,"September 16-22, 2020",2020-09-22,42,653,LV,37.0,43.0,7.5,9.89,2.39,Age,45-64,45-64,37.0,48.0,43.5,42.4,19.51,8.55,,
2020-Senate-TX|NYT/Siena Sep,New York Times / Siena College,NYT/Siena,2020-Senate-TX,2020,Senate,TX,"September 16-22, 2020",2020-09-22,42,653,LV,37.0,43.0,7.5,9.89,2.39,Age,65+,65+,28.0,60.0,31.8,37.4,19.51,8.55,,
2020-Senate-TX|NYT/Siena Sep,New York Times / Siena College,NYT/Siena,2020-Senate-TX,2020,Senate,TX,"September 16-22, 2020",2020-09-22,42,653,LV,37.0,43.0,7.5,9.89,2.39,Gender,Men,Men,30.0,50.0,37.5,39.8,3.47,8.55,,
2020-Senate-TX|NYT/Siena Sep,New York Times / Siena College,NYT/Siena,2020-Senate-TX,2020,Senate,TX,"September 16-22, 2020",2020-09-22,42,653,LV,37.0,43.0,7.5,9.89,2.39,Gender,Women,Women,43.0,37.0,53.8,49.5,3.47,8.55,,
2020-Senate-TX|NYT/Siena Sep,New York Times / Siena College,NYT/Siena,2020-Senate-TX,2020,Senate,TX,"September 16-22, 2020",2020-09-22,42,653,LV,37.0,43.0,7.5,9.89,2.39,Race,Black,Black,66.0,9.0,88.0,88.8,2.66,8.55,,
2020-Senate-TX|NYT/Siena Sep,New York Times / Siena College,NYT/Siena,2020-Senate-TX,2020,Senate,TX,"September 16-22, 2020",2020-09-22,42,653,LV,37.0,43.0,7.5,9.89,2.39,Race,Hispanic,Hispanic,52.0,32.0,61.9,57.1,2.66,8.55,,
2020-Senate-TX|NYT/Siena Sep,New York Times / Siena College,NYT/Siena,2020-Senate-TX,2020,Senate,TX,"September 16-22, 2020",2020-09-22,42,653,LV,37.0,43.0,7.5,9.89,2.39,Race,White,White,22.0,60.0,26.8,30.6,2.66,8.55,,
"2022-Governor-PA|F&M September 19-25, 2022",Franklin & Marshall College Poll,F&M,2022-Governor-PA,2022,Governor,PA,"September 19-25, 2022",2022-09-25,44,517,RV,58.0,42.0,-16.0,-15.04,0.96,Age,35-54,35-54,60.0,40.0,,,,0.04,midfield_2020_2022,
"2022-Governor-PA|F&M September 19-25, 2022",Franklin & Marshall College Poll,F&M,2022-Governor-PA,2022,Governor,PA,"September 19-25, 2022",2022-09-25,44,517,RV,58.0,42.0,-16.0,-15.04,0.96,Age,Over 55,Over 55,54.3,45.7,,,,0.04,midfield_2020_2022,
"2022-Governor-PA|F&M September 19-25, 2022",Franklin & Marshall College Poll,F&M,2022-Governor-PA,2022,Governor,PA,"September 19-25, 2022",2022-09-25,44,517,RV,58.0,42.0,-16.0,-15.04,0.96,Age,Under 35,Under 35,78.7,21.3,,,,0.04,midfield_2020_2022,
"2022-Governor-PA|F&M September 19-25, 2022",Franklin & Marshall College Poll,F&M,2022-Governor-PA,2022,Governor,PA,"September 19-25, 2022",2022-09-25,44,517,RV,58.0,42.0,-16.0,-15.04,0.96,Education,College degree,College degree,69.3,30.7,,,,0.04,midfield_2020_2022,
"2022-Governor-PA|F&M September 19-25, 2022",Franklin & Marshall College Poll,F&M,2022-Governor-PA,2022,Governor,PA,"September 19-25, 2022",2022-09-25,44,517,RV,58.0,42.0,-16.0,-15.04,0.96,Education,HS or less,HS or less,41.9,58.1,,,,0.04,midfield_2020_2022,
"2022-Governor-PA|F&M September 19-25, 2022",Franklin & Marshall College Poll,F&M,2022-Governor-PA,2022,Governor,PA,"September 19-25, 2022",2022-09-25,44,517,RV,58.0,42.0,-16.0,-15.04,0.96,Education,Some college,Some college,55.1,44.9,,,,0.04,midfield_2020_2022,
"2022-Governor-PA|F&M September 19-25, 2022",Franklin & Marshall College Poll,F&M,2022-Governor-PA,2022,Governor,PA,"September 19-25, 2022",2022-09-25,44,517,RV,58.0,42.0,-16.0,-15.04,0.96,Gender,Men,Men,50.6,49.4,50.6,49.0,0.04,0.04,midfield_2020_2022,
"2022-Governor-PA|F&M September 19-25, 2022",Franklin & Marshall College Poll,F&M,2022-Governor-PA,2022,Governor,PA,"September 19-25, 2022",2022-09-25,44,517,RV,58.0,42.0,-16.0,-15.04,0.96,Gender,Women,Women,65.2,34.8,65.2,63.0,0.04,0.04,midfield_2020_2022,
"2022-Governor-PA|F&M September 19-25, 2022",Franklin & Marshall College Poll,F&M,2022-Governor-PA,2022,Governor,PA,"September 19-25, 2022",2022-09-25,44,517,RV,58.0,42.0,-16.0,-15.04,0.96,Race,Nonwhite,Nonwhite,66.7,33.3,,,,0.04,midfield_2020_2022,
"2022-Governor-PA|F&M September 19-25, 2022",Franklin & Marshall College Poll,F&M,2022-Governor-PA,2022,Governor,PA,"September 19-25, 2022",2022-09-25,44,517,RV,58.0,42.0,-16.0,-15.04,0.96,Race,White,White,56.8,43.2,,,,0.04,midfield_2020_2022,
2022-Governor-TX|Emerson,Emerson College Polling / The Hill,Emerson,2022-Governor-TX,2022,Governor,TX,"October 17-19, 2022",2022-10-19,20,1000,very likely voters,42.0,52.0,10.64,11.08,0.44,Age,18-34 years,18-34 years,51.8,48.2,,,,9.45,,
2022-Governor-TX|Emerson,Emerson College Polling / The Hill,Emerson,2022-Governor-TX,2022,Governor,TX,"October 17-19, 2022",2022-10-19,20,1000,very likely voters,42.0,52.0,10.64,11.08,0.44,Age,35-49 years,35-49 years,51.4,48.6,,,,9.45,,
2022-Governor-TX|Emerson,Emerson College Polling / The Hill,Emerson,2022-Governor-TX,2022,Governor,TX,"October 17-19, 2022",2022-10-19,20,1000,very likely voters,42.0,52.0,10.64,11.08,0.44,Age,50-64 years,50-64 years,37.3,62.7,,,,9.45,,
2022-Governor-TX|Emerson,Emerson College Polling / The Hill,Emerson,2022-Governor-TX,2022,Governor,TX,"October 17-19, 2022",2022-10-19,20,1000,very likely voters,42.0,52.0,10.64,11.08,0.44,Age,65 years or over,65 years or over,44.5,55.5,,,,9.45,,
2022-Governor-TX|Emerson,Emerson College Polling / The Hill,Emerson,2022-Governor-TX,2022,Governor,TX,"October 17-19, 2022",2022-10-19,20,1000,very likely voters,42.0,52.0,10.64,11.08,0.44,Education,B.A.+,B.A.+,53.2,46.8,53.2,47.2,5.16,9.45,,
2022-Governor-TX|Emerson,Emerson College Polling / The Hill,Emerson,2022-Governor-TX,2022,Governor,TX,"October 17-19, 2022",2022-10-19,20,1000,very likely voters,42.0,52.0,10.64,11.08,0.44,Education,No B.A.,No B.A.,39.8,60.2,39.8,43.5,5.16,9.45,,
2022-Governor-TX|Emerson,Emerson College Polling / The Hill,Emerson,2022-Governor-TX,2022,Governor,TX,"October 17-19, 2022",2022-10-19,20,1000,very likely voters,42.0,52.0,10.64,11.08,0.44,Gender,Female,Female,51.8,48.2,,,3.5,9.45,,
2022-Governor-TX|Emerson,Emerson College Polling / The Hill,Emerson,2022-Governor-TX,2022,Governor,TX,"October 17-19, 2022",2022-10-19,20,1000,very likely voters,42.0,52.0,10.64,11.08,0.44,Gender,Male,Male,38.4,61.6,,,3.5,9.45,,
2022-Governor-TX|Emerson,Emerson College Polling / The Hill,Emerson,2022-Governor-TX,2022,Governor,TX,"October 17-19, 2022",2022-10-19,20,1000,very likely voters,42.0,52.0,10.64,11.08,0.44,Gender,Nonbinary or other,Nonbinary or other,45.5,54.5,,,3.5,9.45,,
2022-Governor-TX|Emerson,Emerson College Polling / The Hill,Emerson,2022-Governor-TX,2022,Governor,TX,"October 17-19, 2022",2022-10-19,20,1000,very likely voters,42.0,52.0,10.64,11.08,0.44,Race,Asian American or Pacific Islander,Asian,71.6,28.4,71.6,52.0,19.7,9.45,,
2022-Governor-TX|Emerson,Emerson College Polling / The Hill,Emerson,2022-Governor-TX,2022,Governor,TX,"October 17-19, 2022",2022-10-19,20,1000,very likely voters,42.0,52.0,10.64,11.08,0.44,Race,Black or African American,Black,79.0,21.0,79.0,84.8,19.7,9.45,,
2022-Governor-TX|Emerson,Emerson College Polling / The Hill,Emerson,2022-Governor-TX,2022,Governor,TX,"October 17-19, 2022",2022-10-19,20,1000,very likely voters,42.0,52.0,10.64,11.08,0.44,Race,Hispanic or Latino of any race,Hispanic,54.0,46.0,54.0,58.8,19.7,9.45,,
2022-Governor-TX|Emerson,Emerson College Polling / The Hill,Emerson,2022-Governor-TX,2022,Governor,TX,"October 17-19, 2022",2022-10-19,20,1000,very likely voters,42.0,52.0,10.64,11.08,0.44,Race,Other or multiple races (please specify),Other,45.1,54.9,45.1,31.6,19.7,9.45,,
2022-Governor-TX|Emerson,Emerson College Polling / The Hill,Emerson,2022-Governor-TX,2022,Governor,TX,"October 17-19, 2022",2022-10-19,20,1000,very likely voters,42.0,52.0,10.64,11.08,0.44,Race,White or Caucasian,White,34.1,65.9,34.1,33.3,19.7,9.45,,
"2022-Governor-WI|Marquette August 10-15, 2022",Marquette Law School Poll,Marquette,2022-Governor-WI,2022,Governor,WI,"August 10-15, 2022",2022-08-15,85,811,RV,51.1,48.9,-2.2,-3.43,1.23,Age,18-29,18-29,57.8,42.2,,,,4.5,midfield_2020_2022,
"2022-Governor-WI|Marquette August 10-15, 2022",Marquette Law School Poll,Marquette,2022-Governor-WI,2022,Governor,WI,"August 10-15, 2022",2022-08-15,85,811,RV,51.1,48.9,-2.2,-3.43,1.23,Age,30-44,30-44,44.3,55.7,,,,4.5,midfield_2020_2022,
"2022-Governor-WI|Marquette August 10-15, 2022",Marquette Law School Poll,Marquette,2022-Governor-WI,2022,Governor,WI,"August 10-15, 2022",2022-08-15,85,811,RV,51.1,48.9,-2.2,-3.43,1.23,Age,45-59,45-59,46.6,53.4,,,,4.5,midfield_2020_2022,
"2022-Governor-WI|Marquette August 10-15, 2022",Marquette Law School Poll,Marquette,2022-Governor-WI,2022,Governor,WI,"August 10-15, 2022",2022-08-15,85,811,RV,51.1,48.9,-2.2,-3.43,1.23,Age,60+,60+,54.3,45.7,,,,4.5,midfield_2020_2022,
"2022-Governor-WI|Marquette August 10-15, 2022",Marquette Law School Poll,Marquette,2022-Governor-WI,2022,Governor,WI,"August 10-15, 2022",2022-08-15,85,811,RV,51.1,48.9,-2.2,-3.43,1.23,Education,B.A.+,B.A.+,56.7,43.3,56.7,61.3,3.44,4.5,midfield_2020_2022,
"2022-Governor-WI|Marquette August 10-15, 2022",Marquette Law School Poll,Marquette,2022-Governor-WI,2022,Governor,WI,"August 10-15, 2022",2022-08-15,85,811,RV,51.1,48.9,-2.2,-3.43,1.23,Education,No B.A.,No B.A.,48.2,51.8,48.2,45.4,3.44,4.5,midfield_2020_2022,
"2022-Governor-WI|Marquette August 10-15, 2022",Marquette Law School Poll,Marquette,2022-Governor-WI,2022,Governor,WI,"August 10-15, 2022",2022-08-15,85,811,RV,51.1,48.9,-2.2,-3.43,1.23,Gender,Men,Men,40.0,60.0,40.0,45.5,4.55,4.5,midfield_2020_2022,
"2022-Governor-WI|Marquette August 10-15, 2022",Marquette Law School Poll,Marquette,2022-Governor-WI,2022,Governor,WI,"August 10-15, 2022",2022-08-15,85,811,RV,51.1,48.9,-2.2,-3.43,1.23,Gender,Women,Women,60.0,40.0,60.0,56.6,4.55,4.5,midfield_2020_2022,
"2022-Governor-WI|Marquette August 10-15, 2022",Marquette Law School Poll,Marquette,2022-Governor-WI,2022,Governor,WI,"August 10-15, 2022",2022-08-15,85,811,RV,51.1,48.9,-2.2,-3.43,1.23,Race,Black,Black,88.2,11.8,88.2,89.9,5.5,4.5,midfield_2020_2022,
"2022-Governor-WI|Marquette August 10-15, 2022",Marquette Law School Poll,Marquette,2022-Governor-WI,2022,Governor,WI,"August 10-15, 2022",2022-08-15,85,811,RV,51.1,48.9,-2.2,-3.43,1.23,Race,Hispanic,Hispanic,59.3,40.7,59.3,76.0,5.5,4.5,midfield_2020_2022,
"2022-Governor-WI|Marquette August 10-15, 2022",Marquette Law School Poll,Marquette,2022-Governor-WI,2022,Governor,WI,"August 10-15, 2022",2022-08-15,85,811,RV,51.1,48.9,-2.2,-3.43,1.23,Race,Other,Other,46.9,53.1,,,5.5,4.5,midfield_2020_2022,
"2022-Governor-WI|Marquette August 10-15, 2022",Marquette Law School Poll,Marquette,2022-Governor-WI,2022,Governor,WI,"August 10-15, 2022",2022-08-15,85,811,RV,51.1,48.9,-2.2,-3.43,1.23,Race,White,White,49.4,50.6,49.4,47.5,5.5,4.5,midfield_2020_2022,
"2022-Governor-WI|Marquette September 6-11, 2022",Marquette Law School Poll,Marquette,2022-Governor-WI,2022,Governor,WI,"September 6-11, 2022",2022-09-11,58,607,LV,51.7,48.3,-3.4,-3.43,0.03,Age,18-29,18-29,47.9,52.1,,,,5.51,midfield_2020_2022,
"2022-Governor-WI|Marquette September 6-11, 2022",Marquette Law School Poll,Marquette,2022-Governor-WI,2022,Governor,WI,"September 6-11, 2022",2022-09-11,58,607,LV,51.7,48.3,-3.4,-3.43,0.03,Age,30-44,30-44,51.6,48.4,,,,5.51,midfield_2020_2022,
"2022-Governor-WI|Marquette September 6-11, 2022",Marquette Law School Poll,Marquette,2022-Governor-WI,2022,Governor,WI,"September 6-11, 2022",2022-09-11,58,607,LV,51.7,48.3,-3.4,-3.43,0.03,Age,45-59,45-59,48.9,51.1,,,,5.51,midfield_2020_2022,
"2022-Governor-WI|Marquette September 6-11, 2022",Marquette Law School Poll,Marquette,2022-Governor-WI,2022,Governor,WI,"September 6-11, 2022",2022-09-11,58,607,LV,51.7,48.3,-3.4,-3.43,0.03,Age,60+,60+,53.6,46.4,,,,5.51,midfield_2020_2022,
"2022-Governor-WI|Marquette September 6-11, 2022",Marquette Law School Poll,Marquette,2022-Governor-WI,2022,Governor,WI,"September 6-11, 2022",2022-09-11,58,607,LV,51.7,48.3,-3.4,-3.43,0.03,Education,B.A.+,B.A.+,58.7,41.3,58.7,61.3,1.74,5.51,midfield_2020_2022,
"2022-Governor-WI|Marquette September 6-11, 2022",Marquette Law School Poll,Marquette,2022-Governor-WI,2022,Governor,WI,"September 6-11, 2022",2022-09-11,58,607,LV,51.7,48.3,-3.4,-3.43,0.03,Education,No B.A.,No B.A.,46.6,53.4,46.6,45.4,1.74,5.51,midfield_2020_2022,
"2022-Governor-WI|Marquette September 6-11, 2022",Marquette Law School Poll,Marquette,2022-Governor-WI,2022,Governor,WI,"September 6-11, 2022",2022-09-11,58,607,LV,51.7,48.3,-3.4,-3.43,0.03,Gender,Men,Men,44.0,56.0,44.0,45.5,1.5,5.51,midfield_2020_2022,
"2022-Governor-WI|Marquette September 6-11, 2022",Marquette Law School Poll,Marquette,2022-Governor-WI,2022,Governor,WI,"September 6-11, 2022",2022-09-11,58,607,LV,51.7,48.3,-3.4,-3.43,0.03,Gender,Women,Women,58.2,41.8,58.2,56.6,1.5,5.51,midfield_2020_2022,
"2022-Governor-WI|Marquette September 6-11, 2022",Marquette Law School Poll,Marquette,2022-Governor-WI,2022,Governor,WI,"September 6-11, 2022",2022-09-11,58,607,LV,51.7,48.3,-3.4,-3.43,0.03,Race,Black,Black,92.7,7.3,92.7,89.9,13.3,5.51,midfield_2020_2022,
"2022-Governor-WI|Marquette September 6-11, 2022",Marquette Law School Poll,Marquette,2022-Governor-WI,2022,Governor,WI,"September 6-11, 2022",2022-09-11,58,607,LV,51.7,48.3,-3.4,-3.43,0.03,Race,Hispanic,Hispanic,41.0,59.0,41.0,76.0,13.3,5.51,midfield_2020_2022,
"2022-Governor-WI|Marquette September 6-11, 2022",Marquette Law School Poll,Marquette,2022-Governor-WI,2022,Governor,WI,"September 6-11, 2022",2022-09-11,58,607,LV,51.7,48.3,-3.4,-3.43,0.03,Race,Other,Other,48.1,51.9,,,13.3,5.51,midfield_2020_2022,
"2022-Governor-WI|Marquette September 6-11, 2022",Marquette Law School Poll,Marquette,2022-Governor-WI,2022,Governor,WI,"September 6-11, 2022",2022-09-11,58,607,LV,51.7,48.3,-3.4,-3.43,0.03,Race,White,White,50.0,50.0,50.0,47.5,13.3,5.51,midfield_2020_2022,
"2022-Senate-PA|F&M September 19-25, 2022",Franklin & Marshall College Poll,F&M,2022-Senate-PA,2022,Senate,PA,"September 19-25, 2022",2022-09-25,44,517,RV,51.7,48.3,-3.4,-5.04,1.64,Age,35-54,35-54,56.0,44.0,,,,1.44,midfield_2020_2022,
"2022-Senate-PA|F&M September 19-25, 2022",Franklin & Marshall College Poll,F&M,2022-Senate-PA,2022,Senate,PA,"September 19-25, 2022",2022-09-25,44,517,RV,51.7,48.3,-3.4,-5.04,1.64,Age,Over 55,Over 55,46.2,53.8,,,,1.44,midfield_2020_2022,
"2022-Senate-PA|F&M September 19-25, 2022",Franklin & Marshall College Poll,F&M,2022-Senate-PA,2022,Senate,PA,"September 19-25, 2022",2022-09-25,44,517,RV,51.7,48.3,-3.4,-5.04,1.64,Age,Under 35,Under 35,81.9,18.1,,,,1.44,midfield_2020_2022,
"2022-Senate-PA|F&M September 19-25, 2022",Franklin & Marshall College Poll,F&M,2022-Senate-PA,2022,Senate,PA,"September 19-25, 2022",2022-09-25,44,517,RV,51.7,48.3,-3.4,-5.04,1.64,Education,College degree,College degree,59.6,40.4,,,,1.44,midfield_2020_2022,
"2022-Senate-PA|F&M September 19-25, 2022",Franklin & Marshall College Poll,F&M,2022-Senate-PA,2022,Senate,PA,"September 19-25, 2022",2022-09-25,44,517,RV,51.7,48.3,-3.4,-5.04,1.64,Education,HS or less,HS or less,34.5,65.5,,,,1.44,midfield_2020_2022,
"2022-Senate-PA|F&M September 19-25, 2022",Franklin & Marshall College Poll,F&M,2022-Senate-PA,2022,Senate,PA,"September 19-25, 2022",2022-09-25,44,517,RV,51.7,48.3,-3.4,-5.04,1.64,Education,Some college,Some college,54.0,46.0,,,,1.44,midfield_2020_2022,
"2022-Senate-PA|F&M September 19-25, 2022",Franklin & Marshall College Poll,F&M,2022-Senate-PA,2022,Senate,PA,"September 19-25, 2022",2022-09-25,44,517,RV,51.7,48.3,-3.4,-5.04,1.64,Gender,Men,Men,46.4,53.6,46.4,44.9,1.44,1.44,midfield_2020_2022,
"2022-Senate-PA|F&M September 19-25, 2022",Franklin & Marshall College Poll,F&M,2022-Senate-PA,2022,Senate,PA,"September 19-25, 2022",2022-09-25,44,517,RV,51.7,48.3,-3.4,-5.04,1.64,Gender,Women,Women,56.7,43.3,56.7,58.2,1.44,1.44,midfield_2020_2022,
"2022-Senate-PA|F&M September 19-25, 2022",Franklin & Marshall College Poll,F&M,2022-Senate-PA,2022,Senate,PA,"September 19-25, 2022",2022-09-25,44,517,RV,51.7,48.3,-3.4,-5.04,1.64,Race,Nonwhite,Nonwhite,56.2,43.8,,,,1.44,midfield_2020_2022,
"2022-Senate-PA|F&M September 19-25, 2022",Franklin & Marshall College Poll,F&M,2022-Senate-PA,2022,Senate,PA,"September 19-25, 2022",2022-09-25,44,517,RV,51.7,48.3,-3.4,-5.04,1.64,Race,White,White,51.7,48.3,,,,1.44,midfield_2020_2022,
"2022-Senate-WI|Marquette August 10-15, 2022",Marquette Law School Poll,Marquette,2022-Senate-WI,2022,Senate,WI,"August 10-15, 2022",2022-08-15,85,811,RV,53.7,46.3,-7.4,1.01,8.41,Age,18-29,18-29,47.3,52.7,,,,6.21,midfield_2020_2022,
"2022-Senate-WI|Marquette August 10-15, 2022",Marquette Law School Poll,Marquette,2022-Senate-WI,2022,Senate,WI,"August 10-15, 2022",2022-08-15,85,811,RV,53.7,46.3,-7.4,1.01,8.41,Age,30-44,30-44,53.8,46.2,,,,6.21,midfield_2020_2022,
"2022-Senate-WI|Marquette August 10-15, 2022",Marquette Law School Poll,Marquette,2022-Senate-WI,2022,Senate,WI,"August 10-15, 2022",2022-08-15,85,811,RV,53.7,46.3,-7.4,1.01,8.41,Age,45-59,45-59,48.4,51.6,,,,6.21,midfield_2020_2022,
"2022-Senate-WI|Marquette August 10-15, 2022",Marquette Law School Poll,Marquette,2022-Senate-WI,2022,Senate,WI,"August 10-15, 2022",2022-08-15,85,811,RV,53.7,46.3,-7.4,1.01,8.41,Age,60+,60+,58.2,41.8,,,,6.21,midfield_2020_2022,
"2022-Senate-WI|Marquette August 10-15, 2022",Marquette Law School Poll,Marquette,2022-Senate-WI,2022,Senate,WI,"August 10-15, 2022",2022-08-15,85,811,RV,53.7,46.3,-7.4,1.01,8.41,Education,B.A.+,B.A.+,57.4,42.6,57.4,59.3,4.87,6.21,midfield_2020_2022,
"2022-Senate-WI|Marquette August 10-15, 2022",Marquette Law School Poll,Marquette,2022-Senate-WI,2022,Senate,WI,"August 10-15, 2022",2022-08-15,85,811,RV,53.7,46.3,-7.4,1.01,8.41,Education,No B.A.,No B.A.,51.2,48.8,51.2,43.4,4.87,6.21,midfield_2020_2022,
"2022-Senate-WI|Marquette August 10-15, 2022",Marquette Law School Poll,Marquette,2022-Senate-WI,2022,Senate,WI,"August 10-15, 2022",2022-08-15,85,811,RV,53.7,46.3,-7.4,1.01,8.41,Gender,Men,Men,41.9,58.1,41.9,44.0,5.05,6.21,midfield_2020_2022,
"2022-Senate-WI|Marquette August 10-15, 2022",Marquette Law School Poll,Marquette,2022-Senate-WI,2022,Senate,WI,"August 10-15, 2022",2022-08-15,85,811,RV,53.7,46.3,-7.4,1.01,8.41,Gender,Women,Women,63.9,36.1,63.9,54.5,5.05,6.21,midfield_2020_2022,
"2022-Senate-WI|Marquette August 10-15, 2022",Marquette Law School Poll,Marquette,2022-Senate-WI,2022,Senate,WI,"August 10-15, 2022",2022-08-15,85,811,RV,53.7,46.3,-7.4,1.01,8.41,Race,Black,Black,91.9,8.1,91.9,90.0,8.72,6.21,midfield_2020_2022,
"2022-Senate-WI|Marquette August 10-15, 2022",Marquette Law School Poll,Marquette,2022-Senate-WI,2022,Senate,WI,"August 10-15, 2022",2022-08-15,85,811,RV,53.7,46.3,-7.4,1.01,8.41,Race,Hispanic,Hispanic,52.2,47.8,52.2,74.0,8.72,6.21,midfield_2020_2022,
"2022-Senate-WI|Marquette August 10-15, 2022",Marquette Law School Poll,Marquette,2022-Senate-WI,2022,Senate,WI,"August 10-15, 2022",2022-08-15,85,811,RV,53.7,46.3,-7.4,1.01,8.41,Race,Other,Other,59.1,40.9,,,8.72,6.21,midfield_2020_2022,
"2022-Senate-WI|Marquette August 10-15, 2022",Marquette Law School Poll,Marquette,2022-Senate-WI,2022,Senate,WI,"August 10-15, 2022",2022-08-15,85,811,RV,53.7,46.3,-7.4,1.01,8.41,Race,White,White,51.5,48.5,51.5,45.0,8.72,6.21,midfield_2020_2022,
"2022-Senate-WI|Marquette September 6-11, 2022",Marquette Law School Poll,Marquette,2022-Senate-WI,2022,Senate,WI,"September 6-11, 2022",2022-09-11,58,606,LV,49.5,50.5,1.0,1.01,0.01,Age,18-29,18-29,35.0,65.0,,,,6.32,midfield_2020_2022,
"2022-Senate-WI|Marquette September 6-11, 2022",Marquette Law School Poll,Marquette,2022-Senate-WI,2022,Senate,WI,"September 6-11, 2022",2022-09-11,58,606,LV,49.5,50.5,1.0,1.01,0.01,Age,30-44,30-44,52.6,47.4,,,,6.32,midfield_2020_2022,
"2022-Senate-WI|Marquette September 6-11, 2022",Marquette Law School Poll,Marquette,2022-Senate-WI,2022,Senate,WI,"September 6-11, 2022",2022-09-11,58,606,LV,49.5,50.5,1.0,1.01,0.01,Age,45-59,45-59,49.0,51.0,,,,6.32,midfield_2020_2022,
"2022-Senate-WI|Marquette September 6-11, 2022",Marquette Law School Poll,Marquette,2022-Senate-WI,2022,Senate,WI,"September 6-11, 2022",2022-09-11,58,606,LV,49.5,50.5,1.0,1.01,0.01,Age,60+,60+,51.0,49.0,,,,6.32,midfield_2020_2022,
"2022-Senate-WI|Marquette September 6-11, 2022",Marquette Law School Poll,Marquette,2022-Senate-WI,2022,Senate,WI,"September 6-11, 2022",2022-09-11,58,606,LV,49.5,50.5,1.0,1.01,0.01,Education,B.A.+,B.A.+,56.1,43.9,56.1,59.3,1.74,6.32,midfield_2020_2022,
"2022-Senate-WI|Marquette September 6-11, 2022",Marquette Law School Poll,Marquette,2022-Senate-WI,2022,Senate,WI,"September 6-11, 2022",2022-09-11,58,606,LV,49.5,50.5,1.0,1.01,0.01,Education,No B.A.,No B.A.,44.1,55.9,44.1,43.4,1.74,6.32,midfield_2020_2022,
"2022-Senate-WI|Marquette September 6-11, 2022",Marquette Law School Poll,Marquette,2022-Senate-WI,2022,Senate,WI,"September 6-11, 2022",2022-09-11,58,606,LV,49.5,50.5,1.0,1.01,0.01,Gender,Men,Men,40.8,59.2,40.8,44.0,2.8,6.32,midfield_2020_2022,
"2022-Senate-WI|Marquette September 6-11, 2022",Marquette Law School Poll,Marquette,2022-Senate-WI,2022,Senate,WI,"September 6-11, 2022",2022-09-11,58,606,LV,49.5,50.5,1.0,1.01,0.01,Gender,Women,Women,56.7,43.3,56.7,54.5,2.8,6.32,midfield_2020_2022,
"2022-Senate-WI|Marquette September 6-11, 2022",Marquette Law School Poll,Marquette,2022-Senate-WI,2022,Senate,WI,"September 6-11, 2022",2022-09-11,58,606,LV,49.5,50.5,1.0,1.01,0.01,Race,Black,Black,71.0,29.0,71.0,90.0,14.42,6.32,midfield_2020_2022,
"2022-Senate-WI|Marquette September 6-11, 2022",Marquette Law School Poll,Marquette,2022-Senate-WI,2022,Senate,WI,"September 6-11, 2022",2022-09-11,58,606,LV,49.5,50.5,1.0,1.01,0.01,Race,Hispanic,Hispanic,32.0,68.0,32.0,74.0,14.42,6.32,midfield_2020_2022,
"2022-Senate-WI|Marquette September 6-11, 2022",Marquette Law School Poll,Marquette,2022-Senate-WI,2022,Senate,WI,"September 6-11, 2022",2022-09-11,58,606,LV,49.5,50.5,1.0,1.01,0.01,Race,Other,Other,34.8,65.2,,,14.42,6.32,midfield_2020_2022,
"2022-Senate-WI|Marquette September 6-11, 2022",Marquette Law School Poll,Marquette,2022-Senate-WI,2022,Senate,WI,"September 6-11, 2022",2022-09-11,58,606,LV,49.5,50.5,1.0,1.01,0.01,Race,White,White,49.5,50.5,49.5,45.0,14.42,6.32,midfield_2020_2022,
"2024-Governor-NC|Fox August 23-26, 2024",Fox News / Beacon Research (D) & Shaw & Company Research (R),Fox News,2024-Governor-NC,2024,Governor,NC,"August 23-26, 2024",2024-08-26,71,999,RV,56.2,43.8,-12.4,-15.59,3.19,Age,Age 45+,Age 45+,54.6,45.4,,,,3.06,midfield_2024,
"2024-Governor-NC|Fox August 23-26, 2024",Fox News / Beacon Research (D) & Shaw & Company Research (R),Fox News,2024-Governor-NC,2024,Governor,NC,"August 23-26, 2024",2024-08-26,71,999,RV,56.2,43.8,-12.4,-15.59,3.19,Age,Age 65+,Age 65+,55.8,44.2,,,,3.06,midfield_2024,
"2024-Governor-NC|Fox August 23-26, 2024",Fox News / Beacon Research (D) & Shaw & Company Research (R),Fox News,2024-Governor-NC,2024,Governor,NC,"August 23-26, 2024",2024-08-26,71,999,RV,56.2,43.8,-12.4,-15.59,3.19,Age,Under Age 35,Under Age 35,59.1,40.9,,,,3.06,midfield_2024,
"2024-Governor-NC|Fox August 23-26, 2024",Fox News / Beacon Research (D) & Shaw & Company Research (R),Fox News,2024-Governor-NC,2024,Governor,NC,"August 23-26, 2024",2024-08-26,71,999,RV,56.2,43.8,-12.4,-15.59,3.19,Age,Under Age 45,Under Age 45,57.9,42.1,,,,3.06,midfield_2024,
"2024-Governor-NC|Fox August 23-26, 2024",Fox News / Beacon Research (D) & Shaw & Company Research (R),Fox News,2024-Governor-NC,2024,Governor,NC,"August 23-26, 2024",2024-08-26,71,999,RV,56.2,43.8,-12.4,-15.59,3.19,Education,B.A.+,B.A.+,60.2,39.8,60.2,68.5,4.86,3.06,midfield_2024,
"2024-Governor-NC|Fox August 23-26, 2024",Fox News / Beacon Research (D) & Shaw & Company Research (R),Fox News,2024-Governor-NC,2024,Governor,NC,"August 23-26, 2024",2024-08-26,71,999,RV,56.2,43.8,-12.4,-15.59,3.19,Education,No B.A.,No B.A.,53.7,46.3,53.7,50.2,4.86,3.06,midfield_2024,
"2024-Governor-NC|Fox August 23-26, 2024",Fox News / Beacon Research (D) & Shaw & Company Research (R),Fox News,2024-Governor-NC,2024,Governor,NC,"August 23-26, 2024",2024-08-26,71,999,RV,56.2,43.8,-12.4,-15.59,3.19,Gender,Men,Men,50.0,50.0,50.0,50.5,1.25,3.06,midfield_2024,
"2024-Governor-NC|Fox August 23-26, 2024",Fox News / Beacon Research (D) & Shaw & Company Research (R),Fox News,2024-Governor-NC,2024,Governor,NC,"August 23-26, 2024",2024-08-26,71,999,RV,56.2,43.8,-12.4,-15.59,3.19,Gender,Women,Women,60.4,39.6,60.4,64.2,1.25,3.06,midfield_2024,
"2024-Governor-NC|Fox August 23-26, 2024",Fox News / Beacon Research (D) & Shaw & Company Research (R),Fox News,2024-Governor-NC,2024,Governor,NC,"August 23-26, 2024",2024-08-26,71,999,RV,56.2,43.8,-12.4,-15.59,3.19,Race,Nonwhite,Nonwhite,80.0,20.0,,,,3.06,midfield_2024,
"2024-Governor-NC|Fox August 23-26, 2024",Fox News / Beacon Research (D) & Shaw & Company Research (R),Fox News,2024-Governor-NC,2024,Governor,NC,"August 23-26, 2024",2024-08-26,71,999,RV,56.2,43.8,-12.4,-15.59,3.19,Race,White,White,47.4,52.6,,,,3.06,midfield_2024,
"2024-Governor-NC|Fox September 20-24, 2024",Fox News / Beacon Research (D) & Shaw & Company Research (R),Fox News,2024-Governor-NC,2024,Governor,NC,"September 20-24, 2024",2024-09-24,42,991,RV,58.3,41.7,-16.6,-15.59,1.01,Age,Age 45+,Age 45+,59.4,40.6,,,,1.47,midfield_2024,
"2024-Governor-NC|Fox September 20-24, 2024",Fox News / Beacon Research (D) & Shaw & Company Research (R),Fox News,2024-Governor-NC,2024,Governor,NC,"September 20-24, 2024",2024-09-24,42,991,RV,58.3,41.7,-16.6,-15.59,1.01,Age,Age 65+,Age 65+,61.1,38.9,,,,1.47,midfield_2024,
"2024-Governor-NC|Fox September 20-24, 2024",Fox News / Beacon Research (D) & Shaw & Company Research (R),Fox News,2024-Governor-NC,2024,Governor,NC,"September 20-24, 2024",2024-09-24,42,991,RV,58.3,41.7,-16.6,-15.59,1.01,Age,Under Age 35,Under Age 35,52.1,47.9,,,,1.47,midfield_2024,
"2024-Governor-NC|Fox September 20-24, 2024",Fox News / Beacon Research (D) & Shaw & Company Research (R),Fox News,2024-Governor-NC,2024,Governor,NC,"September 20-24, 2024",2024-09-24,42,991,RV,58.3,41.7,-16.6,-15.59,1.01,Age,Under Age 45,Under Age 45,56.2,43.8,,,,1.47,midfield_2024,
"2024-Governor-NC|Fox September 20-24, 2024",Fox News / Beacon Research (D) & Shaw & Company Research (R),Fox News,2024-Governor-NC,2024,Governor,NC,"September 20-24, 2024",2024-09-24,42,991,RV,58.3,41.7,-16.6,-15.59,1.01,Education,B.A.+,B.A.+,67.7,32.3,67.7,68.5,1.44,1.47,midfield_2024,
"2024-Governor-NC|Fox September 20-24, 2024",Fox News / Beacon Research (D) & Shaw & Company Research (R),Fox News,2024-Governor-NC,2024,Governor,NC,"September 20-24, 2024",2024-09-24,42,991,RV,58.3,41.7,-16.6,-15.59,1.01,Education,No B.A.,No B.A.,52.6,47.4,52.6,50.2,1.44,1.47,midfield_2024,
"2024-Governor-NC|Fox September 20-24, 2024",Fox News / Beacon Research (D) & Shaw & Company Research (R),Fox News,2024-Governor-NC,2024,Governor,NC,"September 20-24, 2024",2024-09-24,42,991,RV,58.3,41.7,-16.6,-15.59,1.01,Gender,Men,Men,52.6,47.4,52.6,50.5,1.5,1.47,midfield_2024,
"2024-Governor-NC|Fox September 20-24, 2024",Fox News / Beacon Research (D) & Shaw & Company Research (R),Fox News,2024-Governor-NC,2024,Governor,NC,"September 20-24, 2024",2024-09-24,42,991,RV,58.3,41.7,-16.6,-15.59,1.01,Gender,Women,Women,62.9,37.1,62.9,64.2,1.5,1.47,midfield_2024,
"2024-Governor-NC|Fox September 20-24, 2024",Fox News / Beacon Research (D) & Shaw & Company Research (R),Fox News,2024-Governor-NC,2024,Governor,NC,"September 20-24, 2024",2024-09-24,42,991,RV,58.3,41.7,-16.6,-15.59,1.01,Race,Nonwhite,Nonwhite,79.4,20.6,,,,1.47,midfield_2024,
"2024-Governor-NC|Fox September 20-24, 2024",Fox News / Beacon Research (D) & Shaw & Company Research (R),Fox News,2024-Governor-NC,2024,Governor,NC,"September 20-24, 2024",2024-09-24,42,991,RV,58.3,41.7,-16.6,-15.59,1.01,Race,White,White,50.5,49.5,,,,1.47,midfield_2024,
"2024-President-AZ|Fox August 23-26, 2024",Fox News / Beacon Research (D) & Shaw & Company Research (R),Fox News,2024-President-AZ,2024,President,AZ,"August 23-26, 2024",2024-08-26,71,1014,RV,50.5,49.5,-1.0,5.59,6.59,Age,Age 45+,Age 45+,50.5,49.5,,,,3.09,midfield_2024,
"2024-President-AZ|Fox August 23-26, 2024",Fox News / Beacon Research (D) & Shaw & Company Research (R),Fox News,2024-President-AZ,2024,President,AZ,"August 23-26, 2024",2024-08-26,71,1014,RV,50.5,49.5,-1.0,5.59,6.59,Age,Age 65+,Age 65+,57.0,43.0,,,,3.09,midfield_2024,
"2024-President-AZ|Fox August 23-26, 2024",Fox News / Beacon Research (D) & Shaw & Company Research (R),Fox News,2024-President-AZ,2024,President,AZ,"August 23-26, 2024",2024-08-26,71,1014,RV,50.5,49.5,-1.0,5.59,6.59,Age,Under Age 35,Under Age 35,53.1,46.9,,,,3.09,midfield_2024,
"2024-President-AZ|Fox August 23-26, 2024",Fox News / Beacon Research (D) & Shaw & Company Research (R),Fox News,2024-President-AZ,2024,President,AZ,"August 23-26, 2024",2024-08-26,71,1014,RV,50.5,49.5,-1.0,5.59,6.59,Age,Under Age 45,Under Age 45,50.0,50.0,,,,3.09,midfield_2024,
"2024-President-AZ|Fox August 23-26, 2024",Fox News / Beacon Research (D) & Shaw & Company Research (R),Fox News,2024-President-AZ,2024,President,AZ,"August 23-26, 2024",2024-08-26,71,1014,RV,50.5,49.5,-1.0,5.59,6.59,Education,B.A.+,B.A.+,57.6,42.4,57.6,52.7,1.22,3.09,midfield_2024,
"2024-President-AZ|Fox August 23-26, 2024",Fox News / Beacon Research (D) & Shaw & Company Research (R),Fox News,2024-President-AZ,2024,President,AZ,"August 23-26, 2024",2024-08-26,71,1014,RV,50.5,49.5,-1.0,5.59,6.59,Education,No B.A.,No B.A.,45.5,54.5,45.5,43.8,1.22,3.09,midfield_2024,
"2024-President-AZ|Fox August 23-26, 2024",Fox News / Beacon Research (D) & Shaw & Company Research (R),Fox News,2024-President-AZ,2024,President,AZ,"August 23-26, 2024",2024-08-26,71,1014,RV,50.5,49.5,-1.0,5.59,6.59,Gender,Men,Men,42.9,57.1,42.9,45.5,4.97,3.09,midfield_2024,
"2024-President-AZ|Fox August 23-26, 2024",Fox News / Beacon Research (D) & Shaw & Company Research (R),Fox News,2024-President-AZ,2024,President,AZ,"August 23-26, 2024",2024-08-26,71,1014,RV,50.5,49.5,-1.0,5.59,6.59,Gender,Women,Women,57.1,42.9,57.1,49.5,4.97,3.09,midfield_2024,
"2024-President-AZ|Fox August 23-26, 2024",Fox News / Beacon Research (D) & Shaw & Company Research (R),Fox News,2024-President-AZ,2024,President,AZ,"August 23-26, 2024",2024-08-26,71,1014,RV,50.5,49.5,-1.0,5.59,6.59,Race,Nonwhite,Nonwhite,61.2,38.8,,,,3.09,midfield_2024,
"2024-President-AZ|Fox August 23-26, 2024",Fox News / Beacon Research (D) & Shaw & Company Research (R),Fox News,2024-President-AZ,2024,President,AZ,"August 23-26, 2024",2024-08-26,71,1014,RV,50.5,49.5,-1.0,5.59,6.59,Race,White,White,47.5,52.5,,,,3.09,midfield_2024,
"2024-President-AZ|Fox September 20-24, 2024",Fox News / Beacon Research (D) & Shaw & Company Research (R),Fox News,2024-President-AZ,2024,President,AZ,"September 20-24, 2024",2024-09-24,42,1021,RV,49.0,51.0,2.0,5.59,3.59,Age,Age 45+,Age 45+,50.5,49.5,,,,1.87,midfield_2024,
"2024-President-AZ|Fox September 20-24, 2024",Fox News / Beacon Research (D) & Shaw & Company Research (R),Fox News,2024-President-AZ,2024,President,AZ,"September 20-24, 2024",2024-09-24,42,1021,RV,49.0,51.0,2.0,5.59,3.59,Age,Age 65+,Age 65+,57.1,42.9,,,,1.87,midfield_2024,
"2024-President-AZ|Fox September 20-24, 2024",Fox News / Beacon Research (D) & Shaw & Company Research (R),Fox News,2024-President-AZ,2024,President,AZ,"September 20-24, 2024",2024-09-24,42,1021,RV,49.0,51.0,2.0,5.59,3.59,Age,Under Age 35,Under Age 35,43.9,56.1,,,,1.87,midfield_2024,
"2024-President-AZ|Fox September 20-24, 2024",Fox News / Beacon Research (D) & Shaw & Company Research (R),Fox News,2024-President-AZ,2024,President,AZ,"September 20-24, 2024",2024-09-24,42,1021,RV,49.0,51.0,2.0,5.59,3.59,Age,Under Age 45,Under Age 45,47.5,52.5,,,,1.87,midfield_2024,
"2024-President-AZ|Fox September 20-24, 2024",Fox News / Beacon Research (D) & Shaw & Company Research (R),Fox News,2024-President-AZ,2024,President,AZ,"September 20-24, 2024",2024-09-24,42,1021,RV,49.0,51.0,2.0,5.59,3.59,Education,B.A.+,B.A.+,54.5,45.5,54.5,52.7,0.15,1.87,midfield_2024,
"2024-President-AZ|Fox September 20-24, 2024",Fox News / Beacon Research (D) & Shaw & Company Research (R),Fox News,2024-President-AZ,2024,President,AZ,"September 20-24, 2024",2024-09-24,42,1021,RV,49.0,51.0,2.0,5.59,3.59,Education,No B.A.,No B.A.,45.5,54.5,45.5,43.8,0.15,1.87,midfield_2024,
"2024-President-AZ|Fox September 20-24, 2024",Fox News / Beacon Research (D) & Shaw & Company Research (R),Fox News,2024-President-AZ,2024,President,AZ,"September 20-24, 2024",2024-09-24,42,1021,RV,49.0,51.0,2.0,5.59,3.59,Gender,Men,Men,43.0,57.0,43.0,45.5,3.59,1.87,midfield_2024,
"2024-President-AZ|Fox September 20-24, 2024",Fox News / Beacon Research (D) & Shaw & Company Research (R),Fox News,2024-President-AZ,2024,President,AZ,"September 20-24, 2024",2024-09-24,42,1021,RV,49.0,51.0,2.0,5.59,3.59,Gender,Women,Women,54.1,45.9,54.1,49.5,3.59,1.87,midfield_2024,
"2024-President-AZ|Fox September 20-24, 2024",Fox News / Beacon Research (D) & Shaw & Company Research (R),Fox News,2024-President-AZ,2024,President,AZ,"September 20-24, 2024",2024-09-24,42,1021,RV,49.0,51.0,2.0,5.59,3.59,Race,Nonwhite,Nonwhite,56.6,43.4,,,,1.87,midfield_2024,
"2024-President-AZ|Fox September 20-24, 2024",Fox News / Beacon Research (D) & Shaw & Company Research (R),Fox News,2024-President-AZ,2024,President,AZ,"September 20-24, 2024",2024-09-24,42,1021,RV,49.0,51.0,2.0,5.59,3.59,Race,White,White,46.5,53.5,,,,1.87,midfield_2024,
"2024-President-GA|Fox August 23-26, 2024",Fox News / Beacon Research (D) & Shaw & Company Research (R),Fox News,2024-President-GA,2024,President,GA,"August 23-26, 2024",2024-08-26,71,1014,RV,51.0,49.0,-2.0,2.21,4.21,Age,Age 45+,Age 45+,48.5,51.5,,,,0.59,midfield_2024,
"2024-President-GA|Fox August 23-26, 2024",Fox News / Beacon Research (D) & Shaw & Company Research (R),Fox News,2024-President-GA,2024,President,GA,"August 23-26, 2024",2024-08-26,71,1014,RV,51.0,49.0,-2.0,2.21,4.21,Age,Age 65+,Age 65+,49.0,51.0,,,,0.59,midfield_2024,
"2024-President-GA|Fox August 23-26, 2024",Fox News / Beacon Research (D) & Shaw & Company Research (R),Fox News,2024-President-GA,2024,President,GA,"August 23-26, 2024",2024-08-26,71,1014,RV,51.0,49.0,-2.0,2.21,4.21,Age,Under Age 35,Under Age 35,56.6,43.4,,,,0.59,midfield_2024,
"2024-President-GA|Fox August 23-26, 2024",Fox News / Beacon Research (D) & Shaw & Company Research (R),Fox News,2024-President-GA,2024,President,GA,"August 23-26, 2024",2024-08-26,71,1014,RV,51.0,49.0,-2.0,2.21,4.21,Age,Under Age 45,Under Age 45,55.6,44.4,,,,0.59,midfield_2024,
"2024-President-GA|Fox August 23-26, 2024",Fox News / Beacon Research (D) & Shaw & Company Research (R),Fox News,2024-President-GA,2024,President,GA,"August 23-26, 2024",2024-08-26,71,1014,RV,51.0,49.0,-2.0,2.21,4.21,Education,B.A.+,B.A.+,57.7,42.3,57.7,56.5,1.12,0.59,midfield_2024,
"2024-President-GA|Fox August 23-26, 2024",Fox News / Beacon Research (D) & Shaw & Company Research (R),Fox News,2024-President-GA,2024,President,GA,"August 23-26, 2024",2024-08-26,71,1014,RV,51.0,49.0,-2.0,2.21,4.21,Education,No B.A.,No B.A.,46.5,53.5,46.5,43.5,1.12,0.59,midfield_2024,
"2024-President-GA|Fox August 23-26, 2024",Fox News / Beacon Research (D) & Shaw & Company Research (R),Fox News,2024-President-GA,2024,President,GA,"August 23-26, 2024",2024-08-26,71,1014,RV,51.0,49.0,-2.0,2.21,4.21,Gender,Men,Men,45.4,54.6,45.4,43.4,0.06,0.59,midfield_2024,
"2024-President-GA|Fox August 23-26, 2024",Fox News / Beacon Research (D) & Shaw & Company Research (R),Fox News,2024-President-GA,2024,President,GA,"August 23-26, 2024",2024-08-26,71,1014,RV,51.0,49.0,-2.0,2.21,4.21,Gender,Women,Women,56.1,43.9,56.1,53.5,0.06,0.59,midfield_2024,
"2024-President-GA|Fox August 23-26, 2024",Fox News / Beacon Research (D) & Shaw & Company Research (R),Fox News,2024-President-GA,2024,President,GA,"August 23-26, 2024",2024-08-26,71,1014,RV,51.0,49.0,-2.0,2.21,4.21,Race,Nonwhite,Nonwhite,78.6,21.4,,,,0.59,midfield_2024,
"2024-President-GA|Fox August 23-26, 2024",Fox News / Beacon Research (D) & Shaw & Company Research (R),Fox News,2024-President-GA,2024,President,GA,"August 23-26, 2024",2024-08-26,71,1014,RV,51.0,49.0,-2.0,2.21,4.21,Race,White,White,36.4,63.6,,,,0.59,midfield_2024,
"2024-President-GA|Fox September 20-24, 2024",Fox News / Beacon Research (D) & Shaw & Company Research (R),Fox News,2024-President-GA,2024,President,GA,"September 20-24, 2024",2024-09-24,42,1006,RV,51.5,48.5,-3.0,2.21,5.21,Age,Age 45+,Age 45+,48.0,52.0,,,,2.67,midfield_2024,
"2024-President-GA|Fox September 20-24, 2024",Fox News / Beacon Research (D) & Shaw & Company Research (R),Fox News,2024-President-GA,2024,President,GA,"September 20-24, 2024",2024-09-24,42,1006,RV,51.5,48.5,-3.0,2.21,5.21,Age,Age 65+,Age 65+,45.9,54.1,,,,2.67,midfield_2024,
"2024-President-GA|Fox September 20-24, 2024",Fox News / Beacon Research (D) & Shaw & Company Research (R),Fox News,2024-President-GA,2024,President,GA,"September 20-24, 2024",2024-09-24,42,1006,RV,51.5,48.5,-3.0,2.21,5.21,Age,Under Age 35,Under Age 35,59.6,40.4,,,,2.67,midfield_2024,
"2024-President-GA|Fox September 20-24, 2024",Fox News / Beacon Research (D) & Shaw & Company Research (R),Fox News,2024-President-GA,2024,President,GA,"September 20-24, 2024",2024-09-24,42,1006,RV,51.5,48.5,-3.0,2.21,5.21,Age,Under Age 45,Under Age 45,57.6,42.4,,,,2.67,midfield_2024,
"2024-President-GA|Fox September 20-24, 2024",Fox News / Beacon Research (D) & Shaw & Company Research (R),Fox News,2024-President-GA,2024,President,GA,"September 20-24, 2024",2024-09-24,42,1006,RV,51.5,48.5,-3.0,2.21,5.21,Education,B.A.+,B.A.+,55.6,44.4,55.6,56.5,3.6,2.67,midfield_2024,
"2024-President-GA|Fox September 20-24, 2024",Fox News / Beacon Research (D) & Shaw & Company Research (R),Fox News,2024-President-GA,2024,President,GA,"September 20-24, 2024",2024-09-24,42,1006,RV,51.5,48.5,-3.0,2.21,5.21,Education,No B.A.,No B.A.,49.5,50.5,49.5,43.5,3.6,2.67,midfield_2024,
"2024-President-GA|Fox September 20-24, 2024",Fox News / Beacon Research (D) & Shaw & Company Research (R),Fox News,2024-President-GA,2024,President,GA,"September 20-24, 2024",2024-09-24,42,1006,RV,51.5,48.5,-3.0,2.21,5.21,Gender,Men,Men,44.0,56.0,44.0,43.4,1.74,2.67,midfield_2024,
"2024-President-GA|Fox September 20-24, 2024",Fox News / Beacon Research (D) & Shaw & Company Research (R),Fox News,2024-President-GA,2024,President,GA,"September 20-24, 2024",2024-09-24,42,1006,RV,51.5,48.5,-3.0,2.21,5.21,Gender,Women,Women,58.2,41.8,58.2,53.5,1.74,2.67,midfield_2024,
"2024-President-GA|Fox September 20-24, 2024",Fox News / Beacon Research (D) & Shaw & Company Research (R),Fox News,2024-President-GA,2024,President,GA,"September 20-24, 2024",2024-09-24,42,1006,RV,51.5,48.5,-3.0,2.21,5.21,Race,Nonwhite,Nonwhite,80.8,19.2,,,,2.67,midfield_2024,
"2024-President-GA|Fox September 20-24, 2024",Fox News / Beacon Research (D) & Shaw & Company Research (R),Fox News,2024-President-GA,2024,President,GA,"September 20-24, 2024",2024-09-24,42,1006,RV,51.5,48.5,-3.0,2.21,5.21,Race,White,White,34.3,65.7,,,,2.67,midfield_2024,
"2024-President-NC|Fox August 23-26, 2024",Fox News / Beacon Research (D) & Shaw & Company Research (R),Fox News,2024-President-NC,2024,President,NC,"August 23-26, 2024",2024-08-26,71,999,RV,49.5,50.5,1.0,3.26,2.26,Age,Age 45+,Age 45+,48.5,51.5,,,,2.33,midfield_2024,
"2024-President-NC|Fox August 23-26, 2024",Fox News / Beacon Research (D) & Shaw & Company Research (R),Fox News,2024-President-NC,2024,President,NC,"August 23-26, 2024",2024-08-26,71,999,RV,49.5,50.5,1.0,3.26,2.26,Age,Age 65+,Age 65+,48.5,51.5,,,,2.33,midfield_2024,
"2024-President-NC|Fox August 23-26, 2024",Fox News / Beacon Research (D) & Shaw & Company Research (R),Fox News,2024-President-NC,2024,President,NC,"August 23-26, 2024",2024-08-26,71,999,RV,49.5,50.5,1.0,3.26,2.26,Age,Under Age 35,Under Age 35,50.5,49.5,,,,2.33,midfield_2024,
"2024-President-NC|Fox August 23-26, 2024",Fox News / Beacon Research (D) & Shaw & Company Research (R),Fox News,2024-President-NC,2024,President,NC,"August 23-26, 2024",2024-08-26,71,999,RV,49.5,50.5,1.0,3.26,2.26,Age,Under Age 45,Under Age 45,52.6,47.4,,,,2.33,midfield_2024,
"2024-President-NC|Fox August 23-26, 2024",Fox News / Beacon Research (D) & Shaw & Company Research (R),Fox News,2024-President-NC,2024,President,NC,"August 23-26, 2024",2024-08-26,71,999,RV,49.5,50.5,1.0,3.26,2.26,Education,B.A.+,B.A.+,56.6,43.4,56.6,57.7,2.72,2.33,midfield_2024,
"2024-President-NC|Fox August 23-26, 2024",Fox News / Beacon Research (D) & Shaw & Company Research (R),Fox News,2024-President-NC,2024,President,NC,"August 23-26, 2024",2024-08-26,71,999,RV,49.5,50.5,1.0,3.26,2.26,Education,No B.A.,No B.A.,45.9,54.1,45.9,41.8,2.72,2.33,midfield_2024,
"2024-President-NC|Fox August 23-26, 2024",Fox News / Beacon Research (D) & Shaw & Company Research (R),Fox News,2024-President-NC,2024,President,NC,"August 23-26, 2024",2024-08-26,71,999,RV,49.5,50.5,1.0,3.26,2.26,Gender,Men,Men,44.9,55.1,44.9,41.8,1.95,2.33,midfield_2024,
"2024-President-NC|Fox August 23-26, 2024",Fox News / Beacon Research (D) & Shaw & Company Research (R),Fox News,2024-President-NC,2024,President,NC,"August 23-26, 2024",2024-08-26,71,999,RV,49.5,50.5,1.0,3.26,2.26,Gender,Women,Women,54.1,45.9,54.1,54.5,1.95,2.33,midfield_2024,
"2024-President-NC|Fox August 23-26, 2024",Fox News / Beacon Research (D) & Shaw & Company Research (R),Fox News,2024-President-NC,2024,President,NC,"August 23-26, 2024",2024-08-26,71,999,RV,49.5,50.5,1.0,3.26,2.26,Race,Nonwhite,Nonwhite,78.4,21.6,,,,2.33,midfield_2024,
"2024-President-NC|Fox August 23-26, 2024",Fox News / Beacon Research (D) & Shaw & Company Research (R),Fox News,2024-President-NC,2024,President,NC,"August 23-26, 2024",2024-08-26,71,999,RV,49.5,50.5,1.0,3.26,2.26,Race,White,White,39.4,60.6,,,,2.33,midfield_2024,
"2024-President-NC|Fox September 20-24, 2024",Fox News / Beacon Research (D) & Shaw & Company Research (R),Fox News,2024-President-NC,2024,President,NC,"September 20-24, 2024",2024-09-24,42,991,RV,51.0,49.0,-2.0,3.26,5.26,Age,Age 45+,Age 45+,50.0,50.0,,,,1.61,midfield_2024,
"2024-President-NC|Fox September 20-24, 2024",Fox News / Beacon Research (D) & Shaw & Company Research (R),Fox News,2024-President-NC,2024,President,NC,"September 20-24, 2024",2024-09-24,42,991,RV,51.0,49.0,-2.0,3.26,5.26,Age,Age 65+,Age 65+,52.5,47.5,,,,1.61,midfield_2024,
"2024-President-NC|Fox September 20-24, 2024",Fox News / Beacon Research (D) & Shaw & Company Research (R),Fox News,2024-President-NC,2024,President,NC,"September 20-24, 2024",2024-09-24,42,991,RV,51.0,49.0,-2.0,3.26,5.26,Age,Under Age 35,Under Age 35,50.5,49.5,,,,1.61,midfield_2024,
"2024-President-NC|Fox September 20-24, 2024",Fox News / Beacon Research (D) & Shaw & Company Research (R),Fox News,2024-President-NC,2024,President,NC,"September 20-24, 2024",2024-09-24,42,991,RV,51.0,49.0,-2.0,3.26,5.26,Age,Under Age 45,Under Age 45,52.0,48.0,,,,1.61,midfield_2024,
"2024-President-NC|Fox September 20-24, 2024",Fox News / Beacon Research (D) & Shaw & Company Research (R),Fox News,2024-President-NC,2024,President,NC,"September 20-24, 2024",2024-09-24,42,991,RV,51.0,49.0,-2.0,3.26,5.26,Education,B.A.+,B.A.+,59.2,40.8,59.2,57.7,1.4,1.61,midfield_2024,
"2024-President-NC|Fox September 20-24, 2024",Fox News / Beacon Research (D) & Shaw & Company Research (R),Fox News,2024-President-NC,2024,President,NC,"September 20-24, 2024",2024-09-24,42,991,RV,51.0,49.0,-2.0,3.26,5.26,Education,No B.A.,No B.A.,45.5,54.5,45.5,41.8,1.4,1.61,midfield_2024,
"2024-President-NC|Fox September 20-24, 2024",Fox News / Beacon Research (D) & Shaw & Company Research (R),Fox News,2024-President-NC,2024,President,NC,"September 20-24, 2024",2024-09-24,42,991,RV,51.0,49.0,-2.0,3.26,5.26,Gender,Men,Men,45.5,54.5,45.5,41.8,1.82,1.61,midfield_2024,
"2024-President-NC|Fox September 20-24, 2024",Fox News / Beacon Research (D) & Shaw & Company Research (R),Fox News,2024-President-NC,2024,President,NC,"September 20-24, 2024",2024-09-24,42,991,RV,51.0,49.0,-2.0,3.26,5.26,Gender,Women,Women,55.1,44.9,55.1,54.5,1.82,1.61,midfield_2024,
"2024-President-NC|Fox September 20-24, 2024",Fox News / Beacon Research (D) & Shaw & Company Research (R),Fox News,2024-President-NC,2024,President,NC,"September 20-24, 2024",2024-09-24,42,991,RV,51.0,49.0,-2.0,3.26,5.26,Race,Nonwhite,Nonwhite,79.6,20.4,,,,1.61,midfield_2024,
"2024-President-NC|Fox September 20-24, 2024",Fox News / Beacon Research (D) & Shaw & Company Research (R),Fox News,2024-President-NC,2024,President,NC,"September 20-24, 2024",2024-09-24,42,991,RV,51.0,49.0,-2.0,3.26,5.26,Race,White,White,40.4,59.6,,,,1.61,midfield_2024,
"2024-President-NV|Fox August 23-26, 2024",Fox News / Beacon Research (D) & Shaw & Company Research (R),Fox News,2024-President-NV,2024,President,NV,"August 23-26, 2024",2024-08-26,71,1026,RV,51.0,49.0,-2.0,3.16,5.16,Age,Age 45+,Age 45+,50.0,50.0,,,,1.97,midfield_2024,
"2024-President-NV|Fox August 23-26, 2024",Fox News / Beacon Research (D) & Shaw & Company Research (R),Fox News,2024-President-NV,2024,President,NV,"August 23-26, 2024",2024-08-26,71,1026,RV,51.0,49.0,-2.0,3.16,5.16,Age,Age 65+,Age 65+,51.0,49.0,,,,1.97,midfield_2024,
"2024-President-NV|Fox August 23-26, 2024",Fox News / Beacon Research (D) & Shaw & Company Research (R),Fox News,2024-President-NV,2024,President,NV,"August 23-26, 2024",2024-08-26,71,1026,RV,51.0,49.0,-2.0,3.16,5.16,Age,Under Age 35,Under Age 35,58.6,41.4,,,,1.97,midfield_2024,
"2024-President-NV|Fox August 23-26, 2024",Fox News / Beacon Research (D) & Shaw & Company Research (R),Fox News,2024-President-NV,2024,President,NV,"August 23-26, 2024",2024-08-26,71,1026,RV,51.0,49.0,-2.0,3.16,5.16,Age,Under Age 45,Under Age 45,52.0,48.0,,,,1.97,midfield_2024,
"2024-President-NV|Fox August 23-26, 2024",Fox News / Beacon Research (D) & Shaw & Company Research (R),Fox News,2024-President-NV,2024,President,NV,"August 23-26, 2024",2024-08-26,71,1026,RV,51.0,49.0,-2.0,3.16,5.16,Education,B.A.+,B.A.+,53.1,46.9,53.1,54.2,2.91,1.97,midfield_2024,
"2024-President-NV|Fox August 23-26, 2024",Fox News / Beacon Research (D) & Shaw & Company Research (R),Fox News,2024-President-NV,2024,President,NV,"August 23-26, 2024",2024-08-26,71,1026,RV,51.0,49.0,-2.0,3.16,5.16,Education,No B.A.,No B.A.,49.5,50.5,49.5,44.9,2.91,1.97,midfield_2024,
"2024-President-NV|Fox August 23-26, 2024",Fox News / Beacon Research (D) & Shaw & Company Research (R),Fox News,2024-President-NV,2024,President,NV,"August 23-26, 2024",2024-08-26,71,1026,RV,51.0,49.0,-2.0,3.16,5.16,Gender,Men,Men,44.9,55.1,44.9,43.9,1.03,1.97,midfield_2024,
"2024-President-NV|Fox August 23-26, 2024",Fox News / Beacon Research (D) & Shaw & Company Research (R),Fox News,2024-President-NV,2024,President,NV,"August 23-26, 2024",2024-08-26,71,1026,RV,51.0,49.0,-2.0,3.16,5.16,Gender,Women,Women,56.6,43.4,56.6,53.1,1.03,1.97,midfield_2024,
"2024-President-NV|Fox August 23-26, 2024",Fox News / Beacon Research (D) & Shaw & Company Research (R),Fox News,2024-President-NV,2024,President,NV,"August 23-26, 2024",2024-08-26,71,1026,RV,51.0,49.0,-2.0,3.16,5.16,Race,Nonwhite,Nonwhite,57.6,42.4,,,,1.97,midfield_2024,
"2024-President-NV|Fox August 23-26, 2024",Fox News / Beacon Research (D) & Shaw & Company Research (R),Fox News,2024-President-NV,2024,President,NV,"August 23-26, 2024",2024-08-26,71,1026,RV,51.0,49.0,-2.0,3.16,5.16,Race,White,White,48.5,51.5,,,,1.97,midfield_2024,
"2024-President-PA|Fox September 20-24, 2024",Fox News / Beacon Research (D) & Shaw & Company Research (R),Fox News,2024-President-PA,2024,President,PA,"September 20-24, 2024",2024-09-24,42,1021,RV,51.0,49.0,-2.0,1.73,3.73,Age,Age 45+,Age 45+,50.0,50.0,,,,2.44,midfield_2024,
"2024-President-PA|Fox September 20-24, 2024",Fox News / Beacon Research (D) & Shaw & Company Research (R),Fox News,2024-President-PA,2024,President,PA,"September 20-24, 2024",2024-09-24,42,1021,RV,51.0,49.0,-2.0,1.73,3.73,Age,Age 65+,Age 65+,52.6,47.4,,,,2.44,midfield_2024,
"2024-President-PA|Fox September 20-24, 2024",Fox News / Beacon Research (D) & Shaw & Company Research (R),Fox News,2024-President-PA,2024,President,PA,"September 20-24, 2024",2024-09-24,42,1021,RV,51.0,49.0,-2.0,1.73,3.73,Age,Under Age 35,Under Age 35,56.7,43.3,,,,2.44,midfield_2024,
"2024-President-PA|Fox September 20-24, 2024",Fox News / Beacon Research (D) & Shaw & Company Research (R),Fox News,2024-President-PA,2024,President,PA,"September 20-24, 2024",2024-09-24,42,1021,RV,51.0,49.0,-2.0,1.73,3.73,Age,Under Age 45,Under Age 45,53.1,46.9,,,,2.44,midfield_2024,
"2024-President-PA|Fox September 20-24, 2024",Fox News / Beacon Research (D) & Shaw & Company Research (R),Fox News,2024-President-PA,2024,President,PA,"September 20-24, 2024",2024-09-24,42,1021,RV,51.0,49.0,-2.0,1.73,3.73,Education,B.A.+,B.A.+,56.7,43.3,56.7,60.4,4.79,2.44,midfield_2024,
"2024-President-PA|Fox September 20-24, 2024",Fox News / Beacon Research (D) & Shaw & Company Research (R),Fox News,2024-President-PA,2024,President,PA,"September 20-24, 2024",2024-09-24,42,1021,RV,51.0,49.0,-2.0,1.73,3.73,Education,No B.A.,No B.A.,47.5,52.5,47.5,41.6,4.79,2.44,midfield_2024,
"2024-President-PA|Fox September 20-24, 2024",Fox News / Beacon Research (D) & Shaw & Company Research (R),Fox News,2024-President-PA,2024,President,PA,"September 20-24, 2024",2024-09-24,42,1021,RV,51.0,49.0,-2.0,1.73,3.73,Gender,Men,Men,42.9,57.1,42.9,41.4,0.08,2.44,midfield_2024,
"2024-President-PA|Fox September 20-24, 2024",Fox News / Beacon Research (D) & Shaw & Company Research (R),Fox News,2024-President-PA,2024,President,PA,"September 20-24, 2024",2024-09-24,42,1021,RV,51.0,49.0,-2.0,1.73,3.73,Gender,Women,Women,58.2,41.8,58.2,56.0,0.08,2.44,midfield_2024,
"2024-President-PA|Fox September 20-24, 2024",Fox News / Beacon Research (D) & Shaw & Company Research (R),Fox News,2024-President-PA,2024,President,PA,"September 20-24, 2024",2024-09-24,42,1021,RV,51.0,49.0,-2.0,1.73,3.73,Race,Nonwhite,Nonwhite,72.7,27.3,,,,2.44,midfield_2024,
"2024-President-PA|Fox September 20-24, 2024",Fox News / Beacon Research (D) & Shaw & Company Research (R),Fox News,2024-President-PA,2024,President,PA,"September 20-24, 2024",2024-09-24,42,1021,RV,51.0,49.0,-2.0,1.73,3.73,Race,White,White,46.9,53.1,,,,2.44,midfield_2024,
2024-President-TX|Emerson,Emerson College Polling / The Hill,Emerson,2024-President-TX,2024,President,TX,"October 18-21, 2024",2024-10-21,15,815,LV,46.0,53.0,7.07,13.88,6.81,Age,18-29 years,18-29 years,52.5,47.5,,,,5.52,,
2024-President-TX|Emerson,Emerson College Polling / The Hill,Emerson,2024-President-TX,2024,President,TX,"October 18-21, 2024",2024-10-21,15,815,LV,46.0,53.0,7.07,13.88,6.81,Age,30-39 years,30-39 years,52.6,47.4,,,,5.52,,
2024-President-TX|Emerson,Emerson College Polling / The Hill,Emerson,2024-President-TX,2024,President,TX,"October 18-21, 2024",2024-10-21,15,815,LV,46.0,53.0,7.07,13.88,6.81,Age,40-49 years,40-49 years,48.9,51.1,,,,5.52,,
2024-President-TX|Emerson,Emerson College Polling / The Hill,Emerson,2024-President-TX,2024,President,TX,"October 18-21, 2024",2024-10-21,15,815,LV,46.0,53.0,7.07,13.88,6.81,Age,50-59 years,50-59 years,45.1,54.9,,,,5.52,,
2024-President-TX|Emerson,Emerson College Polling / The Hill,Emerson,2024-President-TX,2024,President,TX,"October 18-21, 2024",2024-10-21,15,815,LV,46.0,53.0,7.07,13.88,6.81,Age,60-69 years,60-69 years,43.8,56.2,,,,5.52,,
2024-President-TX|Emerson,Emerson College Polling / The Hill,Emerson,2024-President-TX,2024,President,TX,"October 18-21, 2024",2024-10-21,15,815,LV,46.0,53.0,7.07,13.88,6.81,Age,70 or more years,70 or more years,38.0,62.0,,,,5.52,,
2024-President-TX|Emerson,Emerson College Polling / The Hill,Emerson,2024-President-TX,2024,President,TX,"October 18-21, 2024",2024-10-21,15,815,LV,46.0,53.0,7.07,13.88,6.81,Education,B.A.+,B.A.+,49.0,51.0,49.0,49.6,4.15,5.52,,
2024-President-TX|Emerson,Emerson College Polling / The Hill,Emerson,2024-President-TX,2024,President,TX,"October 18-21, 2024",2024-10-21,15,815,LV,46.0,53.0,7.07,13.88,6.81,Education,No B.A.,No B.A.,44.6,55.4,44.6,38.2,4.15,5.52,,
2024-President-TX|Emerson,Emerson College Polling / The Hill,Emerson,2024-President-TX,2024,President,TX,"October 18-21, 2024",2024-10-21,15,815,LV,46.0,53.0,7.07,13.88,6.81,Gender,Female,Female,52.8,47.2,,,0.0,5.52,,
2024-President-TX|Emerson,Emerson College Polling / The Hill,Emerson,2024-President-TX,2024,President,TX,"October 18-21, 2024",2024-10-21,15,815,LV,46.0,53.0,7.07,13.88,6.81,Gender,Male,Male,38.1,61.9,,,0.0,5.52,,
2024-President-TX|Emerson,Emerson College Polling / The Hill,Emerson,2024-President-TX,2024,President,TX,"October 18-21, 2024",2024-10-21,15,815,LV,46.0,53.0,7.07,13.88,6.81,Gender,Nonbinary or other,Nonbinary or other,100.0,0.0,,,0.0,5.52,,
2024-President-TX|Emerson,Emerson College Polling / The Hill,Emerson,2024-President-TX,2024,President,TX,"October 18-21, 2024",2024-10-21,15,815,LV,46.0,53.0,7.07,13.88,6.81,Race,Asian,Asian,70.4,29.6,70.4,43.3,12.4,5.52,,
2024-President-TX|Emerson,Emerson College Polling / The Hill,Emerson,2024-President-TX,2024,President,TX,"October 18-21, 2024",2024-10-21,15,815,LV,46.0,53.0,7.07,13.88,6.81,Race,Black or African American,Black,92.5,7.5,92.5,87.8,12.4,5.52,,
2024-President-TX|Emerson,Emerson College Polling / The Hill,Emerson,2024-President-TX,2024,President,TX,"October 18-21, 2024",2024-10-21,15,815,LV,46.0,53.0,7.07,13.88,6.81,Race,Hispanic or Latino of any race,Hispanic,54.8,45.2,54.8,45.0,12.4,5.52,,
2024-President-TX|Emerson,Emerson College Polling / The Hill,Emerson,2024-President-TX,2024,President,TX,"October 18-21, 2024",2024-10-21,15,815,LV,46.0,53.0,7.07,13.88,6.81,Race,Other or multiple races,Other or multiple races,41.5,58.5,,,12.4,5.52,,
2024-President-TX|Emerson,Emerson College Polling / The Hill,Emerson,2024-President-TX,2024,President,TX,"October 18-21, 2024",2024-10-21,15,815,LV,46.0,53.0,7.07,13.88,6.81,Race,White or Caucasian,White,32.5,67.5,32.5,33.3,12.4,5.52,,
2024-President-TX|NYT/Siena early Oct,New York Times / Siena College,NYT/Siena,2024-President-TX,2024,President,TX,"September 29-October 4, 2024",2024-10-04,32,617,LV,44.0,50.0,6.38,13.88,7.5,Age,18-29,18-29,52.0,45.0,53.6,51.0,4.17,2.3,,
2024-President-TX|NYT/Siena early Oct,New York Times / Siena College,NYT/Siena,2024-President-TX,2024,President,TX,"September 29-October 4, 2024",2024-10-04,32,617,LV,44.0,50.0,6.38,13.88,7.5,Age,30-44,30-44,44.0,44.0,50.0,43.1,4.17,2.3,,
2024-President-TX|NYT/Siena early Oct,New York Times / Siena College,NYT/Siena,2024-President-TX,2024,President,TX,"September 29-October 4, 2024",2024-10-04,32,617,LV,44.0,50.0,6.38,13.88,7.5,Age,45-64,45-64,37.0,60.0,38.1,41.4,4.17,2.3,,
2024-President-TX|NYT/Siena early Oct,New York Times / Siena College,NYT/Siena,2024-President-TX,2024,President,TX,"September 29-October 4, 2024",2024-10-04,32,617,LV,44.0,50.0,6.38,13.88,7.5,Age,65+,65+,46.0,50.0,47.9,40.4,4.17,2.3,,
2024-President-TX|NYT/Siena early Oct,New York Times / Siena College,NYT/Siena,2024-President-TX,2024,President,TX,"September 29-October 4, 2024",2024-10-04,32,617,LV,44.0,50.0,6.38,13.88,7.5,Education,B.A.+,B.A.+,51.0,41.0,55.4,49.6,1.21,2.3,,
2024-President-TX|NYT/Siena early Oct,New York Times / Siena College,NYT/Siena,2024-President-TX,2024,President,TX,"September 29-October 4, 2024",2024-10-04,32,617,LV,44.0,50.0,6.38,13.88,7.5,Education,No B.A.,No B.A.,39.0,57.0,40.6,38.2,1.21,2.3,,
2024-President-TX|NYT/Siena early Oct,New York Times / Siena College,NYT/Siena,2024-President-TX,2024,President,TX,"September 29-October 4, 2024",2024-10-04,32,617,LV,44.0,50.0,6.38,13.88,7.5,Gender,Men,Men,38.0,57.0,40.0,35.7,1.01,2.3,,
2024-President-TX|NYT/Siena early Oct,New York Times / Siena College,NYT/Siena,2024-President-TX,2024,President,TX,"September 29-October 4, 2024",2024-10-04,32,617,LV,44.0,50.0,6.38,13.88,7.5,Gender,Women,Women,50.0,44.0,53.2,49.5,1.01,2.3,,
2024-President-TX|NYT/Siena early Oct,New York Times / Siena College,NYT/Siena,2024-President-TX,2024,President,TX,"September 29-October 4, 2024",2024-10-04,32,617,LV,44.0,50.0,6.38,13.88,7.5,Race,Black,Black,84.0,7.0,92.3,87.8,2.83,2.3,,
2024-President-TX|NYT/Siena early Oct,New York Times / Siena College,NYT/Siena,2024-President-TX,2024,President,TX,"September 29-October 4, 2024",2024-10-04,32,617,LV,44.0,50.0,6.38,13.88,7.5,Race,Hispanic,Hispanic,49.0,43.0,53.3,45.0,2.83,2.3,,
2024-President-TX|NYT/Siena early Oct,New York Times / Siena College,NYT/Siena,2024-President-TX,2024,President,TX,"September 29-October 4, 2024",2024-10-04,32,617,LV,44.0,50.0,6.38,13.88,7.5,Race,Other,Other,41.0,46.0,,,2.83,2.3,,
2024-President-TX|NYT/Siena early Oct,New York Times / Siena College,NYT/Siena,2024-President-TX,2024,President,TX,"September 29-October 4, 2024",2024-10-04,32,617,LV,44.0,50.0,6.38,13.88,7.5,Race,White,White,36.0,60.0,37.5,33.3,2.83,2.3,,
2024-President-TX|NYT/Siena late Oct,New York Times / Siena College,NYT/Siena,2024-President-TX,2024,President,TX,"October 23-26, 2024",2024-10-26,10,1180,LV,42.0,52.0,10.64,13.88,3.24,Age,18-29,18-29,56.0,39.0,58.9,51.0,6.15,3.61,,
2024-President-TX|NYT/Siena late Oct,New York Times / Siena College,NYT/Siena,2024-President-TX,2024,President,TX,"October 23-26, 2024",2024-10-26,10,1180,LV,42.0,52.0,10.64,13.88,3.24,Age,30-44,30-44,43.0,49.0,46.7,43.1,6.15,3.61,,
2024-President-TX|NYT/Siena late Oct,New York Times / Siena College,NYT/Siena,2024-President-TX,2024,President,TX,"October 23-26, 2024",2024-10-26,10,1180,LV,42.0,52.0,10.64,13.88,3.24,Age,45-64,45-64,35.0,59.0,37.2,41.4,6.15,3.61,,
2024-President-TX|NYT/Siena late Oct,New York Times / Siena College,NYT/Siena,2024-President-TX,2024,President,TX,"October 23-26, 2024",2024-10-26,10,1180,LV,42.0,52.0,10.64,13.88,3.24,Age,65+,65+,41.0,52.0,44.1,40.4,6.15,3.61,,
2024-President-TX|NYT/Siena late Oct,New York Times / Siena College,NYT/Siena,2024-President-TX,2024,President,TX,"October 23-26, 2024",2024-10-26,10,1180,LV,42.0,52.0,10.64,13.88,3.24,Education,B.A.+,B.A.+,47.0,48.0,49.5,49.6,1.73,3.61,,
2024-President-TX|NYT/Siena late Oct,New York Times / Siena College,NYT/Siena,2024-President-TX,2024,President,TX,"October 23-26, 2024",2024-10-26,10,1180,LV,42.0,52.0,10.64,13.88,3.24,Education,No B.A.,No B.A.,38.0,55.0,40.9,38.2,1.73,3.61,,
2024-President-TX|NYT/Siena late Oct,New York Times / Siena College,NYT/Siena,2024-President-TX,2024,President,TX,"October 23-26, 2024",2024-10-26,10,1180,LV,42.0,52.0,10.64,13.88,3.24,Gender,Men,Men,35.0,59.0,37.2,35.7,0.26,3.61,,
2024-President-TX|NYT/Siena late Oct,New York Times / Siena College,NYT/Siena,2024-President-TX,2024,President,TX,"October 23-26, 2024",2024-10-26,10,1180,LV,42.0,52.0,10.64,13.88,3.24,Gender,Women,Women,48.0,46.0,51.1,49.5,0.26,3.61,,
2024-President-TX|NYT/Siena late Oct,New York Times / Siena College,NYT/Siena,2024-President-TX,2024,President,TX,"October 23-26, 2024",2024-10-26,10,1180,LV,42.0,52.0,10.64,13.88,3.24,Race,Black,Black,71.0,19.0,78.9,87.8,6.3,3.61,,
2024-President-TX|NYT/Siena late Oct,New York Times / Siena College,NYT/Siena,2024-President-TX,2024,President,TX,"October 23-26, 2024",2024-10-26,10,1180,LV,42.0,52.0,10.64,13.88,3.24,Race,Hispanic,Hispanic,50.0,44.0,53.2,45.0,6.3,3.61,,
2024-President-TX|NYT/Siena late Oct,New York Times / Siena College,NYT/Siena,2024-President-TX,2024,President,TX,"October 23-26, 2024",2024-10-26,10,1180,LV,42.0,52.0,10.64,13.88,3.24,Race,Other,Other,49.0,44.0,,,6.3,3.61,,
2024-President-TX|NYT/Siena late Oct,New York Times / Siena College,NYT/Siena,2024-President-TX,2024,President,TX,"October 23-26, 2024",2024-10-26,10,1180,LV,42.0,52.0,10.64,13.88,3.24,Race,White,White,33.0,62.0,34.7,33.3,6.3,3.61,,
2024-President-TX|UT/TexasPolitics,University of Texas / Texas Politics Project (YouGov),UT/TPP,2024-President-TX,2024,President,TX,"October 2-10, 2024",2024-10-10,26,1200,RV (LV screen for ballot),46.0,51.0,5.15,13.88,8.73,Age,18-29,18-29,58.0,38.0,60.4,51.0,11.43,9.31,,
2024-President-TX|UT/TexasPolitics,University of Texas / Texas Politics Project (YouGov),UT/TPP,2024-President-TX,2024,President,TX,"October 2-10, 2024",2024-10-10,26,1200,RV (LV screen for ballot),46.0,51.0,5.15,13.88,8.73,Age,30-44,30-44,55.0,39.0,58.5,43.1,11.43,9.31,,
2024-President-TX|UT/TexasPolitics,University of Texas / Texas Politics Project (YouGov),UT/TPP,2024-President-TX,2024,President,TX,"October 2-10, 2024",2024-10-10,26,1200,RV (LV screen for ballot),46.0,51.0,5.15,13.88,8.73,Age,45-64,45-64,41.0,56.0,42.3,41.4,11.43,9.31,,
2024-President-TX|UT/TexasPolitics,University of Texas / Texas Politics Project (YouGov),UT/TPP,2024-President-TX,2024,President,TX,"October 2-10, 2024",2024-10-10,26,1200,RV (LV screen for ballot),46.0,51.0,5.15,13.88,8.73,Age,65+,65+,38.0,62.0,38.0,40.4,11.43,9.31,,
2024-President-TX|UT/TexasPolitics,University of Texas / Texas Politics Project (YouGov),UT/TPP,2024-President-TX,2024,President,TX,"October 2-10, 2024",2024-10-10,26,1200,RV (LV screen for ballot),46.0,51.0,5.15,13.88,8.73,Education,B.A.+,B.A.+,44.1,52.8,45.5,49.6,8.4,9.31,,
2024-President-TX|UT/TexasPolitics,University of Texas / Texas Politics Project (YouGov),UT/TPP,2024-President-TX,2024,President,TX,"October 2-10, 2024",2024-10-10,26,1200,RV (LV screen for ballot),46.0,51.0,5.15,13.88,8.73,Education,No B.A.,No B.A.,47.1,48.8,49.1,38.2,8.4,9.31,,
2024-President-TX|UT/TexasPolitics,University of Texas / Texas Politics Project (YouGov),UT/TPP,2024-President-TX,2024,President,TX,"October 2-10, 2024",2024-10-10,26,1200,RV (LV screen for ballot),46.0,51.0,5.15,13.88,8.73,Gender,Female,Female,52.0,46.0,,,2.07,9.31,,
2024-President-TX|UT/TexasPolitics,University of Texas / Texas Politics Project (YouGov),UT/TPP,2024-President-TX,2024,President,TX,"October 2-10, 2024",2024-10-10,26,1200,RV (LV screen for ballot),46.0,51.0,5.15,13.88,8.73,Gender,Male,Male,40.0,56.0,,,2.07,9.31,,
2024-President-TX|UT/TexasPolitics,University of Texas / Texas Politics Project (YouGov),UT/TPP,2024-President-TX,2024,President,TX,"October 2-10, 2024",2024-10-10,26,1200,RV (LV screen for ballot),46.0,51.0,5.15,13.88,8.73,Race,Asian,Asian,60.0,29.0,67.4,43.3,15.35,9.31,,
2024-President-TX|UT/TexasPolitics,University of Texas / Texas Politics Project (YouGov),UT/TPP,2024-President-TX,2024,President,TX,"October 2-10, 2024",2024-10-10,26,1200,RV (LV screen for ballot),46.0,51.0,5.15,13.88,8.73,Race,Black,Black,84.0,15.0,84.8,87.8,15.35,9.31,,
2024-President-TX|UT/TexasPolitics,University of Texas / Texas Politics Project (YouGov),UT/TPP,2024-President-TX,2024,President,TX,"October 2-10, 2024",2024-10-10,26,1200,RV (LV screen for ballot),46.0,51.0,5.15,13.88,8.73,Race,Hispanic,Hispanic,45.0,50.0,47.4,45.0,15.35,9.31,,
2024-President-TX|UT/TexasPolitics,University of Texas / Texas Politics Project (YouGov),UT/TPP,2024-President-TX,2024,President,TX,"October 2-10, 2024",2024-10-10,26,1200,RV (LV screen for ballot),46.0,51.0,5.15,13.88,8.73,Race,Other,Other,27.0,66.0,,,15.35,9.31,,
2024-President-TX|UT/TexasPolitics,University of Texas / Texas Politics Project (YouGov),UT/TPP,2024-President-TX,2024,President,TX,"October 2-10, 2024",2024-10-10,26,1200,RV (LV screen for ballot),46.0,51.0,5.15,13.88,8.73,Race,White,White,39.0,59.0,39.8,33.3,15.35,9.31,,
"2024-President-WI|Marquette August 28-September 5, 2024",Marquette Law School Poll,Marquette,2024-President-WI,2024,President,WI,"August 28-September 5, 2024",2024-09-05,61,738,LV,52.0,48.0,-4.0,0.87,4.87,Age,18-29,18-29,54.0,46.0,,,,5.44,midfield_2024,
"2024-President-WI|Marquette August 28-September 5, 2024",Marquette Law School Poll,Marquette,2024-President-WI,2024,President,WI,"August 28-September 5, 2024",2024-09-05,61,738,LV,52.0,48.0,-4.0,0.87,4.87,Age,30-44,30-44,57.0,43.0,,,,5.44,midfield_2024,
"2024-President-WI|Marquette August 28-September 5, 2024",Marquette Law School Poll,Marquette,2024-President-WI,2024,President,WI,"August 28-September 5, 2024",2024-09-05,61,738,LV,52.0,48.0,-4.0,0.87,4.87,Age,45-59,45-59,45.5,54.5,,,,5.44,midfield_2024,
"2024-President-WI|Marquette August 28-September 5, 2024",Marquette Law School Poll,Marquette,2024-President-WI,2024,President,WI,"August 28-September 5, 2024",2024-09-05,61,738,LV,52.0,48.0,-4.0,0.87,4.87,Age,60+,60+,53.0,47.0,,,,5.44,midfield_2024,
"2024-President-WI|Marquette August 28-September 5, 2024",Marquette Law School Poll,Marquette,2024-President-WI,2024,President,WI,"August 28-September 5, 2024",2024-09-05,61,738,LV,52.0,48.0,-4.0,0.87,4.87,Education,B.A.+,B.A.+,56.0,44.0,56.0,58.8,3.84,5.44,midfield_2024,
"2024-President-WI|Marquette August 28-September 5, 2024",Marquette Law School Poll,Marquette,2024-President-WI,2024,President,WI,"August 28-September 5, 2024",2024-09-05,61,738,LV,52.0,48.0,-4.0,0.87,4.87,Education,No B.A.,No B.A.,49.2,50.8,49.2,44.2,3.84,5.44,midfield_2024,
"2024-President-WI|Marquette August 28-September 5, 2024",Marquette Law School Poll,Marquette,2024-President-WI,2024,President,WI,"August 28-September 5, 2024",2024-09-05,61,738,LV,52.0,48.0,-4.0,0.87,4.87,Gender,Men,Men,45.0,55.0,45.0,45.4,1.96,5.44,midfield_2024,
"2024-President-WI|Marquette August 28-September 5, 2024",Marquette Law School Poll,Marquette,2024-President-WI,2024,President,WI,"August 28-September 5, 2024",2024-09-05,61,738,LV,52.0,48.0,-4.0,0.87,4.87,Gender,Women,Women,58.0,42.0,58.0,54.0,1.96,5.44,midfield_2024,
"2024-President-WI|Marquette August 28-September 5, 2024",Marquette Law School Poll,Marquette,2024-President-WI,2024,President,WI,"August 28-September 5, 2024",2024-09-05,61,738,LV,52.0,48.0,-4.0,0.87,4.87,Race,Black,Black,96.0,4.0,96.0,77.0,10.52,5.44,midfield_2024,
"2024-President-WI|Marquette August 28-September 5, 2024",Marquette Law School Poll,Marquette,2024-President-WI,2024,President,WI,"August 28-September 5, 2024",2024-09-05,61,738,LV,52.0,48.0,-4.0,0.87,4.87,Race,Hispanic,Hispanic,43.0,57.0,43.0,61.2,10.52,5.44,midfield_2024,
"2024-President-WI|Marquette August 28-September 5, 2024",Marquette Law School Poll,Marquette,2024-President-WI,2024,President,WI,"August 28-September 5, 2024",2024-09-05,61,738,LV,52.0,48.0,-4.0,0.87,4.87,Race,Other,Other,59.6,40.4,,,10.52,5.44,midfield_2024,
"2024-President-WI|Marquette August 28-September 5, 2024",Marquette Law School Poll,Marquette,2024-President-WI,2024,President,WI,"August 28-September 5, 2024",2024-09-05,61,738,LV,52.0,48.0,-4.0,0.87,4.87,Race,White,White,51.0,49.0,51.0,46.5,10.52,5.44,midfield_2024,
"2024-President-WI|Marquette September 18-26, 2024",Marquette Law School Poll,Marquette,2024-President-WI,2024,President,WI,"September 18-26, 2024",2024-09-26,40,798,LV,52.0,48.0,-4.0,0.87,4.87,Age,18-29,18-29,63.0,37.0,,,,1.76,midfield_2024,
"2024-President-WI|Marquette September 18-26, 2024",Marquette Law School Poll,Marquette,2024-President-WI,2024,President,WI,"September 18-26, 2024",2024-09-26,40,798,LV,52.0,48.0,-4.0,0.87,4.87,Age,30-44,30-44,54.0,46.0,,,,1.76,midfield_2024,
"2024-President-WI|Marquette September 18-26, 2024",Marquette Law School Poll,Marquette,2024-President-WI,2024,President,WI,"September 18-26, 2024",2024-09-26,40,798,LV,52.0,48.0,-4.0,0.87,4.87,Age,45-59,45-59,49.0,51.0,,,,1.76,midfield_2024,
"2024-President-WI|Marquette September 18-26, 2024",Marquette Law School Poll,Marquette,2024-President-WI,2024,President,WI,"September 18-26, 2024",2024-09-26,40,798,LV,52.0,48.0,-4.0,0.87,4.87,Age,60+,60+,49.0,51.0,,,,1.76,midfield_2024,
"2024-President-WI|Marquette September 18-26, 2024",Marquette Law School Poll,Marquette,2024-President-WI,2024,President,WI,"September 18-26, 2024",2024-09-26,40,798,LV,52.0,48.0,-4.0,0.87,4.87,Education,B.A.+,B.A.+,62.0,38.0,62.0,58.8,0.12,1.76,midfield_2024,
"2024-President-WI|Marquette September 18-26, 2024",Marquette Law School Poll,Marquette,2024-President-WI,2024,President,WI,"September 18-26, 2024",2024-09-26,40,798,LV,52.0,48.0,-4.0,0.87,4.87,Education,No B.A.,No B.A.,46.4,53.6,46.4,44.2,0.12,1.76,midfield_2024,
"2024-President-WI|Marquette September 18-26, 2024",Marquette Law School Poll,Marquette,2024-President-WI,2024,President,WI,"September 18-26, 2024",2024-09-26,40,798,LV,52.0,48.0,-4.0,0.87,4.87,Gender,Men,Men,45.0,55.0,45.0,45.4,2.22,1.76,midfield_2024,
"2024-President-WI|Marquette September 18-26, 2024",Marquette Law School Poll,Marquette,2024-President-WI,2024,President,WI,"September 18-26, 2024",2024-09-26,40,798,LV,52.0,48.0,-4.0,0.87,4.87,Gender,Women,Women,58.6,41.4,58.6,54.0,2.22,1.76,midfield_2024,
"2024-President-WI|Marquette September 18-26, 2024",Marquette Law School Poll,Marquette,2024-President-WI,2024,President,WI,"September 18-26, 2024",2024-09-26,40,798,LV,52.0,48.0,-4.0,0.87,4.87,Race,Black,Black,76.0,24.0,76.0,77.0,2.93,1.76,midfield_2024,
"2024-President-WI|Marquette September 18-26, 2024",Marquette Law School Poll,Marquette,2024-President-WI,2024,President,WI,"September 18-26, 2024",2024-09-26,40,798,LV,52.0,48.0,-4.0,0.87,4.87,Race,Hispanic,Hispanic,55.0,45.0,55.0,61.2,2.93,1.76,midfield_2024,
"2024-President-WI|Marquette September 18-26, 2024",Marquette Law School Poll,Marquette,2024-President-WI,2024,President,WI,"September 18-26, 2024",2024-09-26,40,798,LV,52.0,48.0,-4.0,0.87,4.87,Race,Other,Other,66.0,34.0,,,2.93,1.76,midfield_2024,
"2024-President-WI|Marquette September 18-26, 2024",Marquette Law School Poll,Marquette,2024-President-WI,2024,President,WI,"September 18-26, 2024",2024-09-26,40,798,LV,52.0,48.0,-4.0,0.87,4.87,Race,White,White,51.0,49.0,51.0,46.5,2.93,1.76,midfield_2024,
"2024-Senate-AZ|Fox August 23-26, 2024",Fox News / Beacon Research (D) & Shaw & Company Research (R),Fox News,2024-Senate-AZ,2024,Senate,AZ,"August 23-26, 2024",2024-08-26,71,1014,RV,57.7,42.3,-15.4,-2.46,12.94,Age,Age 45+,Age 45+,56.6,43.4,,,,2.71,midfield_2024,
"2024-Senate-AZ|Fox August 23-26, 2024",Fox News / Beacon Research (D) & Shaw & Company Research (R),Fox News,2024-Senate-AZ,2024,Senate,AZ,"August 23-26, 2024",2024-08-26,71,1014,RV,57.7,42.3,-15.4,-2.46,12.94,Age,Age 65+,Age 65+,60.0,40.0,,,,2.71,midfield_2024,
"2024-Senate-AZ|Fox August 23-26, 2024",Fox News / Beacon Research (D) & Shaw & Company Research (R),Fox News,2024-Senate-AZ,2024,Senate,AZ,"August 23-26, 2024",2024-08-26,71,1014,RV,57.7,42.3,-15.4,-2.46,12.94,Age,Under Age 35,Under Age 35,61.9,38.1,,,,2.71,midfield_2024,
"2024-Senate-AZ|Fox August 23-26, 2024",Fox News / Beacon Research (D) & Shaw & Company Research (R),Fox News,2024-Senate-AZ,2024,Senate,AZ,"August 23-26, 2024",2024-08-26,71,1014,RV,57.7,42.3,-15.4,-2.46,12.94,Age,Under Age 45,Under Age 45,60.4,39.6,,,,2.71,midfield_2024,
"2024-Senate-AZ|Fox August 23-26, 2024",Fox News / Beacon Research (D) & Shaw & Company Research (R),Fox News,2024-Senate-AZ,2024,Senate,AZ,"August 23-26, 2024",2024-08-26,71,1014,RV,57.7,42.3,-15.4,-2.46,12.94,Education,B.A.+,B.A.+,60.6,39.4,60.6,55.2,1.29,2.71,midfield_2024,
"2024-Senate-AZ|Fox August 23-26, 2024",Fox News / Beacon Research (D) & Shaw & Company Research (R),Fox News,2024-Senate-AZ,2024,Senate,AZ,"August 23-26, 2024",2024-08-26,71,1014,RV,57.7,42.3,-15.4,-2.46,12.94,Education,No B.A.,No B.A.,56.2,43.8,56.2,48.6,1.29,2.71,midfield_2024,
"2024-Senate-AZ|Fox August 23-26, 2024",Fox News / Beacon Research (D) & Shaw & Company Research (R),Fox News,2024-Senate-AZ,2024,Senate,AZ,"August 23-26, 2024",2024-08-26,71,1014,RV,57.7,42.3,-15.4,-2.46,12.94,Gender,Men,Men,51.0,49.0,51.0,49.5,4.12,2.71,midfield_2024,
"2024-Senate-AZ|Fox August 23-26, 2024",Fox News / Beacon Research (D) & Shaw & Company Research (R),Fox News,2024-Senate-AZ,2024,Senate,AZ,"August 23-26, 2024",2024-08-26,71,1014,RV,57.7,42.3,-15.4,-2.46,12.94,Gender,Women,Women,63.9,36.1,63.9,52.5,4.12,2.71,midfield_2024,
"2024-Senate-AZ|Fox August 23-26, 2024",Fox News / Beacon Research (D) & Shaw & Company Research (R),Fox News,2024-Senate-AZ,2024,Senate,AZ,"August 23-26, 2024",2024-08-26,71,1014,RV,57.7,42.3,-15.4,-2.46,12.94,Race,Nonwhite,Nonwhite,68.0,32.0,,,,2.71,midfield_2024,
"2024-Senate-AZ|Fox August 23-26, 2024",Fox News / Beacon Research (D) & Shaw & Company Research (R),Fox News,2024-Senate-AZ,2024,Senate,AZ,"August 23-26, 2024",2024-08-26,71,1014,RV,57.7,42.3,-15.4,-2.46,12.94,Race,White,White,55.1,44.9,,,,2.71,midfield_2024,
"2024-Senate-AZ|Fox September 20-24, 2024",Fox News / Beacon Research (D) & Shaw & Company Research (R),Fox News,2024-Senate-AZ,2024,Senate,AZ,"September 20-24, 2024",2024-09-24,42,1021,RV,57.1,42.9,-14.2,-2.46,11.74,Age,Age 45+,Age 45+,56.7,43.3,,,,1.8,midfield_2024,
"2024-Senate-AZ|Fox September 20-24, 2024",Fox News / Beacon Research (D) & Shaw & Company Research (R),Fox News,2024-Senate-AZ,2024,Senate,AZ,"September 20-24, 2024",2024-09-24,42,1021,RV,57.1,42.9,-14.2,-2.46,11.74,Age,Age 65+,Age 65+,61.5,38.5,,,,1.8,midfield_2024,
"2024-Senate-AZ|Fox September 20-24, 2024",Fox News / Beacon Research (D) & Shaw & Company Research (R),Fox News,2024-Senate-AZ,2024,Senate,AZ,"September 20-24, 2024",2024-09-24,42,1021,RV,57.1,42.9,-14.2,-2.46,11.74,Age,Under Age 35,Under Age 35,56.7,43.3,,,,1.8,midfield_2024,
"2024-Senate-AZ|Fox September 20-24, 2024",Fox News / Beacon Research (D) & Shaw & Company Research (R),Fox News,2024-Senate-AZ,2024,Senate,AZ,"September 20-24, 2024",2024-09-24,42,1021,RV,57.1,42.9,-14.2,-2.46,11.74,Age,Under Age 45,Under Age 45,57.7,42.3,,,,1.8,midfield_2024,
"2024-Senate-AZ|Fox September 20-24, 2024",Fox News / Beacon Research (D) & Shaw & Company Research (R),Fox News,2024-Senate-AZ,2024,Senate,AZ,"September 20-24, 2024",2024-09-24,42,1021,RV,57.1,42.9,-14.2,-2.46,11.74,Education,B.A.+,B.A.+,60.2,39.8,60.2,55.2,0.74,1.8,midfield_2024,
"2024-Senate-AZ|Fox September 20-24, 2024",Fox News / Beacon Research (D) & Shaw & Company Research (R),Fox News,2024-Senate-AZ,2024,Senate,AZ,"September 20-24, 2024",2024-09-24,42,1021,RV,57.1,42.9,-14.2,-2.46,11.74,Education,No B.A.,No B.A.,54.6,45.4,54.6,48.6,0.74,1.8,midfield_2024,
"2024-Senate-AZ|Fox September 20-24, 2024",Fox News / Beacon Research (D) & Shaw & Company Research (R),Fox News,2024-Senate-AZ,2024,Senate,AZ,"September 20-24, 2024",2024-09-24,42,1021,RV,57.1,42.9,-14.2,-2.46,11.74,Gender,Men,Men,52.0,48.0,52.0,49.5,2.86,1.8,midfield_2024,
"2024-Senate-AZ|Fox September 20-24, 2024",Fox News / Beacon Research (D) & Shaw & Company Research (R),Fox News,2024-Senate-AZ,2024,Senate,AZ,"September 20-24, 2024",2024-09-24,42,1021,RV,57.1,42.9,-14.2,-2.46,11.74,Gender,Women,Women,61.9,38.1,61.9,52.5,2.86,1.8,midfield_2024,
"2024-Senate-AZ|Fox September 20-24, 2024",Fox News / Beacon Research (D) & Shaw & Company Research (R),Fox News,2024-Senate-AZ,2024,Senate,AZ,"September 20-24, 2024",2024-09-24,42,1021,RV,57.1,42.9,-14.2,-2.46,11.74,Race,Nonwhite,Nonwhite,63.9,36.1,,,,1.8,midfield_2024,
"2024-Senate-AZ|Fox September 20-24, 2024",Fox News / Beacon Research (D) & Shaw & Company Research (R),Fox News,2024-Senate-AZ,2024,Senate,AZ,"September 20-24, 2024",2024-09-24,42,1021,RV,57.1,42.9,-14.2,-2.46,11.74,Race,White,White,54.6,45.4,,,,1.8,midfield_2024,
"2024-Senate-NV|Fox August 23-26, 2024",Fox News / Beacon Research (D) & Shaw & Company Research (R),Fox News,2024-Senate-NV,2024,Senate,NV,"August 23-26, 2024",2024-08-26,71,1026,RV,57.3,42.7,-14.6,-1.75,12.85,Age,Age 45+,Age 45+,55.7,44.3,,,,2.1,midfield_2024,
"2024-Senate-NV|Fox August 23-26, 2024",Fox News / Beacon Research (D) & Shaw & Company Research (R),Fox News,2024-Senate-NV,2024,Senate,NV,"August 23-26, 2024",2024-08-26,71,1026,RV,57.3,42.7,-14.6,-1.75,12.85,Age,Age 65+,Age 65+,54.6,45.4,,,,2.1,midfield_2024,
"2024-Senate-NV|Fox August 23-26, 2024",Fox News / Beacon Research (D) & Shaw & Company Research (R),Fox News,2024-Senate-NV,2024,Senate,NV,"August 23-26, 2024",2024-08-26,71,1026,RV,57.3,42.7,-14.6,-1.75,12.85,Age,Under Age 35,Under Age 35,63.5,36.5,,,,2.1,midfield_2024,
"2024-Senate-NV|Fox August 23-26, 2024",Fox News / Beacon Research (D) & Shaw & Company Research (R),Fox News,2024-Senate-NV,2024,Senate,NV,"August 23-26, 2024",2024-08-26,71,1026,RV,57.3,42.7,-14.6,-1.75,12.85,Age,Under Age 45,Under Age 45,59.4,40.6,,,,2.1,midfield_2024,
"2024-Senate-NV|Fox August 23-26, 2024",Fox News / Beacon Research (D) & Shaw & Company Research (R),Fox News,2024-Senate-NV,2024,Senate,NV,"August 23-26, 2024",2024-08-26,71,1026,RV,57.3,42.7,-14.6,-1.75,12.85,Education,B.A.+,B.A.+,58.2,41.8,58.2,56.8,3.75,2.1,midfield_2024,
"2024-Senate-NV|Fox August 23-26, 2024",Fox News / Beacon Research (D) & Shaw & Company Research (R),Fox News,2024-Senate-NV,2024,Senate,NV,"August 23-26, 2024",2024-08-26,71,1026,RV,57.3,42.7,-14.6,-1.75,12.85,Education,No B.A.,No B.A.,56.2,43.8,56.2,47.2,3.75,2.1,midfield_2024,
"2024-Senate-NV|Fox August 23-26, 2024",Fox News / Beacon Research (D) & Shaw & Company Research (R),Fox News,2024-Senate-NV,2024,Senate,NV,"August 23-26, 2024",2024-08-26,71,1026,RV,57.3,42.7,-14.6,-1.75,12.85,Gender,Men,Men,50.5,49.5,50.5,45.7,0.45,2.1,midfield_2024,
"2024-Senate-NV|Fox August 23-26, 2024",Fox News / Beacon Research (D) & Shaw & Company Research (R),Fox News,2024-Senate-NV,2024,Senate,NV,"August 23-26, 2024",2024-08-26,71,1026,RV,57.3,42.7,-14.6,-1.75,12.85,Gender,Women,Women,63.9,36.1,63.9,56.8,0.45,2.1,midfield_2024,
"2024-Senate-NV|Fox August 23-26, 2024",Fox News / Beacon Research (D) & Shaw & Company Research (R),Fox News,2024-Senate-NV,2024,Senate,NV,"August 23-26, 2024",2024-08-26,71,1026,RV,57.3,42.7,-14.6,-1.75,12.85,Race,Nonwhite,Nonwhite,62.9,37.1,,,,2.1,midfield_2024,
"2024-Senate-NV|Fox August 23-26, 2024",Fox News / Beacon Research (D) & Shaw & Company Research (R),Fox News,2024-Senate-NV,2024,Senate,NV,"August 23-26, 2024",2024-08-26,71,1026,RV,57.3,42.7,-14.6,-1.75,12.85,Race,White,White,54.6,45.4,,,,2.1,midfield_2024,
"2024-Senate-PA|Fox September 20-24, 2024",Fox News / Beacon Research (D) & Shaw & Company Research (R),Fox News,2024-Senate-PA,2024,Senate,PA,"September 20-24, 2024",2024-09-24,42,1021,RV,54.6,45.4,-9.2,0.22,9.42,Age,Age 45+,Age 45+,53.6,46.4,,,,3.0,midfield_2024,
"2024-Senate-PA|Fox September 20-24, 2024",Fox News / Beacon Research (D) & Shaw & Company Research (R),Fox News,2024-Senate-PA,2024,Senate,PA,"September 20-24, 2024",2024-09-24,42,1021,RV,54.6,45.4,-9.2,0.22,9.42,Age,Age 65+,Age 65+,54.1,45.9,,,,3.0,midfield_2024,
"2024-Senate-PA|Fox September 20-24, 2024",Fox News / Beacon Research (D) & Shaw & Company Research (R),Fox News,2024-Senate-PA,2024,Senate,PA,"September 20-24, 2024",2024-09-24,42,1021,RV,54.6,45.4,-9.2,0.22,9.42,Age,Under Age 35,Under Age 35,59.4,40.6,,,,3.0,midfield_2024,
"2024-Senate-PA|Fox September 20-24, 2024",Fox News / Beacon Research (D) & Shaw & Company Research (R),Fox News,2024-Senate-PA,2024,Senate,PA,"September 20-24, 2024",2024-09-24,42,1021,RV,54.6,45.4,-9.2,0.22,9.42,Age,Under Age 45,Under Age 45,57.3,42.7,,,,3.0,midfield_2024,
"2024-Senate-PA|Fox September 20-24, 2024",Fox News / Beacon Research (D) & Shaw & Company Research (R),Fox News,2024-Senate-PA,2024,Senate,PA,"September 20-24, 2024",2024-09-24,42,1021,RV,54.6,45.4,-9.2,0.22,9.42,Education,B.A.+,B.A.+,58.2,41.8,58.2,60.4,5.84,3.0,midfield_2024,
"2024-Senate-PA|Fox September 20-24, 2024",Fox News / Beacon Research (D) & Shaw & Company Research (R),Fox News,2024-Senate-PA,2024,Senate,PA,"September 20-24, 2024",2024-09-24,42,1021,RV,54.6,45.4,-9.2,0.22,9.42,Education,No B.A.,No B.A.,52.6,47.4,52.6,43.1,5.84,3.0,midfield_2024,
"2024-Senate-PA|Fox September 20-24, 2024",Fox News / Beacon Research (D) & Shaw & Company Research (R),Fox News,2024-Senate-PA,2024,Senate,PA,"September 20-24, 2024",2024-09-24,42,1021,RV,54.6,45.4,-9.2,0.22,9.42,Gender,Men,Men,46.4,53.6,46.4,41.8,0.15,3.0,midfield_2024,
"2024-Senate-PA|Fox September 20-24, 2024",Fox News / Beacon Research (D) & Shaw & Company Research (R),Fox News,2024-Senate-PA,2024,Senate,PA,"September 20-24, 2024",2024-09-24,42,1021,RV,54.6,45.4,-9.2,0.22,9.42,Gender,Women,Women,62.5,37.5,62.5,56.7,0.15,3.0,midfield_2024,
"2024-Senate-PA|Fox September 20-24, 2024",Fox News / Beacon Research (D) & Shaw & Company Research (R),Fox News,2024-Senate-PA,2024,Senate,PA,"September 20-24, 2024",2024-09-24,42,1021,RV,54.6,45.4,-9.2,0.22,9.42,Race,Nonwhite,Nonwhite,74.0,26.0,,,,3.0,midfield_2024,
"2024-Senate-PA|Fox September 20-24, 2024",Fox News / Beacon Research (D) & Shaw & Company Research (R),Fox News,2024-Senate-PA,2024,Senate,PA,"September 20-24, 2024",2024-09-24,42,1021,RV,54.6,45.4,-9.2,0.22,9.42,Race,White,White,52.0,48.0,,,,3.0,midfield_2024,
2024-Senate-TX|Emerson,Emerson College Polling / The Hill,Emerson,2024-Senate-TX,2024,Senate,TX,"October 18-21, 2024",2024-10-21,15,815,LV,47.0,48.0,1.05,8.71,7.66,Age,18-29 years,18-29 years,64.8,35.2,,,,4.56,,
2024-Senate-TX|Emerson,Emerson College Polling / The Hill,Emerson,2024-Senate-TX,2024,Senate,TX,"October 18-21, 2024",2024-10-21,15,815,LV,47.0,48.0,1.05,8.71,7.66,Age,30-39 years,30-39 years,57.5,42.5,,,,4.56,,
2024-Senate-TX|Emerson,Emerson College Polling / The Hill,Emerson,2024-Senate-TX,2024,Senate,TX,"October 18-21, 2024",2024-10-21,15,815,LV,47.0,48.0,1.05,8.71,7.66,Age,40-49 years,40-49 years,51.6,48.4,,,,4.56,,
2024-Senate-TX|Emerson,Emerson College Polling / The Hill,Emerson,2024-Senate-TX,2024,Senate,TX,"October 18-21, 2024",2024-10-21,15,815,LV,47.0,48.0,1.05,8.71,7.66,Age,50-59 years,50-59 years,46.0,54.0,,,,4.56,,
2024-Senate-TX|Emerson,Emerson College Polling / The Hill,Emerson,2024-Senate-TX,2024,Senate,TX,"October 18-21, 2024",2024-10-21,15,815,LV,47.0,48.0,1.05,8.71,7.66,Age,60-69 years,60-69 years,42.8,57.2,,,,4.56,,
2024-Senate-TX|Emerson,Emerson College Polling / The Hill,Emerson,2024-Senate-TX,2024,Senate,TX,"October 18-21, 2024",2024-10-21,15,815,LV,47.0,48.0,1.05,8.71,7.66,Age,70 or more years,70 or more years,39.6,60.4,,,,4.56,,
2024-Senate-TX|Emerson,Emerson College Polling / The Hill,Emerson,2024-Senate-TX,2024,Senate,TX,"October 18-21, 2024",2024-10-21,15,815,LV,47.0,48.0,1.05,8.71,7.66,Education,B.A.+,B.A.+,51.7,48.3,51.7,51.9,4.05,4.56,,
2024-Senate-TX|Emerson,Emerson College Polling / The Hill,Emerson,2024-Senate-TX,2024,Senate,TX,"October 18-21, 2024",2024-10-21,15,815,LV,47.0,48.0,1.05,8.71,7.66,Education,No B.A.,No B.A.,47.5,52.5,47.5,40.5,4.05,4.56,,
2024-Senate-TX|Emerson,Emerson College Polling / The Hill,Emerson,2024-Senate-TX,2024,Senate,TX,"October 18-21, 2024",2024-10-21,15,815,LV,47.0,48.0,1.05,8.71,7.66,Gender,Female,Female,55.7,44.3,,,0.41,4.56,,
2024-Senate-TX|Emerson,Emerson College Polling / The Hill,Emerson,2024-Senate-TX,2024,Senate,TX,"October 18-21, 2024",2024-10-21,15,815,LV,47.0,48.0,1.05,8.71,7.66,Gender,Male,Male,41.2,58.8,,,0.41,4.56,,
2024-Senate-TX|Emerson,Emerson College Polling / The Hill,Emerson,2024-Senate-TX,2024,Senate,TX,"October 18-21, 2024",2024-10-21,15,815,LV,47.0,48.0,1.05,8.71,7.66,Gender,Nonbinary or other,Nonbinary or other,100.0,0.0,,,0.41,4.56,,
2024-Senate-TX|Emerson,Emerson College Polling / The Hill,Emerson,2024-Senate-TX,2024,Senate,TX,"October 18-21, 2024",2024-10-21,15,815,LV,47.0,48.0,1.05,8.71,7.66,Race,Asian,Asian,65.7,34.3,65.7,43.3,9.22,4.56,,
2024-Senate-TX|Emerson,Emerson College Polling / The Hill,Emerson,2024-Senate-TX,2024,Senate,TX,"October 18-21, 2024",2024-10-21,15,815,LV,47.0,48.0,1.05,8.71,7.66,Race,Black or African American,Black,94.8,5.2,94.8,87.5,9.22,4.56,,
2024-Senate-TX|Emerson,Emerson College Polling / The Hill,Emerson,2024-Senate-TX,2024,Senate,TX,"October 18-21, 2024",2024-10-21,15,815,LV,47.0,48.0,1.05,8.71,7.66,Race,Hispanic or Latino of any race,Hispanic,62.7,37.3,62.7,48.5,9.22,4.56,,
2024-Senate-TX|Emerson,Emerson College Polling / The Hill,Emerson,2024-Senate-TX,2024,Senate,TX,"October 18-21, 2024",2024-10-21,15,815,LV,47.0,48.0,1.05,8.71,7.66,Race,Other or multiple races,Other or multiple races,36.6,63.4,,,9.22,4.56,,
2024-Senate-TX|Emerson,Emerson College Polling / The Hill,Emerson,2024-Senate-TX,2024,Senate,TX,"October 18-21, 2024",2024-10-21,15,815,LV,47.0,48.0,1.05,8.71,7.66,Race,White or Caucasian,White,34.8,65.2,34.8,36.4,9.22,4.56,,
2024-Senate-TX|NYT/Siena early Oct,New York Times / Siena College,NYT/Siena,2024-Senate-TX,2024,Senate,TX,"September 29-October 4, 2024",2024-10-04,32,617,LV,44.0,48.0,4.35,8.71,4.36,Age,18-29,18-29,52.0,35.0,59.8,54.0,3.98,1.8,,
2024-Senate-TX|NYT/Siena early Oct,New York Times / Siena College,NYT/Siena,2024-Senate-TX,2024,Senate,TX,"September 29-October 4, 2024",2024-10-04,32,617,LV,44.0,48.0,4.35,8.71,4.36,Age,30-44,30-44,45.0,42.0,51.7,47.2,3.98,1.8,,
2024-Senate-TX|NYT/Siena early Oct,New York Times / Siena College,NYT/Siena,2024-Senate-TX,2024,Senate,TX,"September 29-October 4, 2024",2024-10-04,32,617,LV,44.0,48.0,4.35,8.71,4.36,Age,45-64,45-64,40.0,56.0,41.7,44.3,3.98,1.8,,
2024-Senate-TX|NYT/Siena early Oct,New York Times / Siena College,NYT/Siena,2024-Senate-TX,2024,Senate,TX,"September 29-October 4, 2024",2024-10-04,32,617,LV,44.0,48.0,4.35,8.71,4.36,Age,65+,65+,42.0,53.0,44.2,40.4,3.98,1.8,,
2024-Senate-TX|NYT/Siena early Oct,New York Times / Siena College,NYT/Siena,2024-Senate-TX,2024,Senate,TX,"September 29-October 4, 2024",2024-10-04,32,617,LV,44.0,48.0,4.35,8.71,4.36,Education,B.A.+,B.A.+,51.0,42.0,54.8,51.9,0.3,1.8,,
2024-Senate-TX|NYT/Siena early Oct,New York Times / Siena College,NYT/Siena,2024-Senate-TX,2024,Senate,TX,"September 29-October 4, 2024",2024-10-04,32,617,LV,44.0,48.0,4.35,8.71,4.36,Education,No B.A.,No B.A.,39.0,51.0,43.3,40.5,0.3,1.8,,
2024-Senate-TX|NYT/Siena early Oct,New York Times / Siena College,NYT/Siena,2024-Senate-TX,2024,Senate,TX,"September 29-October 4, 2024",2024-10-04,32,617,LV,44.0,48.0,4.35,8.71,4.36,Gender,Men,Men,37.0,55.0,40.2,38.8,0.67,1.8,,
2024-Senate-TX|NYT/Siena early Oct,New York Times / Siena College,NYT/Siena,2024-Senate-TX,2024,Senate,TX,"September 29-October 4, 2024",2024-10-04,32,617,LV,44.0,48.0,4.35,8.71,4.36,Gender,Women,Women,50.0,41.0,54.9,51.5,0.67,1.8,,
2024-Senate-TX|NYT/Siena early Oct,New York Times / Siena College,NYT/Siena,2024-Senate-TX,2024,Senate,TX,"September 29-October 4, 2024",2024-10-04,32,617,LV,44.0,48.0,4.35,8.71,4.36,Race,Black,Black,84.0,5.0,94.4,87.5,2.23,1.8,,
2024-Senate-TX|NYT/Siena early Oct,New York Times / Siena College,NYT/Siena,2024-Senate-TX,2024,Senate,TX,"September 29-October 4, 2024",2024-10-04,32,617,LV,44.0,48.0,4.35,8.71,4.36,Race,Hispanic,Hispanic,49.0,36.0,57.6,48.5,2.23,1.8,,
2024-Senate-TX|NYT/Siena early Oct,New York Times / Siena College,NYT/Siena,2024-Senate-TX,2024,Senate,TX,"September 29-October 4, 2024",2024-10-04,32,617,LV,44.0,48.0,4.35,8.71,4.36,Race,Other,Other,39.0,46.0,,,2.23,1.8,,
2024-Senate-TX|NYT/Siena early Oct,New York Times / Siena College,NYT/Siena,2024-Senate-TX,2024,Senate,TX,"September 29-October 4, 2024",2024-10-04,32,617,LV,44.0,48.0,4.35,8.71,4.36,Race,White,White,36.0,59.0,37.9,36.4,2.23,1.8,,
2024-Senate-TX|NYT/Siena late Oct,New York Times / Siena College,NYT/Siena,2024-Senate-TX,2024,Senate,TX,"October 23-26, 2024",2024-10-26,10,1180,LV,46.0,50.0,4.17,8.71,4.54,Age,18-29,18-29,61.0,33.0,64.9,54.0,6.46,3.29,,
2024-Senate-TX|NYT/Siena late Oct,New York Times / Siena College,NYT/Siena,2024-Senate-TX,2024,Senate,TX,"October 23-26, 2024",2024-10-26,10,1180,LV,46.0,50.0,4.17,8.71,4.54,Age,30-44,30-44,51.0,46.0,52.6,47.2,6.46,3.29,,
2024-Senate-TX|NYT/Siena late Oct,New York Times / Siena College,NYT/Siena,2024-Senate-TX,2024,Senate,TX,"October 23-26, 2024",2024-10-26,10,1180,LV,46.0,50.0,4.17,8.71,4.54,Age,45-64,45-64,40.0,57.0,41.2,44.3,6.46,3.29,,
2024-Senate-TX|NYT/Siena late Oct,New York Times / Siena College,NYT/Siena,2024-Senate-TX,2024,Senate,TX,"October 23-26, 2024",2024-10-26,10,1180,LV,46.0,50.0,4.17,8.71,4.54,Age,65+,65+,43.0,54.0,44.3,40.4,6.46,3.29,,
2024-Senate-TX|NYT/Siena late Oct,New York Times / Siena College,NYT/Siena,2024-Senate-TX,2024,Senate,TX,"October 23-26, 2024",2024-10-26,10,1180,LV,46.0,50.0,4.17,8.71,4.54,Education,B.A.+,B.A.+,53.0,44.0,54.6,51.9,0.29,3.29,,
2024-Senate-TX|NYT/Siena late Oct,New York Times / Siena College,NYT/Siena,2024-Senate-TX,2024,Senate,TX,"October 23-26, 2024",2024-10-26,10,1180,LV,46.0,50.0,4.17,8.71,4.54,Education,No B.A.,No B.A.,41.0,54.0,43.2,40.5,0.29,3.29,,
2024-Senate-TX|NYT/Siena late Oct,New York Times / Siena College,NYT/Siena,2024-Senate-TX,2024,Senate,TX,"October 23-26, 2024",2024-10-26,10,1180,LV,46.0,50.0,4.17,8.71,4.54,Gender,Men,Men,39.0,57.0,40.6,38.8,0.29,3.29,,
2024-Senate-TX|NYT/Siena late Oct,New York Times / Siena College,NYT/Siena,2024-Senate-TX,2024,Senate,TX,"October 23-26, 2024",2024-10-26,10,1180,LV,46.0,50.0,4.17,8.71,4.54,Gender,Women,Women,53.0,44.0,54.6,51.5,0.29,3.29,,
2024-Senate-TX|NYT/Siena late Oct,New York Times / Siena College,NYT/Siena,2024-Senate-TX,2024,Senate,TX,"October 23-26, 2024",2024-10-26,10,1180,LV,46.0,50.0,4.17,8.71,4.54,Race,Black,Black,76.0,21.0,78.4,87.5,6.12,3.29,,
2024-Senate-TX|NYT/Siena late Oct,New York Times / Siena College,NYT/Siena,2024-Senate-TX,2024,Senate,TX,"October 23-26, 2024",2024-10-26,10,1180,LV,46.0,50.0,4.17,8.71,4.54,Race,Hispanic,Hispanic,56.0,38.0,59.6,48.5,6.12,3.29,,
2024-Senate-TX|NYT/Siena late Oct,New York Times / Siena College,NYT/Siena,2024-Senate-TX,2024,Senate,TX,"October 23-26, 2024",2024-10-26,10,1180,LV,46.0,50.0,4.17,8.71,4.54,Race,Other,Other,58.0,37.0,,,6.12,3.29,,
2024-Senate-TX|NYT/Siena late Oct,New York Times / Siena College,NYT/Siena,2024-Senate-TX,2024,Senate,TX,"October 23-26, 2024",2024-10-26,10,1180,LV,46.0,50.0,4.17,8.71,4.54,Race,White,White,36.0,61.0,37.1,36.4,6.12,3.29,,
2024-Senate-TX|UT/TexasPolitics,University of Texas / Texas Politics Project (YouGov),UT/TPP,2024-Senate-TX,2024,Senate,TX,"October 2-10, 2024",2024-10-10,26,1200,RV (LV screen for ballot),44.0,51.0,7.37,8.71,1.34,Age,18-29,18-29,51.0,44.0,53.7,54.0,5.05,7.66,,
2024-Senate-TX|UT/TexasPolitics,University of Texas / Texas Politics Project (YouGov),UT/TPP,2024-Senate-TX,2024,Senate,TX,"October 2-10, 2024",2024-10-10,26,1200,RV (LV screen for ballot),44.0,51.0,7.37,8.71,1.34,Age,30-44,30-44,50.0,41.0,54.9,47.2,5.05,7.66,,
2024-Senate-TX|UT/TexasPolitics,University of Texas / Texas Politics Project (YouGov),UT/TPP,2024-Senate-TX,2024,Senate,TX,"October 2-10, 2024",2024-10-10,26,1200,RV (LV screen for ballot),44.0,51.0,7.37,8.71,1.34,Age,45-64,45-64,42.0,55.0,43.3,44.3,5.05,7.66,,
2024-Senate-TX|UT/TexasPolitics,University of Texas / Texas Politics Project (YouGov),UT/TPP,2024-Senate-TX,2024,Senate,TX,"October 2-10, 2024",2024-10-10,26,1200,RV (LV screen for ballot),44.0,51.0,7.37,8.71,1.34,Age,65+,65+,38.0,61.0,38.4,40.4,5.05,7.66,,
2024-Senate-TX|UT/TexasPolitics,University of Texas / Texas Politics Project (YouGov),UT/TPP,2024-Senate-TX,2024,Senate,TX,"October 2-10, 2024",2024-10-10,26,1200,RV (LV screen for ballot),44.0,51.0,7.37,8.71,1.34,Education,B.A.+,B.A.+,43.5,52.5,45.3,51.9,6.96,7.66,,
2024-Senate-TX|UT/TexasPolitics,University of Texas / Texas Politics Project (YouGov),UT/TPP,2024-Senate-TX,2024,Senate,TX,"October 2-10, 2024",2024-10-10,26,1200,RV (LV screen for ballot),44.0,51.0,7.37,8.71,1.34,Education,No B.A.,No B.A.,44.4,50.5,46.8,40.5,6.96,7.66,,
2024-Senate-TX|UT/TexasPolitics,University of Texas / Texas Politics Project (YouGov),UT/TPP,2024-Senate-TX,2024,Senate,TX,"October 2-10, 2024",2024-10-10,26,1200,RV (LV screen for ballot),44.0,51.0,7.37,8.71,1.34,Gender,Female,Female,49.0,47.0,,,1.65,7.66,,
2024-Senate-TX|UT/TexasPolitics,University of Texas / Texas Politics Project (YouGov),UT/TPP,2024-Senate-TX,2024,Senate,TX,"October 2-10, 2024",2024-10-10,26,1200,RV (LV screen for ballot),44.0,51.0,7.37,8.71,1.34,Gender,Male,Male,39.0,56.0,,,1.65,7.66,,
2024-Senate-TX|UT/TexasPolitics,University of Texas / Texas Politics Project (YouGov),UT/TPP,2024-Senate-TX,2024,Senate,TX,"October 2-10, 2024",2024-10-10,26,1200,RV (LV screen for ballot),44.0,51.0,7.37,8.71,1.34,Race,Asian,Asian,73.0,27.0,73.0,43.3,16.96,7.66,,
2024-Senate-TX|UT/TexasPolitics,University of Texas / Texas Politics Project (YouGov),UT/TPP,2024-Senate-TX,2024,Senate,TX,"October 2-10, 2024",2024-10-10,26,1200,RV (LV screen for ballot),44.0,51.0,7.37,8.71,1.34,Race,Black,Black,75.0,17.0,81.5,87.5,16.96,7.66,,
2024-Senate-TX|UT/TexasPolitics,University of Texas / Texas Politics Project (YouGov),UT/TPP,2024-Senate-TX,2024,Senate,TX,"October 2-10, 2024",2024-10-10,26,1200,RV (LV screen for ballot),44.0,51.0,7.37,8.71,1.34,Race,Hispanic,Hispanic,47.0,49.0,49.0,48.5,16.96,7.66,,
2024-Senate-TX|UT/TexasPolitics,University of Texas / Texas Politics Project (YouGov),UT/TPP,2024-Senate-TX,2024,Senate,TX,"October 2-10, 2024",2024-10-10,26,1200,RV (LV screen for ballot),44.0,51.0,7.37,8.71,1.34,Race,Other,Other,28.0,56.0,,,16.96,7.66,,
2024-Senate-TX|UT/TexasPolitics,University of Texas / Texas Politics Project (YouGov),UT/TPP,2024-Senate-TX,2024,Senate,TX,"October 2-10, 2024",2024-10-10,26,1200,RV (LV screen for ballot),44.0,51.0,7.37,8.71,1.34,Race,White,White,36.0,60.0,37.5,36.4,16.96,7.66,,
"2024-Senate-WI|Marquette August 28-September 5, 2024",Marquette Law School Poll,Marquette,2024-Senate-WI,2024,Senate,WI,"August 28-September 5, 2024",2024-09-05,61,738,LV,52.5,47.5,-5.0,-0.87,4.13,Age,18-29,18-29,52.0,48.0,,,,7.07,midfield_2024,
"2024-Senate-WI|Marquette August 28-September 5, 2024",Marquette Law School Poll,Marquette,2024-Senate-WI,2024,Senate,WI,"August 28-September 5, 2024",2024-09-05,61,738,LV,52.5,47.5,-5.0,-0.87,4.13,Age,30-44,30-44,56.1,43.9,,,,7.07,midfield_2024,
"2024-Senate-WI|Marquette August 28-September 5, 2024",Marquette Law School Poll,Marquette,2024-Senate-WI,2024,Senate,WI,"August 28-September 5, 2024",2024-09-05,61,738,LV,52.5,47.5,-5.0,-0.87,4.13,Age,45-59,45-59,47.0,53.0,,,,7.07,midfield_2024,
"2024-Senate-WI|Marquette August 28-September 5, 2024",Marquette Law School Poll,Marquette,2024-Senate-WI,2024,Senate,WI,"August 28-September 5, 2024",2024-09-05,61,738,LV,52.5,47.5,-5.0,-0.87,4.13,Age,60+,60+,53.5,46.5,,,,7.07,midfield_2024,
"2024-Senate-WI|Marquette August 28-September 5, 2024",Marquette Law School Poll,Marquette,2024-Senate-WI,2024,Senate,WI,"August 28-September 5, 2024",2024-09-05,61,738,LV,52.5,47.5,-5.0,-0.87,4.13,Education,B.A.+,B.A.+,55.6,44.4,55.6,58.4,3.58,7.07,midfield_2024,
"2024-Senate-WI|Marquette August 28-September 5, 2024",Marquette Law School Poll,Marquette,2024-Senate-WI,2024,Senate,WI,"August 28-September 5, 2024",2024-09-05,61,738,LV,52.5,47.5,-5.0,-0.87,4.13,Education,No B.A.,No B.A.,50.3,49.7,50.3,45.7,3.58,7.07,midfield_2024,
"2024-Senate-WI|Marquette August 28-September 5, 2024",Marquette Law School Poll,Marquette,2024-Senate-WI,2024,Senate,WI,"August 28-September 5, 2024",2024-09-05,61,738,LV,52.5,47.5,-5.0,-0.87,4.13,Gender,Men,Men,43.4,56.6,43.4,46.4,3.57,7.07,midfield_2024,
"2024-Senate-WI|Marquette August 28-September 5, 2024",Marquette Law School Poll,Marquette,2024-Senate-WI,2024,Senate,WI,"August 28-September 5, 2024",2024-09-05,61,738,LV,52.5,47.5,-5.0,-0.87,4.13,Gender,Women,Women,59.6,40.4,59.6,55.1,3.57,7.07,midfield_2024,
"2024-Senate-WI|Marquette August 28-September 5, 2024",Marquette Law School Poll,Marquette,2024-Senate-WI,2024,Senate,WI,"August 28-September 5, 2024",2024-09-05,61,738,LV,52.5,47.5,-5.0,-0.87,4.13,Race,Black,Black,96.0,4.0,96.0,77.0,14.06,7.07,midfield_2024,
"2024-Senate-WI|Marquette August 28-September 5, 2024",Marquette Law School Poll,Marquette,2024-Senate-WI,2024,Senate,WI,"August 28-September 5, 2024",2024-09-05,61,738,LV,52.5,47.5,-5.0,-0.87,4.13,Race,Hispanic,Hispanic,37.5,62.5,37.5,64.9,14.06,7.07,midfield_2024,
"2024-Senate-WI|Marquette August 28-September 5, 2024",Marquette Law School Poll,Marquette,2024-Senate-WI,2024,Senate,WI,"August 28-September 5, 2024",2024-09-05,61,738,LV,52.5,47.5,-5.0,-0.87,4.13,Race,Other,Other,60.6,39.4,,,14.06,7.07,midfield_2024,
"2024-Senate-WI|Marquette August 28-September 5, 2024",Marquette Law School Poll,Marquette,2024-Senate-WI,2024,Senate,WI,"August 28-September 5, 2024",2024-09-05,61,738,LV,52.5,47.5,-5.0,-0.87,4.13,Race,White,White,51.0,49.0,51.0,46.9,14.06,7.07,midfield_2024,
"2024-Senate-WI|Marquette September 18-26, 2024",Marquette Law School Poll,Marquette,2024-Senate-WI,2024,Senate,WI,"September 18-26, 2024",2024-09-26,40,798,LV,53.5,46.5,-7.0,-0.87,6.13,Age,18-29,18-29,64.6,35.4,,,,2.19,midfield_2024,
"2024-Senate-WI|Marquette September 18-26, 2024",Marquette Law School Poll,Marquette,2024-Senate-WI,2024,Senate,WI,"September 18-26, 2024",2024-09-26,40,798,LV,53.5,46.5,-7.0,-0.87,6.13,Age,30-44,30-44,56.6,43.4,,,,2.19,midfield_2024,
"2024-Senate-WI|Marquette September 18-26, 2024",Marquette Law School Poll,Marquette,2024-Senate-WI,2024,Senate,WI,"September 18-26, 2024",2024-09-26,40,798,LV,53.5,46.5,-7.0,-0.87,6.13,Age,45-59,45-59,50.0,50.0,,,,2.19,midfield_2024,
"2024-Senate-WI|Marquette September 18-26, 2024",Marquette Law School Poll,Marquette,2024-Senate-WI,2024,Senate,WI,"September 18-26, 2024",2024-09-26,40,798,LV,53.5,46.5,-7.0,-0.87,6.13,Age,60+,60+,49.0,51.0,,,,2.19,midfield_2024,
"2024-Senate-WI|Marquette September 18-26, 2024",Marquette Law School Poll,Marquette,2024-Senate-WI,2024,Senate,WI,"September 18-26, 2024",2024-09-26,40,798,LV,53.5,46.5,-7.0,-0.87,6.13,Education,B.A.+,B.A.+,61.6,38.4,61.6,58.4,0.03,2.19,midfield_2024,
"2024-Senate-WI|Marquette September 18-26, 2024",Marquette Law School Poll,Marquette,2024-Senate-WI,2024,Senate,WI,"September 18-26, 2024",2024-09-26,40,798,LV,53.5,46.5,-7.0,-0.87,6.13,Education,No B.A.,No B.A.,48.3,51.7,48.3,45.7,0.03,2.19,midfield_2024,
"2024-Senate-WI|Marquette September 18-26, 2024",Marquette Law School Poll,Marquette,2024-Senate-WI,2024,Senate,WI,"September 18-26, 2024",2024-09-26,40,798,LV,53.5,46.5,-7.0,-0.87,6.13,Gender,Men,Men,45.5,54.5,45.5,46.4,2.58,2.19,midfield_2024,
"2024-Senate-WI|Marquette September 18-26, 2024",Marquette Law School Poll,Marquette,2024-Senate-WI,2024,Senate,WI,"September 18-26, 2024",2024-09-26,40,798,LV,53.5,46.5,-7.0,-0.87,6.13,Gender,Women,Women,60.0,40.0,60.0,55.1,2.58,2.19,midfield_2024,
"2024-Senate-WI|Marquette September 18-26, 2024",Marquette Law School Poll,Marquette,2024-Senate-WI,2024,Senate,WI,"September 18-26, 2024",2024-09-26,40,798,LV,53.5,46.5,-7.0,-0.87,6.13,Race,Black,Black,76.0,24.0,76.0,77.0,3.95,2.19,midfield_2024,
"2024-Senate-WI|Marquette September 18-26, 2024",Marquette Law School Poll,Marquette,2024-Senate-WI,2024,Senate,WI,"September 18-26, 2024",2024-09-26,40,798,LV,53.5,46.5,-7.0,-0.87,6.13,Race,Hispanic,Hispanic,56.0,44.0,56.0,64.9,3.95,2.19,midfield_2024,
"2024-Senate-WI|Marquette September 18-26, 2024",Marquette Law School Poll,Marquette,2024-Senate-WI,2024,Senate,WI,"September 18-26, 2024",2024-09-26,40,798,LV,53.5,46.5,-7.0,-0.87,6.13,Race,Other,Other,70.0,30.0,,,3.95,2.19,midfield_2024,
"2024-Senate-WI|Marquette September 18-26, 2024",Marquette Law School Poll,Marquette,2024-Senate-WI,2024,Senate,WI,"September 18-26, 2024",2024-09-26,40,798,LV,53.5,46.5,-7.0,-0.87,6.13,Race,White,White,52.0,48.0,52.0,46.9,3.95,2.19,midfield_2024,
AZ-2022-Senate-NYTSiena-Oct,New York Times / Siena College,NYT/Siena,2022-Senate-AZ,2022,Senate,AZ,"October 24-26, 2022",2022-10-26,13,604,LV,51.0,45.0,-6.25,-4.99,1.26,Age,18-29,18-29,70.1,29.9,,,1.79,2.98,,
AZ-2022-Senate-NYTSiena-Oct,New York Times / Siena College,NYT/Siena,2022-Senate-AZ,2022,Senate,AZ,"October 24-26, 2022",2022-10-26,13,604,LV,51.0,45.0,-6.25,-4.99,1.26,Age,30-44,30-44,60.2,39.8,60.2,58.2,1.79,2.98,,
AZ-2022-Senate-NYTSiena-Oct,New York Times / Siena College,NYT/Siena,2022-Senate-AZ,2022,Senate,AZ,"October 24-26, 2022",2022-10-26,13,604,LV,51.0,45.0,-6.25,-4.99,1.26,Age,45-64,45-64,48.5,51.5,48.5,43.8,1.79,2.98,,
AZ-2022-Senate-NYTSiena-Oct,New York Times / Siena College,NYT/Siena,2022-Senate-AZ,2022,Senate,AZ,"October 24-26, 2022",2022-10-26,13,604,LV,51.0,45.0,-6.25,-4.99,1.26,Age,65+,65+,46.9,53.1,46.9,46.9,1.79,2.98,,
AZ-2022-Senate-NYTSiena-Oct,New York Times / Siena College,NYT/Siena,2022-Senate-AZ,2022,Senate,AZ,"October 24-26, 2022",2022-10-26,13,604,LV,51.0,45.0,-6.25,-4.99,1.26,Education,B.A.+,B.A.+,56.1,43.9,56.1,58.5,1.55,2.98,,
AZ-2022-Senate-NYTSiena-Oct,New York Times / Siena College,NYT/Siena,2022-Senate-AZ,2022,Senate,AZ,"October 24-26, 2022",2022-10-26,13,604,LV,51.0,45.0,-6.25,-4.99,1.26,Education,No B.A.,No B.A.,51.0,49.0,51.0,50.0,1.55,2.98,,
AZ-2022-Senate-NYTSiena-Oct,New York Times / Siena College,NYT/Siena,2022-Senate-AZ,2022,Senate,AZ,"October 24-26, 2022",2022-10-26,13,604,LV,51.0,45.0,-6.25,-4.99,1.26,Gender,Men,Men,43.9,56.1,43.9,47.9,4.41,2.98,,
AZ-2022-Senate-NYTSiena-Oct,New York Times / Siena College,NYT/Siena,2022-Senate-AZ,2022,Senate,AZ,"October 24-26, 2022",2022-10-26,13,604,LV,51.0,45.0,-6.25,-4.99,1.26,Gender,Women,Women,61.5,38.5,61.5,56.1,4.41,2.98,,
AZ-2022-Senate-NYTSiena-Oct,New York Times / Siena College,NYT/Siena,2022-Senate-AZ,2022,Senate,AZ,"October 24-26, 2022",2022-10-26,13,604,LV,51.0,45.0,-6.25,-4.99,1.26,Race,Hispanic,Hispanic,68.0,32.0,68.0,59.2,4.17,2.98,,
AZ-2022-Senate-NYTSiena-Oct,New York Times / Siena College,NYT/Siena,2022-Senate-AZ,2022,Senate,AZ,"October 24-26, 2022",2022-10-26,13,604,LV,51.0,45.0,-6.25,-4.99,1.26,Race,Other,Other,63.7,36.3,,,4.17,2.98,,
AZ-2022-Senate-NYTSiena-Oct,New York Times / Siena College,NYT/Siena,2022-Senate-AZ,2022,Senate,AZ,"October 24-26, 2022",2022-10-26,13,604,LV,51.0,45.0,-6.25,-4.99,1.26,Race,White,White,49.0,51.0,49.0,50.5,4.17,2.98,,
AZ-2024-President-Emerson,Emerson College Polling / The Hill,Emerson,2024-President-AZ,2024,President,AZ,"October 30-November 2, 2024",2024-11-02,3,900,LV,48.0,50.0,2.04,5.59,3.55,Age,18-29,18-29,66.8,33.2,,,,0.83,,
AZ-2024-President-Emerson,Emerson College Polling / The Hill,Emerson,2024-President-AZ,2024,President,AZ,"October 30-November 2, 2024",2024-11-02,3,900,LV,48.0,50.0,2.04,5.59,3.55,Age,30-39,30-39,51.4,48.6,,,,0.83,,
AZ-2024-President-Emerson,Emerson College Polling / The Hill,Emerson,2024-President-AZ,2024,President,AZ,"October 30-November 2, 2024",2024-11-02,3,900,LV,48.0,50.0,2.04,5.59,3.55,Age,40-49,40-49,36.5,63.5,,,,0.83,,
AZ-2024-President-Emerson,Emerson College Polling / The Hill,Emerson,2024-President-AZ,2024,President,AZ,"October 30-November 2, 2024",2024-11-02,3,900,LV,48.0,50.0,2.04,5.59,3.55,Age,50-59,50-59,41.2,58.8,,,,0.83,,
AZ-2024-President-Emerson,Emerson College Polling / The Hill,Emerson,2024-President-AZ,2024,President,AZ,"October 30-November 2, 2024",2024-11-02,3,900,LV,48.0,50.0,2.04,5.59,3.55,Age,60-69,60-69,48.2,51.8,,,,0.83,,
AZ-2024-President-Emerson,Emerson College Polling / The Hill,Emerson,2024-President-AZ,2024,President,AZ,"October 30-November 2, 2024",2024-11-02,3,900,LV,48.0,50.0,2.04,5.59,3.55,Age,70+,70+,49.3,50.7,,,,0.83,,
AZ-2024-President-Emerson,Emerson College Polling / The Hill,Emerson,2024-President-AZ,2024,President,AZ,"October 30-November 2, 2024",2024-11-02,3,900,LV,48.0,50.0,2.04,5.59,3.55,Education,B.A.+,B.A.+,53.3,46.7,53.3,52.7,1.24,0.83,,
AZ-2024-President-Emerson,Emerson College Polling / The Hill,Emerson,2024-President-AZ,2024,President,AZ,"October 30-November 2, 2024",2024-11-02,3,900,LV,48.0,50.0,2.04,5.59,3.55,Education,No B.A.,No B.A.,46.5,53.5,46.5,43.8,1.24,0.83,,
AZ-2024-President-Emerson,Emerson College Polling / The Hill,Emerson,2024-President-AZ,2024,President,AZ,"October 30-November 2, 2024",2024-11-02,3,900,LV,48.0,50.0,2.04,5.59,3.55,Gender,Men,Men,46.3,53.7,46.3,45.5,0.29,0.83,,
AZ-2024-President-Emerson,Emerson College Polling / The Hill,Emerson,2024-President-AZ,2024,President,AZ,"October 30-November 2, 2024",2024-11-02,3,900,LV,48.0,50.0,2.04,5.59,3.55,Gender,Women,Women,51.0,49.0,51.0,49.5,0.29,0.83,,
AZ-2024-President-Emerson,Emerson College Polling / The Hill,Emerson,2024-President-AZ,2024,President,AZ,"October 30-November 2, 2024",2024-11-02,3,900,LV,48.0,50.0,2.04,5.59,3.55,Race,Asian,Asian,69.5,30.5,,,0.97,0.83,,
AZ-2024-President-Emerson,Emerson College Polling / The Hill,Emerson,2024-President-AZ,2024,President,AZ,"October 30-November 2, 2024",2024-11-02,3,900,LV,48.0,50.0,2.04,5.59,3.55,Race,Black,Black,81.5,18.5,,,0.97,0.83,,
AZ-2024-President-Emerson,Emerson College Polling / The Hill,Emerson,2024-President-AZ,2024,President,AZ,"October 30-November 2, 2024",2024-11-02,3,900,LV,48.0,50.0,2.04,5.59,3.55,Race,Hispanic,Hispanic,60.0,40.0,60.0,55.1,0.97,0.83,,
AZ-2024-President-Emerson,Emerson College Polling / The Hill,Emerson,2024-President-AZ,2024,President,AZ,"October 30-November 2, 2024",2024-11-02,3,900,LV,48.0,50.0,2.04,5.59,3.55,Race,Other,Other,47.1,52.9,,,0.97,0.83,,
AZ-2024-President-Emerson,Emerson College Polling / The Hill,Emerson,2024-President-AZ,2024,President,AZ,"October 30-November 2, 2024",2024-11-02,3,900,LV,48.0,50.0,2.04,5.59,3.55,Race,White,White,44.4,55.6,44.4,42.4,0.97,0.83,,
AZ-2024-President-InsiderAdvantage,InsiderAdvantage,InsiderAdvantage,2024-President-AZ,2024,President,AZ,"November 1-2, 2024",2024-11-02,3,800,LV,48.4,51.6,3.2,5.59,2.39,Age,18-39,18-39,53.1,46.9,,,,3.05,trafalgar_is,
AZ-2024-President-InsiderAdvantage,InsiderAdvantage,InsiderAdvantage,2024-President-AZ,2024,President,AZ,"November 1-2, 2024",2024-11-02,3,800,LV,48.4,51.6,3.2,5.59,2.39,Age,40-64,40-64,46.5,53.5,,,,3.05,trafalgar_is,
AZ-2024-President-InsiderAdvantage,InsiderAdvantage,InsiderAdvantage,2024-President-AZ,2024,President,AZ,"November 1-2, 2024",2024-11-02,3,800,LV,48.4,51.6,3.2,5.59,2.39,Age,65 or over,65 or over,49.2,50.8,,,,3.05,trafalgar_is,
AZ-2024-President-InsiderAdvantage,InsiderAdvantage,InsiderAdvantage,2024-President-AZ,2024,President,AZ,"November 1-2, 2024",2024-11-02,3,800,LV,48.4,51.6,3.2,5.59,2.39,Gender,Men,Men,41.6,58.4,41.6,45.5,5.34,3.05,trafalgar_is,
AZ-2024-President-InsiderAdvantage,InsiderAdvantage,InsiderAdvantage,2024-President-AZ,2024,President,AZ,"November 1-2, 2024",2024-11-02,3,800,LV,48.4,51.6,3.2,5.59,2.39,Gender,Women,Women,56.2,43.8,56.2,49.5,5.34,3.05,trafalgar_is,
AZ-2024-President-InsiderAdvantage,InsiderAdvantage,InsiderAdvantage,2024-President-AZ,2024,President,AZ,"November 1-2, 2024",2024-11-02,3,800,LV,48.4,51.6,3.2,5.59,2.39,Race,Black,Black,82.8,17.2,,,0.76,3.05,trafalgar_is,
AZ-2024-President-InsiderAdvantage,InsiderAdvantage,InsiderAdvantage,2024-President-AZ,2024,President,AZ,"November 1-2, 2024",2024-11-02,3,800,LV,48.4,51.6,3.2,5.59,2.39,Race,Hispanic,Hispanic,56.8,43.2,56.8,55.1,0.76,3.05,trafalgar_is,
AZ-2024-President-InsiderAdvantage,InsiderAdvantage,InsiderAdvantage,2024-President-AZ,2024,President,AZ,"November 1-2, 2024",2024-11-02,3,800,LV,48.4,51.6,3.2,5.59,2.39,Race,Other,Other,35.2,64.8,,,0.76,3.05,trafalgar_is,
AZ-2024-President-InsiderAdvantage,InsiderAdvantage,InsiderAdvantage,2024-President-AZ,2024,President,AZ,"November 1-2, 2024",2024-11-02,3,800,LV,48.4,51.6,3.2,5.59,2.39,Race,White,White,45.1,54.9,45.1,42.4,0.76,3.05,trafalgar_is,
AZ-2024-President-OHPI,OH Predictive Insights (Noble Predictive Insights),OHPI,2024-President-AZ,2024,President,AZ,"August 12-16, 2024",2024-08-16,81,1003,RV,44.0,47.0,3.3,5.59,2.29,Age,18-34,18-34,54.1,45.9,,,,2.26,,
AZ-2024-President-OHPI,OH Predictive Insights (Noble Predictive Insights),OHPI,2024-President-AZ,2024,President,AZ,"August 12-16, 2024",2024-08-16,81,1003,RV,44.0,47.0,3.3,5.59,2.29,Age,35-44,35-44,43.2,56.8,,,,2.26,,
AZ-2024-President-OHPI,OH Predictive Insights (Noble Predictive Insights),OHPI,2024-President-AZ,2024,President,AZ,"August 12-16, 2024",2024-08-16,81,1003,RV,44.0,47.0,3.3,5.59,2.29,Age,45-54,45-54,43.3,56.7,,,,2.26,,
AZ-2024-President-OHPI,OH Predictive Insights (Noble Predictive Insights),OHPI,2024-President-AZ,2024,President,AZ,"August 12-16, 2024",2024-08-16,81,1003,RV,44.0,47.0,3.3,5.59,2.29,Age,55-64,55-64,49.5,50.5,,,,2.26,,
AZ-2024-President-OHPI,OH Predictive Insights (Noble Predictive Insights),OHPI,2024-President-AZ,2024,President,AZ,"August 12-16, 2024",2024-08-16,81,1003,RV,44.0,47.0,3.3,5.59,2.29,Age,65+,65+,48.5,51.5,,,,2.26,,
AZ-2024-President-OHPI,OH Predictive Insights (Noble Predictive Insights),OHPI,2024-President-AZ,2024,President,AZ,"August 12-16, 2024",2024-08-16,81,1003,RV,44.0,47.0,3.3,5.59,2.29,Education,B.A.+,B.A.+,59.7,40.3,59.7,52.7,3.31,2.26,,
AZ-2024-President-OHPI,OH Predictive Insights (Noble Predictive Insights),OHPI,2024-President-AZ,2024,President,AZ,"August 12-16, 2024",2024-08-16,81,1003,RV,44.0,47.0,3.3,5.59,2.29,Education,No B.A.,No B.A.,43.3,56.7,43.3,43.8,3.31,2.26,,
AZ-2024-President-OHPI,OH Predictive Insights (Noble Predictive Insights),OHPI,2024-President-AZ,2024,President,AZ,"August 12-16, 2024",2024-08-16,81,1003,RV,44.0,47.0,3.3,5.59,2.29,Gender,Men,Men,45.3,54.7,45.3,45.5,1.17,2.26,,
AZ-2024-President-OHPI,OH Predictive Insights (Noble Predictive Insights),OHPI,2024-President-AZ,2024,President,AZ,"August 12-16, 2024",2024-08-16,81,1003,RV,44.0,47.0,3.3,5.59,2.29,Gender,Women,Women,51.7,48.3,51.7,49.5,1.17,2.26,,
AZ-2024-President-OHPI,OH Predictive Insights (Noble Predictive Insights),OHPI,2024-President-AZ,2024,President,AZ,"August 12-16, 2024",2024-08-16,81,1003,RV,44.0,47.0,3.3,5.59,2.29,Race,Hispanic,Hispanic,52.8,47.2,52.8,55.1,2.29,2.26,,
AZ-2024-President-OHPI,OH Predictive Insights (Noble Predictive Insights),OHPI,2024-President-AZ,2024,President,AZ,"August 12-16, 2024",2024-08-16,81,1003,RV,44.0,47.0,3.3,5.59,2.29,Race,Other,Other,58.6,41.4,,,2.29,2.26,,
AZ-2024-President-OHPI,OH Predictive Insights (Noble Predictive Insights),OHPI,2024-President-AZ,2024,President,AZ,"August 12-16, 2024",2024-08-16,81,1003,RV,44.0,47.0,3.3,5.59,2.29,Race,White,White,44.6,55.4,44.6,42.4,2.29,2.26,,
AZ-2024-President-Rasmussen,Rasmussen Reports / American Thinker,Rasmussen,2024-President-AZ,2024,President,AZ,"October 25-29, 2024",2024-10-29,7,803,LV,48.9,51.1,2.2,5.59,3.39,Age,18-29,18-29,53.3,46.7,,,,0.78,ras_pa,
AZ-2024-President-Rasmussen,Rasmussen Reports / American Thinker,Rasmussen,2024-President-AZ,2024,President,AZ,"October 25-29, 2024",2024-10-29,7,803,LV,48.9,51.1,2.2,5.59,3.39,Age,30-39,30-39,48.9,51.1,,,,0.78,ras_pa,
AZ-2024-President-Rasmussen,Rasmussen Reports / American Thinker,Rasmussen,2024-President-AZ,2024,President,AZ,"October 25-29, 2024",2024-10-29,7,803,LV,48.9,51.1,2.2,5.59,3.39,Age,40-49,40-49,50.0,50.0,,,,0.78,ras_pa,
AZ-2024-President-Rasmussen,Rasmussen Reports / American Thinker,Rasmussen,2024-President-AZ,2024,President,AZ,"October 25-29, 2024",2024-10-29,7,803,LV,48.9,51.1,2.2,5.59,3.39,Age,50-64,50-64,55.1,44.9,,,,0.78,ras_pa,
AZ-2024-President-Rasmussen,Rasmussen Reports / American Thinker,Rasmussen,2024-President-AZ,2024,President,AZ,"October 25-29, 2024",2024-10-29,7,803,LV,48.9,51.1,2.2,5.59,3.39,Age,65+,65+,41.8,58.2,,,,0.78,ras_pa,
AZ-2024-President-Rasmussen,Rasmussen Reports / American Thinker,Rasmussen,2024-President-AZ,2024,President,AZ,"October 25-29, 2024",2024-10-29,7,803,LV,48.9,51.1,2.2,5.59,3.39,Education,B.A.+,B.A.+,51.9,48.1,51.9,52.7,1.42,0.78,ras_pa,
AZ-2024-President-Rasmussen,Rasmussen Reports / American Thinker,Rasmussen,2024-President-AZ,2024,President,AZ,"October 25-29, 2024",2024-10-29,7,803,LV,48.9,51.1,2.2,5.59,3.39,Education,No B.A.,No B.A.,45.6,54.4,45.6,43.8,1.42,0.78,ras_pa,
AZ-2024-President-Rasmussen,Rasmussen Reports / American Thinker,Rasmussen,2024-President-AZ,2024,President,AZ,"October 25-29, 2024",2024-10-29,7,803,LV,48.9,51.1,2.2,5.59,3.39,Gender,Men,Men,46.8,53.2,46.8,45.5,0.02,0.78,ras_pa,
AZ-2024-President-Rasmussen,Rasmussen Reports / American Thinker,Rasmussen,2024-President-AZ,2024,President,AZ,"October 25-29, 2024",2024-10-29,7,803,LV,48.9,51.1,2.2,5.59,3.39,Gender,Women,Women,51.0,49.0,51.0,49.5,0.02,0.78,ras_pa,
AZ-2024-President-Rasmussen,Rasmussen Reports / American Thinker,Rasmussen,2024-President-AZ,2024,President,AZ,"October 25-29, 2024",2024-10-29,7,803,LV,48.9,51.1,2.2,5.59,3.39,Race,Black,Black,75.0,25.0,,,0.91,0.78,ras_pa,
AZ-2024-President-Rasmussen,Rasmussen Reports / American Thinker,Rasmussen,2024-President-AZ,2024,President,AZ,"October 25-29, 2024",2024-10-29,7,803,LV,48.9,51.1,2.2,5.59,3.39,Race,Hispanic,Hispanic,60.4,39.6,60.4,55.1,0.91,0.78,ras_pa,
AZ-2024-President-Rasmussen,Rasmussen Reports / American Thinker,Rasmussen,2024-President-AZ,2024,President,AZ,"October 25-29, 2024",2024-10-29,7,803,LV,48.9,51.1,2.2,5.59,3.39,Race,Other,Other,33.3,66.7,,,0.91,0.78,ras_pa,
AZ-2024-President-Rasmussen,Rasmussen Reports / American Thinker,Rasmussen,2024-President-AZ,2024,President,AZ,"October 25-29, 2024",2024-10-29,7,803,LV,48.9,51.1,2.2,5.59,3.39,Race,White,White,44.8,55.2,44.8,42.4,0.91,0.78,ras_pa,
AZ-2024-Senate-Emerson,Emerson College Polling / The Hill,Emerson,2024-Senate-AZ,2024,Senate,AZ,"October 30-November 2, 2024",2024-11-02,3,900,LV,50.0,45.0,-5.26,-2.46,2.8,Age,18-29,18-29,72.0,28.0,,,,1.06,,
AZ-2024-Senate-Emerson,Emerson College Polling / The Hill,Emerson,2024-Senate-AZ,2024,Senate,AZ,"October 30-November 2, 2024",2024-11-02,3,900,LV,50.0,45.0,-5.26,-2.46,2.8,Age,30-39,30-39,66.8,33.2,,,,1.06,,
AZ-2024-Senate-Emerson,Emerson College Polling / The Hill,Emerson,2024-Senate-AZ,2024,Senate,AZ,"October 30-November 2, 2024",2024-11-02,3,900,LV,50.0,45.0,-5.26,-2.46,2.8,Age,40-49,40-49,35.8,64.2,,,,1.06,,
AZ-2024-Senate-Emerson,Emerson College Polling / The Hill,Emerson,2024-Senate-AZ,2024,Senate,AZ,"October 30-November 2, 2024",2024-11-02,3,900,LV,50.0,45.0,-5.26,-2.46,2.8,Age,50-59,50-59,44.7,55.3,,,,1.06,,
AZ-2024-Senate-Emerson,Emerson College Polling / The Hill,Emerson,2024-Senate-AZ,2024,Senate,AZ,"October 30-November 2, 2024",2024-11-02,3,900,LV,50.0,45.0,-5.26,-2.46,2.8,Age,60-69,60-69,48.4,51.6,,,,1.06,,
AZ-2024-Senate-Emerson,Emerson College Polling / The Hill,Emerson,2024-Senate-AZ,2024,Senate,AZ,"October 30-November 2, 2024",2024-11-02,3,900,LV,50.0,45.0,-5.26,-2.46,2.8,Age,70+,70+,51.2,48.8,,,,1.06,,
AZ-2024-Senate-Emerson,Emerson College Polling / The Hill,Emerson,2024-Senate-AZ,2024,Senate,AZ,"October 30-November 2, 2024",2024-11-02,3,900,LV,50.0,45.0,-5.26,-2.46,2.8,Education,B.A.+,B.A.+,58.1,41.9,58.1,55.2,0.82,1.06,,
AZ-2024-Senate-Emerson,Emerson College Polling / The Hill,Emerson,2024-Senate-AZ,2024,Senate,AZ,"October 30-November 2, 2024",2024-11-02,3,900,LV,50.0,45.0,-5.26,-2.46,2.8,Education,No B.A.,No B.A.,49.5,50.5,49.5,48.6,0.82,1.06,,
AZ-2024-Senate-Emerson,Emerson College Polling / The Hill,Emerson,2024-Senate-AZ,2024,Senate,AZ,"October 30-November 2, 2024",2024-11-02,3,900,LV,50.0,45.0,-5.26,-2.46,2.8,Gender,Men,Men,49.1,50.9,49.1,49.5,1.61,1.06,,
AZ-2024-Senate-Emerson,Emerson College Polling / The Hill,Emerson,2024-Senate-AZ,2024,Senate,AZ,"October 30-November 2, 2024",2024-11-02,3,900,LV,50.0,45.0,-5.26,-2.46,2.8,Gender,Women,Women,55.6,44.4,55.6,52.5,1.61,1.06,,
AZ-2024-Senate-Emerson,Emerson College Polling / The Hill,Emerson,2024-Senate-AZ,2024,Senate,AZ,"October 30-November 2, 2024",2024-11-02,3,900,LV,50.0,45.0,-5.26,-2.46,2.8,Race,Asian,Asian,82.4,17.6,,,0.74,1.06,,
AZ-2024-Senate-Emerson,Emerson College Polling / The Hill,Emerson,2024-Senate-AZ,2024,Senate,AZ,"October 30-November 2, 2024",2024-11-02,3,900,LV,50.0,45.0,-5.26,-2.46,2.8,Race,Black,Black,74.8,25.2,,,0.74,1.06,,
AZ-2024-Senate-Emerson,Emerson College Polling / The Hill,Emerson,2024-Senate-AZ,2024,Senate,AZ,"October 30-November 2, 2024",2024-11-02,3,900,LV,50.0,45.0,-5.26,-2.46,2.8,Race,Hispanic,Hispanic,65.2,34.8,65.2,61.2,0.74,1.06,,
AZ-2024-Senate-Emerson,Emerson College Polling / The Hill,Emerson,2024-Senate-AZ,2024,Senate,AZ,"October 30-November 2, 2024",2024-11-02,3,900,LV,50.0,45.0,-5.26,-2.46,2.8,Race,Other,Other,49.1,50.9,,,0.74,1.06,,
AZ-2024-Senate-Emerson,Emerson College Polling / The Hill,Emerson,2024-Senate-AZ,2024,Senate,AZ,"October 30-November 2, 2024",2024-11-02,3,900,LV,50.0,45.0,-5.26,-2.46,2.8,Race,White,White,48.0,52.0,48.0,46.5,0.74,1.06,,
AZ-2024-Senate-InsiderAdvantage,InsiderAdvantage,InsiderAdvantage,2024-Senate-AZ,2024,Senate,AZ,"November 1-2, 2024",2024-11-02,3,800,LV,51.0,49.0,-2.0,-2.46,0.46,Age,18-39,18-39,56.3,43.7,,,,4.55,trafalgar_is,
AZ-2024-Senate-InsiderAdvantage,InsiderAdvantage,InsiderAdvantage,2024-Senate-AZ,2024,Senate,AZ,"November 1-2, 2024",2024-11-02,3,800,LV,51.0,49.0,-2.0,-2.46,0.46,Age,40-64,40-64,51.6,48.4,,,,4.55,trafalgar_is,
AZ-2024-Senate-InsiderAdvantage,InsiderAdvantage,InsiderAdvantage,2024-Senate-AZ,2024,Senate,AZ,"November 1-2, 2024",2024-11-02,3,800,LV,51.0,49.0,-2.0,-2.46,0.46,Age,65 or over,65 or over,49.6,50.4,,,,4.55,trafalgar_is,
AZ-2024-Senate-InsiderAdvantage,InsiderAdvantage,InsiderAdvantage,2024-Senate-AZ,2024,Senate,AZ,"November 1-2, 2024",2024-11-02,3,800,LV,51.0,49.0,-2.0,-2.46,0.46,Gender,Men,Men,42.2,57.8,42.2,49.5,7.7,4.55,trafalgar_is,
AZ-2024-Senate-InsiderAdvantage,InsiderAdvantage,InsiderAdvantage,2024-Senate-AZ,2024,Senate,AZ,"November 1-2, 2024",2024-11-02,3,800,LV,51.0,49.0,-2.0,-2.46,0.46,Gender,Women,Women,61.2,38.8,61.2,52.5,7.7,4.55,trafalgar_is,
AZ-2024-Senate-InsiderAdvantage,InsiderAdvantage,InsiderAdvantage,2024-Senate-AZ,2024,Senate,AZ,"November 1-2, 2024",2024-11-02,3,800,LV,51.0,49.0,-2.0,-2.46,0.46,Race,Black,Black,72.5,27.5,,,1.4,4.55,trafalgar_is,
AZ-2024-Senate-InsiderAdvantage,InsiderAdvantage,InsiderAdvantage,2024-Senate-AZ,2024,Senate,AZ,"November 1-2, 2024",2024-11-02,3,800,LV,51.0,49.0,-2.0,-2.46,0.46,Race,Hispanic,Hispanic,60.5,39.5,60.5,61.2,1.4,4.55,trafalgar_is,
AZ-2024-Senate-InsiderAdvantage,InsiderAdvantage,InsiderAdvantage,2024-Senate-AZ,2024,Senate,AZ,"November 1-2, 2024",2024-11-02,3,800,LV,51.0,49.0,-2.0,-2.46,0.46,Race,Other,Other,29.9,70.1,,,1.4,4.55,trafalgar_is,
AZ-2024-Senate-InsiderAdvantage,InsiderAdvantage,InsiderAdvantage,2024-Senate-AZ,2024,Senate,AZ,"November 1-2, 2024",2024-11-02,3,800,LV,51.0,49.0,-2.0,-2.46,0.46,Race,White,White,48.6,51.4,48.6,46.5,1.4,4.55,trafalgar_is,
AZ-2024-Senate-Rasmussen,Rasmussen Reports / American Thinker,Rasmussen,2024-Senate-AZ,2024,Senate,AZ,"October 25-29, 2024",2024-10-29,7,803,LV,52.2,47.8,-4.4,-2.46,1.94,Age,18-29,18-29,51.8,48.2,,,,3.07,ras_pa,
AZ-2024-Senate-Rasmussen,Rasmussen Reports / American Thinker,Rasmussen,2024-Senate-AZ,2024,Senate,AZ,"October 25-29, 2024",2024-10-29,7,803,LV,52.2,47.8,-4.4,-2.46,1.94,Age,30-39,30-39,51.8,48.2,,,,3.07,ras_pa,
AZ-2024-Senate-Rasmussen,Rasmussen Reports / American Thinker,Rasmussen,2024-Senate-AZ,2024,Senate,AZ,"October 25-29, 2024",2024-10-29,7,803,LV,52.2,47.8,-4.4,-2.46,1.94,Age,40-49,40-49,58.8,41.2,,,,3.07,ras_pa,
AZ-2024-Senate-Rasmussen,Rasmussen Reports / American Thinker,Rasmussen,2024-Senate-AZ,2024,Senate,AZ,"October 25-29, 2024",2024-10-29,7,803,LV,52.2,47.8,-4.4,-2.46,1.94,Age,50-64,50-64,58.8,41.2,,,,3.07,ras_pa,
AZ-2024-Senate-Rasmussen,Rasmussen Reports / American Thinker,Rasmussen,2024-Senate-AZ,2024,Senate,AZ,"October 25-29, 2024",2024-10-29,7,803,LV,52.2,47.8,-4.4,-2.46,1.94,Age,65+,65+,43.9,56.1,,,,3.07,ras_pa,
AZ-2024-Senate-Rasmussen,Rasmussen Reports / American Thinker,Rasmussen,2024-Senate-AZ,2024,Senate,AZ,"October 25-29, 2024",2024-10-29,7,803,LV,52.2,47.8,-4.4,-2.46,1.94,Education,B.A.+,B.A.+,56.4,43.6,56.4,55.2,1.05,3.07,ras_pa,
AZ-2024-Senate-Rasmussen,Rasmussen Reports / American Thinker,Rasmussen,2024-Senate-AZ,2024,Senate,AZ,"October 25-29, 2024",2024-10-29,7,803,LV,52.2,47.8,-4.4,-2.46,1.94,Education,No B.A.,No B.A.,47.6,52.4,47.6,48.6,1.05,3.07,ras_pa,
AZ-2024-Senate-Rasmussen,Rasmussen Reports / American Thinker,Rasmussen,2024-Senate-AZ,2024,Senate,AZ,"October 25-29, 2024",2024-10-29,7,803,LV,52.2,47.8,-4.4,-2.46,1.94,Gender,Men,Men,52.8,47.2,52.8,49.5,2.07,3.07,ras_pa,
AZ-2024-Senate-Rasmussen,Rasmussen Reports / American Thinker,Rasmussen,2024-Senate-AZ,2024,Senate,AZ,"October 25-29, 2024",2024-10-29,7,803,LV,52.2,47.8,-4.4,-2.46,1.94,Gender,Women,Women,51.6,48.4,51.6,52.5,2.07,3.07,ras_pa,
AZ-2024-Senate-Rasmussen,Rasmussen Reports / American Thinker,Rasmussen,2024-Senate-AZ,2024,Senate,AZ,"October 25-29, 2024",2024-10-29,7,803,LV,52.2,47.8,-4.4,-2.46,1.94,Race,Black,Black,75.6,24.4,,,6.08,3.07,ras_pa,
AZ-2024-Senate-Rasmussen,Rasmussen Reports / American Thinker,Rasmussen,2024-Senate-AZ,2024,Senate,AZ,"October 25-29, 2024",2024-10-29,7,803,LV,52.2,47.8,-4.4,-2.46,1.94,Race,Hispanic,Hispanic,52.7,47.3,52.7,61.2,6.08,3.07,ras_pa,
AZ-2024-Senate-Rasmussen,Rasmussen Reports / American Thinker,Rasmussen,2024-Senate-AZ,2024,Senate,AZ,"October 25-29, 2024",2024-10-29,7,803,LV,52.2,47.8,-4.4,-2.46,1.94,Race,Other,Other,36.0,64.0,,,6.08,3.07,ras_pa,
AZ-2024-Senate-Rasmussen,Rasmussen Reports / American Thinker,Rasmussen,2024-Senate-AZ,2024,Senate,AZ,"October 25-29, 2024",2024-10-29,7,803,LV,52.2,47.8,-4.4,-2.46,1.94,Race,White,White,51.1,48.9,51.1,46.5,6.08,3.07,ras_pa,
FL-2020-President-Quinnipiac-Nov,Quinnipiac University Poll,Quinnipiac,2020-President-FL,2020,President,FL,"October 28-November 1, 2020",2020-11-01,2,1657,LV,47.0,42.0,-5.62,3.39,9.01,Age,18-34,18-34,57.3,42.7,,,,3.85,,
FL-2020-President-Quinnipiac-Nov,Quinnipiac University Poll,Quinnipiac,2020-President-FL,2020,President,FL,"October 28-November 1, 2020",2020-11-01,2,1657,LV,47.0,42.0,-5.62,3.39,9.01,Age,35-49,35-49,52.9,47.1,,,,3.85,,
FL-2020-President-Quinnipiac-Nov,Quinnipiac University Poll,Quinnipiac,2020-President-FL,2020,President,FL,"October 28-November 1, 2020",2020-11-01,2,1657,LV,47.0,42.0,-5.62,3.39,9.01,Age,50-64,50-64,48.4,51.6,,,,3.85,,
FL-2020-President-Quinnipiac-Nov,Quinnipiac University Poll,Quinnipiac,2020-President-FL,2020,President,FL,"October 28-November 1, 2020",2020-11-01,2,1657,LV,47.0,42.0,-5.62,3.39,9.01,Age,65+,65+,53.8,46.2,,,,3.85,,
FL-2020-President-Quinnipiac-Nov,Quinnipiac University Poll,Quinnipiac,2020-President-FL,2020,President,FL,"October 28-November 1, 2020",2020-11-01,2,1657,LV,47.0,42.0,-5.62,3.39,9.01,Education,Wht B.A.+,Wht B.A.+,53.8,46.2,,,,3.85,,
FL-2020-President-Quinnipiac-Nov,Quinnipiac University Poll,Quinnipiac,2020-President-FL,2020,President,FL,"October 28-November 1, 2020",2020-11-01,2,1657,LV,47.0,42.0,-5.62,3.39,9.01,Education,Wht no B.A.,Wht no B.A.,38.9,61.1,,,,3.85,,
FL-2020-President-Quinnipiac-Nov,Quinnipiac University Poll,Quinnipiac,2020-President-FL,2020,President,FL,"October 28-November 1, 2020",2020-11-01,2,1657,LV,47.0,42.0,-5.62,3.39,9.01,Gender,Men,Men,43.8,56.2,43.8,45.5,5.12,3.85,,
FL-2020-President-Quinnipiac-Nov,Quinnipiac University Poll,Quinnipiac,2020-President-FL,2020,President,FL,"October 28-November 1, 2020",2020-11-01,2,1657,LV,47.0,42.0,-5.62,3.39,9.01,Gender,Women,Women,61.1,38.9,61.1,51.5,5.12,3.85,,
FL-2020-President-Quinnipiac-Nov,Quinnipiac University Poll,Quinnipiac,2020-President-FL,2020,President,FL,"October 28-November 1, 2020",2020-11-01,2,1657,LV,47.0,42.0,-5.62,3.39,9.01,Race,Black,Black,95.5,4.5,95.5,89.9,2.58,3.85,,
FL-2020-President-Quinnipiac-Nov,Quinnipiac University Poll,Quinnipiac,2020-President-FL,2020,President,FL,"October 28-November 1, 2020",2020-11-01,2,1657,LV,47.0,42.0,-5.62,3.39,9.01,Race,Hispanic,Hispanic,52.2,47.8,52.2,53.5,2.58,3.85,,
FL-2020-President-Quinnipiac-Nov,Quinnipiac University Poll,Quinnipiac,2020-President-FL,2020,President,FL,"October 28-November 1, 2020",2020-11-01,2,1657,LV,47.0,42.0,-5.62,3.39,9.01,Race,White,White,44.6,55.4,44.6,37.4,2.58,3.85,,
FL-2020-President-Quinnipiac-Oct,Quinnipiac University Poll,Quinnipiac,2020-President-FL,2020,President,FL,"October 1-5, 2020",2020-10-05,29,1256,LV,51.0,40.0,-12.09,3.39,15.48,Age,18-34,18-34,63.6,36.4,,,,3.84,,
FL-2020-President-Quinnipiac-Oct,Quinnipiac University Poll,Quinnipiac,2020-President-FL,2020,President,FL,"October 1-5, 2020",2020-10-05,29,1256,LV,51.0,40.0,-12.09,3.39,15.48,Age,35-49,35-49,55.6,44.4,,,,3.84,,
FL-2020-President-Quinnipiac-Oct,Quinnipiac University Poll,Quinnipiac,2020-President-FL,2020,President,FL,"October 1-5, 2020",2020-10-05,29,1256,LV,51.0,40.0,-12.09,3.39,15.48,Age,50-64,50-64,48.9,51.1,,,,3.84,,
FL-2020-President-Quinnipiac-Oct,Quinnipiac University Poll,Quinnipiac,2020-President-FL,2020,President,FL,"October 1-5, 2020",2020-10-05,29,1256,LV,51.0,40.0,-12.09,3.39,15.48,Age,65+,65+,57.9,42.1,,,,3.84,,
FL-2020-President-Quinnipiac-Oct,Quinnipiac University Poll,Quinnipiac,2020-President-FL,2020,President,FL,"October 1-5, 2020",2020-10-05,29,1256,LV,51.0,40.0,-12.09,3.39,15.48,Education,Wht B.A.+,Wht B.A.+,56.2,43.8,,,,3.84,,
FL-2020-President-Quinnipiac-Oct,Quinnipiac University Poll,Quinnipiac,2020-President-FL,2020,President,FL,"October 1-5, 2020",2020-10-05,29,1256,LV,51.0,40.0,-12.09,3.39,15.48,Education,Wht no B.A.,Wht no B.A.,43.0,57.0,,,,3.84,,
FL-2020-President-Quinnipiac-Oct,Quinnipiac University Poll,Quinnipiac,2020-President-FL,2020,President,FL,"October 1-5, 2020",2020-10-05,29,1256,LV,51.0,40.0,-12.09,3.39,15.48,Gender,Men,Men,49.4,50.6,49.4,45.5,1.8,3.84,,
FL-2020-President-Quinnipiac-Oct,Quinnipiac University Poll,Quinnipiac,2020-President-FL,2020,President,FL,"October 1-5, 2020",2020-10-05,29,1256,LV,51.0,40.0,-12.09,3.39,15.48,Gender,Women,Women,60.2,39.8,60.2,51.5,1.8,3.84,,
FL-2020-President-Quinnipiac-Oct,Quinnipiac University Poll,Quinnipiac,2020-President-FL,2020,President,FL,"October 1-5, 2020",2020-10-05,29,1256,LV,51.0,40.0,-12.09,3.39,15.48,Race,Black,Black,93.3,6.7,93.3,89.9,5.89,3.84,,
FL-2020-President-Quinnipiac-Oct,Quinnipiac University Poll,Quinnipiac,2020-President-FL,2020,President,FL,"October 1-5, 2020",2020-10-05,29,1256,LV,51.0,40.0,-12.09,3.39,15.48,Race,Hispanic,Hispanic,58.0,42.0,58.0,53.5,5.89,3.84,,
FL-2020-President-Quinnipiac-Oct,Quinnipiac University Poll,Quinnipiac,2020-President-FL,2020,President,FL,"October 1-5, 2020",2020-10-05,29,1256,LV,51.0,40.0,-12.09,3.39,15.48,Race,White,White,47.3,52.7,47.3,37.4,5.89,3.84,,
FL-2020-President-Quinnipiac-Sep,Quinnipiac University Poll,Quinnipiac,2020-President-FL,2020,President,FL,"August 28-September 1, 2020",2020-09-01,63,1235,LV,48.0,45.0,-3.23,3.39,6.62,Age,18-34,18-34,59.8,40.2,,,,3.55,,
FL-2020-President-Quinnipiac-Sep,Quinnipiac University Poll,Quinnipiac,2020-President-FL,2020,President,FL,"August 28-September 1, 2020",2020-09-01,63,1235,LV,48.0,45.0,-3.23,3.39,6.62,Age,35-49,35-49,50.5,49.5,,,,3.55,,
FL-2020-President-Quinnipiac-Sep,Quinnipiac University Poll,Quinnipiac,2020-President-FL,2020,President,FL,"August 28-September 1, 2020",2020-09-01,63,1235,LV,48.0,45.0,-3.23,3.39,6.62,Age,50-64,50-64,45.7,54.3,,,,3.55,,
FL-2020-President-Quinnipiac-Sep,Quinnipiac University Poll,Quinnipiac,2020-President-FL,2020,President,FL,"August 28-September 1, 2020",2020-09-01,63,1235,LV,48.0,45.0,-3.23,3.39,6.62,Age,65+,65+,55.1,44.9,,,,3.55,,
FL-2020-President-Quinnipiac-Sep,Quinnipiac University Poll,Quinnipiac,2020-President-FL,2020,President,FL,"August 28-September 1, 2020",2020-09-01,63,1235,LV,48.0,45.0,-3.23,3.39,6.62,Education,Wht B.A.+,Wht B.A.+,56.1,43.9,,,,3.55,,
FL-2020-President-Quinnipiac-Sep,Quinnipiac University Poll,Quinnipiac,2020-President-FL,2020,President,FL,"August 28-September 1, 2020",2020-09-01,63,1235,LV,48.0,45.0,-3.23,3.39,6.62,Education,Wht no B.A.,Wht no B.A.,40.2,59.8,,,,3.55,,
FL-2020-President-Quinnipiac-Sep,Quinnipiac University Poll,Quinnipiac,2020-President-FL,2020,President,FL,"August 28-September 1, 2020",2020-09-01,63,1235,LV,48.0,45.0,-3.23,3.39,6.62,Gender,Men,Men,45.2,54.8,45.2,45.5,2.82,3.55,,
FL-2020-President-Quinnipiac-Sep,Quinnipiac University Poll,Quinnipiac,2020-President-FL,2020,President,FL,"August 28-September 1, 2020",2020-09-01,63,1235,LV,48.0,45.0,-3.23,3.39,6.62,Gender,Women,Women,57.4,42.6,57.4,51.5,2.82,3.55,,
FL-2020-President-Quinnipiac-Sep,Quinnipiac University Poll,Quinnipiac,2020-President-FL,2020,President,FL,"August 28-September 1, 2020",2020-09-01,63,1235,LV,48.0,45.0,-3.23,3.39,6.62,Race,Black,Black,91.4,8.6,91.4,89.9,4.28,3.55,,
FL-2020-President-Quinnipiac-Sep,Quinnipiac University Poll,Quinnipiac,2020-President-FL,2020,President,FL,"August 28-September 1, 2020",2020-09-01,63,1235,LV,48.0,45.0,-3.23,3.39,6.62,Race,Hispanic,Hispanic,48.9,51.1,48.9,53.5,4.28,3.55,,
FL-2020-President-Quinnipiac-Sep,Quinnipiac University Poll,Quinnipiac,2020-President-FL,2020,President,FL,"August 28-September 1, 2020",2020-09-01,63,1235,LV,48.0,45.0,-3.23,3.39,6.62,Race,White,White,45.4,54.6,45.4,37.4,4.28,3.55,,
FL-2020-President-UNF,"Public Opinion Research Lab (PORL), University of North Florida",UNF,2020-President-FL,2020,President,FL,"October 12-16, 2020",2020-10-16,18,863,LV,50.5,49.5,-1.0,3.39,4.39,Age,18-24,18-24,68.1,31.9,,,,4.67,regional_univ,
FL-2020-President-UNF,"Public Opinion Research Lab (PORL), University of North Florida",UNF,2020-President-FL,2020,President,FL,"October 12-16, 2020",2020-10-16,18,863,LV,50.5,49.5,-1.0,3.39,4.39,Age,25-34,25-34,62.4,37.6,,,,4.67,regional_univ,
FL-2020-President-UNF,"Public Opinion Research Lab (PORL), University of North Florida",UNF,2020-President-FL,2020,President,FL,"October 12-16, 2020",2020-10-16,18,863,LV,50.5,49.5,-1.0,3.39,4.39,Age,35-44,35-44,60.0,40.0,,,,4.67,regional_univ,
FL-2020-President-UNF,"Public Opinion Research Lab (PORL), University of North Florida",UNF,2020-President-FL,2020,President,FL,"October 12-16, 2020",2020-10-16,18,863,LV,50.5,49.5,-1.0,3.39,4.39,Age,45-54,45-54,53.1,46.9,,,,4.67,regional_univ,
FL-2020-President-UNF,"Public Opinion Research Lab (PORL), University of North Florida",UNF,2020-President-FL,2020,President,FL,"October 12-16, 2020",2020-10-16,18,863,LV,50.5,49.5,-1.0,3.39,4.39,Age,55-64,55-64,39.4,60.6,,,,4.67,regional_univ,
FL-2020-President-UNF,"Public Opinion Research Lab (PORL), University of North Florida",UNF,2020-President-FL,2020,President,FL,"October 12-16, 2020",2020-10-16,18,863,LV,50.5,49.5,-1.0,3.39,4.39,Age,65+,65+,44.9,55.1,,,,4.67,regional_univ,
FL-2020-President-UNF,"Public Opinion Research Lab (PORL), University of North Florida",UNF,2020-President-FL,2020,President,FL,"October 12-16, 2020",2020-10-16,18,863,LV,50.5,49.5,-1.0,3.39,4.39,Education,B.A.+,B.A.+,58.8,41.2,58.8,51.3,3.55,4.67,regional_univ,
FL-2020-President-UNF,"Public Opinion Research Lab (PORL), University of North Florida",UNF,2020-President-FL,2020,President,FL,"October 12-16, 2020",2020-10-16,18,863,LV,50.5,49.5,-1.0,3.39,4.39,Education,No B.A.,No B.A.,46.9,53.1,46.9,47.2,3.55,4.67,regional_univ,
FL-2020-President-UNF,"Public Opinion Research Lab (PORL), University of North Florida",UNF,2020-President-FL,2020,President,FL,"October 12-16, 2020",2020-10-16,18,863,LV,50.5,49.5,-1.0,3.39,4.39,Gender,Men,Men,41.7,58.3,41.7,45.5,4.92,4.67,regional_univ,
FL-2020-President-UNF,"Public Opinion Research Lab (PORL), University of North Florida",UNF,2020-President-FL,2020,President,FL,"October 12-16, 2020",2020-10-16,18,863,LV,50.5,49.5,-1.0,3.39,4.39,Gender,Women,Women,57.7,42.3,57.7,51.5,4.92,4.67,regional_univ,
FL-2020-President-UNF,"Public Opinion Research Lab (PORL), University of North Florida",UNF,2020-President-FL,2020,President,FL,"October 12-16, 2020",2020-10-16,18,863,LV,50.5,49.5,-1.0,3.39,4.39,Race,Black,Black,89.7,10.3,89.7,89.9,5.54,4.67,regional_univ,
FL-2020-President-UNF,"Public Opinion Research Lab (PORL), University of North Florida",UNF,2020-President-FL,2020,President,FL,"October 12-16, 2020",2020-10-16,18,863,LV,50.5,49.5,-1.0,3.39,4.39,Race,Hispanic,Hispanic,53.8,46.2,53.8,53.5,5.54,4.67,regional_univ,
FL-2020-President-UNF,"Public Opinion Research Lab (PORL), University of North Florida",UNF,2020-President-FL,2020,President,FL,"October 12-16, 2020",2020-10-16,18,863,LV,50.5,49.5,-1.0,3.39,4.39,Race,Other,Other,71.6,28.4,71.6,55.6,5.54,4.67,regional_univ,
FL-2020-President-UNF,"Public Opinion Research Lab (PORL), University of North Florida",UNF,2020-President-FL,2020,President,FL,"October 12-16, 2020",2020-10-16,18,863,LV,50.5,49.5,-1.0,3.39,4.39,Race,White,White,38.1,61.9,38.1,37.4,5.54,4.67,regional_univ,
FL-2022-Governor-UNF,"Public Opinion Research Lab (PORL), University of North Florida",UNF,2022-Governor-FL,2022,Governor,FL,"October 17-24, 2022",2022-10-24,15,622,LV,42.7,57.3,14.6,19.53,4.93,Age,18-24,18-24,78.3,21.7,,,,1.84,regional_univ,
FL-2022-Governor-UNF,"Public Opinion Research Lab (PORL), University of North Florida",UNF,2022-Governor-FL,2022,Governor,FL,"October 17-24, 2022",2022-10-24,15,622,LV,42.7,57.3,14.6,19.53,4.93,Age,25-34,25-34,49.0,51.0,,,,1.84,regional_univ,
FL-2022-Governor-UNF,"Public Opinion Research Lab (PORL), University of North Florida",UNF,2022-Governor-FL,2022,Governor,FL,"October 17-24, 2022",2022-10-24,15,622,LV,42.7,57.3,14.6,19.53,4.93,Age,35-44,35-44,29.5,70.5,,,,1.84,regional_univ,
FL-2022-Governor-UNF,"Public Opinion Research Lab (PORL), University of North Florida",UNF,2022-Governor-FL,2022,Governor,FL,"October 17-24, 2022",2022-10-24,15,622,LV,42.7,57.3,14.6,19.53,4.93,Age,45-54,45-54,42.3,57.7,,,,1.84,regional_univ,
FL-2022-Governor-UNF,"Public Opinion Research Lab (PORL), University of North Florida",UNF,2022-Governor-FL,2022,Governor,FL,"October 17-24, 2022",2022-10-24,15,622,LV,42.7,57.3,14.6,19.53,4.93,Age,55-64,55-64,51.5,48.5,,,,1.84,regional_univ,
FL-2022-Governor-UNF,"Public Opinion Research Lab (PORL), University of North Florida",UNF,2022-Governor-FL,2022,Governor,FL,"October 17-24, 2022",2022-10-24,15,622,LV,42.7,57.3,14.6,19.53,4.93,Age,65+,65+,35.4,64.6,,,,1.84,regional_univ,
FL-2022-Governor-UNF,"Public Opinion Research Lab (PORL), University of North Florida",UNF,2022-Governor-FL,2022,Governor,FL,"October 17-24, 2022",2022-10-24,15,622,LV,42.7,57.3,14.6,19.53,4.93,Education,B.A.+,B.A.+,47.4,52.6,47.4,43.8,1.26,1.84,regional_univ,
FL-2022-Governor-UNF,"Public Opinion Research Lab (PORL), University of North Florida",UNF,2022-Governor-FL,2022,Governor,FL,"October 17-24, 2022",2022-10-24,15,622,LV,42.7,57.3,14.6,19.53,4.93,Education,No B.A.,No B.A.,40.0,60.0,40.0,38.9,1.26,1.84,regional_univ,
FL-2022-Governor-UNF,"Public Opinion Research Lab (PORL), University of North Florida",UNF,2022-Governor-FL,2022,Governor,FL,"October 17-24, 2022",2022-10-24,15,622,LV,42.7,57.3,14.6,19.53,4.93,Gender,Men,Men,35.8,64.2,35.8,35.4,0.74,1.84,regional_univ,
FL-2022-Governor-UNF,"Public Opinion Research Lab (PORL), University of North Florida",UNF,2022-Governor-FL,2022,Governor,FL,"October 17-24, 2022",2022-10-24,15,622,LV,42.7,57.3,14.6,19.53,4.93,Gender,Women,Women,48.5,51.5,48.5,46.5,0.74,1.84,regional_univ,
FL-2022-Governor-UNF,"Public Opinion Research Lab (PORL), University of North Florida",UNF,2022-Governor-FL,2022,Governor,FL,"October 17-24, 2022",2022-10-24,15,622,LV,42.7,57.3,14.6,19.53,4.93,Race,Black,Black,85.7,14.3,85.7,86.9,3.52,1.84,regional_univ,
FL-2022-Governor-UNF,"Public Opinion Research Lab (PORL), University of North Florida",UNF,2022-Governor-FL,2022,Governor,FL,"October 17-24, 2022",2022-10-24,15,622,LV,42.7,57.3,14.6,19.53,4.93,Race,Hispanic,Hispanic,47.8,52.2,47.8,40.8,3.52,1.84,regional_univ,
FL-2022-Governor-UNF,"Public Opinion Research Lab (PORL), University of North Florida",UNF,2022-Governor-FL,2022,Governor,FL,"October 17-24, 2022",2022-10-24,15,622,LV,42.7,57.3,14.6,19.53,4.93,Race,Other,Other,55.7,44.3,,,3.52,1.84,regional_univ,
FL-2022-Governor-UNF,"Public Opinion Research Lab (PORL), University of North Florida",UNF,2022-Governor-FL,2022,Governor,FL,"October 17-24, 2022",2022-10-24,15,622,LV,42.7,57.3,14.6,19.53,4.93,Race,White,White,33.0,67.0,33.0,34.3,3.52,1.84,regional_univ,
FL-2022-Senate-UNF,"Public Opinion Research Lab (PORL), University of North Florida",UNF,2022-Senate-FL,2022,Senate,FL,"October 17-24, 2022",2022-10-24,15,622,LV,44.3,55.7,11.4,16.59,5.19,Age,18-24,18-24,81.9,18.1,,,,2.39,regional_univ,
FL-2022-Senate-UNF,"Public Opinion Research Lab (PORL), University of North Florida",UNF,2022-Senate-FL,2022,Senate,FL,"October 17-24, 2022",2022-10-24,15,622,LV,44.3,55.7,11.4,16.59,5.19,Age,25-34,25-34,47.9,52.1,,,,2.39,regional_univ,
FL-2022-Senate-UNF,"Public Opinion Research Lab (PORL), University of North Florida",UNF,2022-Senate-FL,2022,Senate,FL,"October 17-24, 2022",2022-10-24,15,622,LV,44.3,55.7,11.4,16.59,5.19,Age,35-44,35-44,37.1,62.9,,,,2.39,regional_univ,
FL-2022-Senate-UNF,"Public Opinion Research Lab (PORL), University of North Florida",UNF,2022-Senate-FL,2022,Senate,FL,"October 17-24, 2022",2022-10-24,15,622,LV,44.3,55.7,11.4,16.59,5.19,Age,45-54,45-54,45.9,54.1,,,,2.39,regional_univ,
FL-2022-Senate-UNF,"Public Opinion Research Lab (PORL), University of North Florida",UNF,2022-Senate-FL,2022,Senate,FL,"October 17-24, 2022",2022-10-24,15,622,LV,44.3,55.7,11.4,16.59,5.19,Age,55-64,55-64,51.5,48.5,,,,2.39,regional_univ,
FL-2022-Senate-UNF,"Public Opinion Research Lab (PORL), University of North Florida",UNF,2022-Senate-FL,2022,Senate,FL,"October 17-24, 2022",2022-10-24,15,622,LV,44.3,55.7,11.4,16.59,5.19,Age,65+,65+,36.7,63.3,,,,2.39,regional_univ,
FL-2022-Senate-UNF,"Public Opinion Research Lab (PORL), University of North Florida",UNF,2022-Senate-FL,2022,Senate,FL,"October 17-24, 2022",2022-10-24,15,622,LV,44.3,55.7,11.4,16.59,5.19,Education,B.A.+,B.A.+,50.5,49.5,50.5,46.4,1.36,2.39,regional_univ,
FL-2022-Senate-UNF,"Public Opinion Research Lab (PORL), University of North Florida",UNF,2022-Senate-FL,2022,Senate,FL,"October 17-24, 2022",2022-10-24,15,622,LV,44.3,55.7,11.4,16.59,5.19,Education,No B.A.,No B.A.,41.8,58.2,41.8,40.6,1.36,2.39,regional_univ,
FL-2022-Senate-UNF,"Public Opinion Research Lab (PORL), University of North Florida",UNF,2022-Senate-FL,2022,Senate,FL,"October 17-24, 2022",2022-10-24,15,622,LV,44.3,55.7,11.4,16.59,5.19,Gender,Men,Men,36.7,63.3,36.7,37.4,1.92,2.39,regional_univ,
FL-2022-Senate-UNF,"Public Opinion Research Lab (PORL), University of North Florida",UNF,2022-Senate-FL,2022,Senate,FL,"October 17-24, 2022",2022-10-24,15,622,LV,44.3,55.7,11.4,16.59,5.19,Gender,Women,Women,51.5,48.5,51.5,48.5,1.92,2.39,regional_univ,
FL-2022-Senate-UNF,"Public Opinion Research Lab (PORL), University of North Florida",UNF,2022-Senate-FL,2022,Senate,FL,"October 17-24, 2022",2022-10-24,15,622,LV,44.3,55.7,11.4,16.59,5.19,Race,Black,Black,87.9,12.1,87.9,90.9,3.89,2.39,regional_univ,
FL-2022-Senate-UNF,"Public Opinion Research Lab (PORL), University of North Florida",UNF,2022-Senate-FL,2022,Senate,FL,"October 17-24, 2022",2022-10-24,15,622,LV,44.3,55.7,11.4,16.59,5.19,Race,Hispanic,Hispanic,50.0,50.0,50.0,42.3,3.89,2.39,regional_univ,
FL-2022-Senate-UNF,"Public Opinion Research Lab (PORL), University of North Florida",UNF,2022-Senate-FL,2022,Senate,FL,"October 17-24, 2022",2022-10-24,15,622,LV,44.3,55.7,11.4,16.59,5.19,Race,Other,Other,55.8,44.2,,,3.89,2.39,regional_univ,
FL-2022-Senate-UNF,"Public Opinion Research Lab (PORL), University of North Florida",UNF,2022-Senate-FL,2022,Senate,FL,"October 17-24, 2022",2022-10-24,15,622,LV,44.3,55.7,11.4,16.59,5.19,Race,White,White,34.7,65.3,34.7,35.4,3.89,2.39,regional_univ,
FL-2024-President-UNF,"Public Opinion Research Lab (PORL), University of North Florida",UNF,2024-President-FL,2024,President,FL,"October 7-18, 2024",2024-10-18,18,977,LV,44.8,55.2,10.4,13.22,2.82,Age,18-24,18-24,51.1,48.9,,,,5.11,regional_univ,
FL-2024-President-UNF,"Public Opinion Research Lab (PORL), University of North Florida",UNF,2024-President-FL,2024,President,FL,"October 7-18, 2024",2024-10-18,18,977,LV,44.8,55.2,10.4,13.22,2.82,Age,25-34,25-34,46.9,53.1,,,,5.11,regional_univ,
FL-2024-President-UNF,"Public Opinion Research Lab (PORL), University of North Florida",UNF,2024-President-FL,2024,President,FL,"October 7-18, 2024",2024-10-18,18,977,LV,44.8,55.2,10.4,13.22,2.82,Age,35-44,35-44,38.6,61.4,,,,5.11,regional_univ,
FL-2024-President-UNF,"Public Opinion Research Lab (PORL), University of North Florida",UNF,2024-President-FL,2024,President,FL,"October 7-18, 2024",2024-10-18,18,977,LV,44.8,55.2,10.4,13.22,2.82,Age,45-54,45-54,45.7,54.3,,,,5.11,regional_univ,
FL-2024-President-UNF,"Public Opinion Research Lab (PORL), University of North Florida",UNF,2024-President-FL,2024,President,FL,"October 7-18, 2024",2024-10-18,18,977,LV,44.8,55.2,10.4,13.22,2.82,Age,55-64,55-64,46.4,53.6,,,,5.11,regional_univ,
FL-2024-President-UNF,"Public Opinion Research Lab (PORL), University of North Florida",UNF,2024-President-FL,2024,President,FL,"October 7-18, 2024",2024-10-18,18,977,LV,44.8,55.2,10.4,13.22,2.82,Age,65+,65+,44.9,55.1,,,,5.11,regional_univ,
FL-2024-President-UNF,"Public Opinion Research Lab (PORL), University of North Florida",UNF,2024-President-FL,2024,President,FL,"October 7-18, 2024",2024-10-18,18,977,LV,44.8,55.2,10.4,13.22,2.82,Education,B.A.+,B.A.+,52.1,47.9,52.1,46.8,2.64,5.11,regional_univ,
FL-2024-President-UNF,"Public Opinion Research Lab (PORL), University of North Florida",UNF,2024-President-FL,2024,President,FL,"October 7-18, 2024",2024-10-18,18,977,LV,44.8,55.2,10.4,13.22,2.82,Education,No B.A.,No B.A.,41.7,58.3,41.7,41.6,2.64,5.11,regional_univ,
FL-2024-President-UNF,"Public Opinion Research Lab (PORL), University of North Florida",UNF,2024-President-FL,2024,President,FL,"October 7-18, 2024",2024-10-18,18,977,LV,44.8,55.2,10.4,13.22,2.82,Gender,Men,Men,40.0,60.0,40.0,38.0,0.75,5.11,regional_univ,
FL-2024-President-UNF,"Public Opinion Research Lab (PORL), University of North Florida",UNF,2024-President-FL,2024,President,FL,"October 7-18, 2024",2024-10-18,18,977,LV,44.8,55.2,10.4,13.22,2.82,Gender,Women,Women,49.5,50.5,49.5,48.5,0.75,5.11,regional_univ,
FL-2024-President-UNF,"Public Opinion Research Lab (PORL), University of North Florida",UNF,2024-President-FL,2024,President,FL,"October 7-18, 2024",2024-10-18,18,977,LV,44.8,55.2,10.4,13.22,2.82,Race,Black,Black,89.4,10.6,89.4,84.7,11.94,5.11,regional_univ,
FL-2024-President-UNF,"Public Opinion Research Lab (PORL), University of North Florida",UNF,2024-President-FL,2024,President,FL,"October 7-18, 2024",2024-10-18,18,977,LV,44.8,55.2,10.4,13.22,2.82,Race,Hispanic,Hispanic,42.7,57.3,42.7,42.0,11.94,5.11,regional_univ,
FL-2024-President-UNF,"Public Opinion Research Lab (PORL), University of North Florida",UNF,2024-President-FL,2024,President,FL,"October 7-18, 2024",2024-10-18,18,977,LV,44.8,55.2,10.4,13.22,2.82,Race,Other,Other,43.6,56.4,43.6,28.3,11.94,5.11,regional_univ,
FL-2024-President-UNF,"Public Opinion Research Lab (PORL), University of North Florida",UNF,2024-President-FL,2024,President,FL,"October 7-18, 2024",2024-10-18,18,977,LV,44.8,55.2,10.4,13.22,2.82,Race,White,White,37.5,62.5,37.5,37.0,11.94,5.11,regional_univ,
FL-2024-Senate-UNF,"Public Opinion Research Lab (PORL), University of North Florida",UNF,2024-Senate-FL,2024,Senate,FL,"October 7-18, 2024",2024-10-18,18,963,LV,48.4,51.6,3.2,12.99,9.79,Age,18-24,18-24,48.4,51.6,,,,8.43,regional_univ,
FL-2024-Senate-UNF,"Public Opinion Research Lab (PORL), University of North Florida",UNF,2024-Senate-FL,2024,Senate,FL,"October 7-18, 2024",2024-10-18,18,963,LV,48.4,51.6,3.2,12.99,9.79,Age,25-34,25-34,54.8,45.2,,,,8.43,regional_univ,
FL-2024-Senate-UNF,"Public Opinion Research Lab (PORL), University of North Florida",UNF,2024-Senate-FL,2024,Senate,FL,"October 7-18, 2024",2024-10-18,18,963,LV,48.4,51.6,3.2,12.99,9.79,Age,35-44,35-44,44.7,55.3,,,,8.43,regional_univ,
FL-2024-Senate-UNF,"Public Opinion Research Lab (PORL), University of North Florida",UNF,2024-Senate-FL,2024,Senate,FL,"October 7-18, 2024",2024-10-18,18,963,LV,48.4,51.6,3.2,12.99,9.79,Age,45-54,45-54,44.1,55.9,,,,8.43,regional_univ,
FL-2024-Senate-UNF,"Public Opinion Research Lab (PORL), University of North Florida",UNF,2024-Senate-FL,2024,Senate,FL,"October 7-18, 2024",2024-10-18,18,963,LV,48.4,51.6,3.2,12.99,9.79,Age,55-64,55-64,51.6,48.4,,,,8.43,regional_univ,
FL-2024-Senate-UNF,"Public Opinion Research Lab (PORL), University of North Florida",UNF,2024-Senate-FL,2024,Senate,FL,"October 7-18, 2024",2024-10-18,18,963,LV,48.4,51.6,3.2,12.99,9.79,Age,65+,65+,46.9,53.1,,,,8.43,regional_univ,
FL-2024-Senate-UNF,"Public Opinion Research Lab (PORL), University of North Florida",UNF,2024-Senate-FL,2024,Senate,FL,"October 7-18, 2024",2024-10-18,18,963,LV,48.4,51.6,3.2,12.99,9.79,Education,B.A.+,B.A.+,53.1,46.9,53.1,45.4,1.57,8.43,regional_univ,
FL-2024-Senate-UNF,"Public Opinion Research Lab (PORL), University of North Florida",UNF,2024-Senate-FL,2024,Senate,FL,"October 7-18, 2024",2024-10-18,18,963,LV,48.4,51.6,3.2,12.99,9.79,Education,No B.A.,No B.A.,47.3,52.7,47.3,43.0,1.57,8.43,regional_univ,
FL-2024-Senate-UNF,"Public Opinion Research Lab (PORL), University of North Florida",UNF,2024-Senate-FL,2024,Senate,FL,"October 7-18, 2024",2024-10-18,18,963,LV,48.4,51.6,3.2,12.99,9.79,Gender,Men,Men,43.2,56.8,43.2,37.8,1.05,8.43,regional_univ,
FL-2024-Senate-UNF,"Public Opinion Research Lab (PORL), University of North Florida",UNF,2024-Senate-FL,2024,Senate,FL,"October 7-18, 2024",2024-10-18,18,963,LV,48.4,51.6,3.2,12.99,9.79,Gender,Women,Women,52.6,47.4,52.6,48.0,1.05,8.43,regional_univ,
FL-2024-Senate-UNF,"Public Opinion Research Lab (PORL), University of North Florida",UNF,2024-Senate-FL,2024,Senate,FL,"October 7-18, 2024",2024-10-18,18,963,LV,48.4,51.6,3.2,12.99,9.79,Race,Black,Black,88.4,11.6,88.4,77.0,22.67,8.43,regional_univ,
FL-2024-Senate-UNF,"Public Opinion Research Lab (PORL), University of North Florida",UNF,2024-Senate-FL,2024,Senate,FL,"October 7-18, 2024",2024-10-18,18,963,LV,48.4,51.6,3.2,12.99,9.79,Race,Hispanic,Hispanic,38.9,61.1,38.9,43.3,22.67,8.43,regional_univ,
FL-2024-Senate-UNF,"Public Opinion Research Lab (PORL), University of North Florida",UNF,2024-Senate-FL,2024,Senate,FL,"October 7-18, 2024",2024-10-18,18,963,LV,48.4,51.6,3.2,12.99,9.79,Race,Other,Other,63.0,37.0,63.0,30.3,22.67,8.43,regional_univ,
FL-2024-Senate-UNF,"Public Opinion Research Lab (PORL), University of North Florida",UNF,2024-Senate-FL,2024,Senate,FL,"October 7-18, 2024",2024-10-18,18,963,LV,48.4,51.6,3.2,12.99,9.79,Race,White,White,41.1,58.9,41.1,37.8,22.67,8.43,regional_univ,
GA-2020-President-Monmouth,Monmouth University Poll,Monmouth,2020-President-GA,2020,President,GA,"October 23-27, 2020",2020-10-27,7,504,RV,52.6,47.4,-5.2,-0.24,4.96,Age,18-49,18-49,57.4,42.6,,,,1.94,midsize,
GA-2020-President-Monmouth,Monmouth University Poll,Monmouth,2020-President-GA,2020,President,GA,"October 23-27, 2020",2020-10-27,7,504,RV,52.6,47.4,-5.2,-0.24,4.96,Age,50-64,50-64,53.6,46.4,,,,1.94,midsize,
GA-2020-President-Monmouth,Monmouth University Poll,Monmouth,2020-President-GA,2020,President,GA,"October 23-27, 2020",2020-10-27,7,504,RV,52.6,47.4,-5.2,-0.24,4.96,Age,65+,65+,42.0,58.0,,,,1.94,midsize,
GA-2020-President-Monmouth,Monmouth University Poll,Monmouth,2020-President-GA,2020,President,GA,"October 23-27, 2020",2020-10-27,7,504,RV,52.6,47.4,-5.2,-0.24,4.96,Education,Wht B.A.+,Wht B.A.+,46.3,53.7,,,,1.94,midsize,
GA-2020-President-Monmouth,Monmouth University Poll,Monmouth,2020-President-GA,2020,President,GA,"October 23-27, 2020",2020-10-27,7,504,RV,52.6,47.4,-5.2,-0.24,4.96,Education,Wht No B.A.,Wht No B.A.,25.0,75.0,,,,1.94,midsize,
GA-2020-President-Monmouth,Monmouth University Poll,Monmouth,2020-President-GA,2020,President,GA,"October 23-27, 2020",2020-10-27,7,504,RV,52.6,47.4,-5.2,-0.24,4.96,Gender,Men,Men,50.5,49.5,50.5,43.9,3.47,1.94,midsize,
GA-2020-President-Monmouth,Monmouth University Poll,Monmouth,2020-President-GA,2020,President,GA,"October 23-27, 2020",2020-10-27,7,504,RV,52.6,47.4,-5.2,-0.24,4.96,Gender,Women,Women,54.6,45.4,54.6,54.5,3.47,1.94,midsize,
GA-2020-President-Monmouth,Monmouth University Poll,Monmouth,2020-President-GA,2020,President,GA,"October 23-27, 2020",2020-10-27,7,504,RV,52.6,47.4,-5.2,-0.24,4.96,Race,Black,Black,92.8,7.2,92.8,88.9,0.4,1.94,midsize,
GA-2020-President-Monmouth,Monmouth University Poll,Monmouth,2020-President-GA,2020,President,GA,"October 23-27, 2020",2020-10-27,7,504,RV,52.6,47.4,-5.2,-0.24,4.96,Race,White,White,32.3,67.7,32.3,30.3,0.4,1.94,midsize,
GA-2020-President-Quinnipiac-Oct,Quinnipiac University Poll,Quinnipiac,2020-President-GA,2020,President,GA,"October 8-12, 2020",2020-10-12,22,1040,LV,51.0,44.0,-7.37,-0.24,7.13,Age,18-34,18-34,62.8,37.2,,,,1.97,,
GA-2020-President-Quinnipiac-Oct,Quinnipiac University Poll,Quinnipiac,2020-President-GA,2020,President,GA,"October 8-12, 2020",2020-10-12,22,1040,LV,51.0,44.0,-7.37,-0.24,7.13,Age,35-49,35-49,56.2,43.8,,,,1.97,,
GA-2020-President-Quinnipiac-Oct,Quinnipiac University Poll,Quinnipiac,2020-President-GA,2020,President,GA,"October 8-12, 2020",2020-10-12,22,1040,LV,51.0,44.0,-7.37,-0.24,7.13,Age,50-64,50-64,52.6,47.4,,,,1.97,,
GA-2020-President-Quinnipiac-Oct,Quinnipiac University Poll,Quinnipiac,2020-President-GA,2020,President,GA,"October 8-12, 2020",2020-10-12,22,1040,LV,51.0,44.0,-7.37,-0.24,7.13,Age,65+,65+,49.5,50.5,,,,1.97,,
GA-2020-President-Quinnipiac-Oct,Quinnipiac University Poll,Quinnipiac,2020-President-GA,2020,President,GA,"October 8-12, 2020",2020-10-12,22,1040,LV,51.0,44.0,-7.37,-0.24,7.13,Education,Wht B.A.+,Wht B.A.+,50.5,49.5,,,,1.97,,
GA-2020-President-Quinnipiac-Oct,Quinnipiac University Poll,Quinnipiac,2020-President-GA,2020,President,GA,"October 8-12, 2020",2020-10-12,22,1040,LV,51.0,44.0,-7.37,-0.24,7.13,Education,Wht no B.A.,Wht no B.A.,29.3,70.7,,,,1.97,,
GA-2020-President-Quinnipiac-Oct,Quinnipiac University Poll,Quinnipiac,2020-President-GA,2020,President,GA,"October 8-12, 2020",2020-10-12,22,1040,LV,51.0,44.0,-7.37,-0.24,7.13,Gender,Men,Men,50.0,50.0,50.0,43.9,2.02,1.97,,
GA-2020-President-Quinnipiac-Oct,Quinnipiac University Poll,Quinnipiac,2020-President-GA,2020,President,GA,"October 8-12, 2020",2020-10-12,22,1040,LV,51.0,44.0,-7.37,-0.24,7.13,Gender,Women,Women,57.3,42.7,57.3,54.5,2.02,1.97,,
GA-2020-President-Quinnipiac-Oct,Quinnipiac University Poll,Quinnipiac,2020-President-GA,2020,President,GA,"October 8-12, 2020",2020-10-12,22,1040,LV,51.0,44.0,-7.37,-0.24,7.13,Race,Black,Black,96.7,3.3,96.7,88.9,1.92,1.97,,
GA-2020-President-Quinnipiac-Oct,Quinnipiac University Poll,Quinnipiac,2020-President-GA,2020,President,GA,"October 8-12, 2020",2020-10-12,22,1040,LV,51.0,44.0,-7.37,-0.24,7.13,Race,White,White,36.4,63.6,36.4,30.3,1.92,1.97,,
GA-2020-Senate-Monmouth,Monmouth University Poll,Monmouth,2020-Senate-GA,2020,Senate,GA,"October 23-27, 2020",2020-10-27,7,504,RV,51.6,48.4,-3.2,1.82,5.02,Age,18-49,18-49,57.0,43.0,,,,2.38,midsize,
GA-2020-Senate-Monmouth,Monmouth University Poll,Monmouth,2020-Senate-GA,2020,Senate,GA,"October 23-27, 2020",2020-10-27,7,504,RV,51.6,48.4,-3.2,1.82,5.02,Age,50-64,50-64,52.6,47.4,,,,2.38,midsize,
GA-2020-Senate-Monmouth,Monmouth University Poll,Monmouth,2020-Senate-GA,2020,Senate,GA,"October 23-27, 2020",2020-10-27,7,504,RV,51.6,48.4,-3.2,1.82,5.02,Age,65+,65+,40.2,59.8,,,,2.38,midsize,
GA-2020-Senate-Monmouth,Monmouth University Poll,Monmouth,2020-Senate-GA,2020,Senate,GA,"October 23-27, 2020",2020-10-27,7,504,RV,51.6,48.4,-3.2,1.82,5.02,Education,Wht B.A.+,Wht B.A.+,44.2,55.8,,,,2.38,midsize,
GA-2020-Senate-Monmouth,Monmouth University Poll,Monmouth,2020-Senate-GA,2020,Senate,GA,"October 23-27, 2020",2020-10-27,7,504,RV,51.6,48.4,-3.2,1.82,5.02,Education,Wht No B.A.,Wht No B.A.,27.1,72.9,,,,2.38,midsize,
GA-2020-Senate-Monmouth,Monmouth University Poll,Monmouth,2020-Senate-GA,2020,Senate,GA,"October 23-27, 2020",2020-10-27,7,504,RV,51.6,48.4,-3.2,1.82,5.02,Gender,Men,Men,50.5,49.5,50.5,43.9,3.44,2.38,midsize,
GA-2020-Senate-Monmouth,Monmouth University Poll,Monmouth,2020-Senate-GA,2020,Senate,GA,"October 23-27, 2020",2020-10-27,7,504,RV,51.6,48.4,-3.2,1.82,5.02,Gender,Women,Women,53.2,46.8,53.2,53.1,3.44,2.38,midsize,
GA-2020-Senate-Monmouth,Monmouth University Poll,Monmouth,2020-Senate-GA,2020,Senate,GA,"October 23-27, 2020",2020-10-27,7,504,RV,51.6,48.4,-3.2,1.82,5.02,Race,Black,Black,90.4,9.6,90.4,88.8,1.32,2.38,midsize,
GA-2020-Senate-Monmouth,Monmouth University Poll,Monmouth,2020-Senate-GA,2020,Senate,GA,"October 23-27, 2020",2020-10-27,7,504,RV,51.6,48.4,-3.2,1.82,5.02,Race,White,White,32.3,67.7,32.3,29.6,1.32,2.38,midsize,
GA-2020-Senate-Quinnipiac-Oct,Quinnipiac University Poll,Quinnipiac,2020-Senate-GA,2020,Senate,GA,"October 8-12, 2020",2020-10-12,22,1040,LV,51.0,45.0,-6.25,1.82,8.07,Age,18-34,18-34,63.2,36.8,,,,2.59,,
GA-2020-Senate-Quinnipiac-Oct,Quinnipiac University Poll,Quinnipiac,2020-Senate-GA,2020,Senate,GA,"October 8-12, 2020",2020-10-12,22,1040,LV,51.0,45.0,-6.25,1.82,8.07,Age,35-49,35-49,53.5,46.5,,,,2.59,,
GA-2020-Senate-Quinnipiac-Oct,Quinnipiac University Poll,Quinnipiac,2020-Senate-GA,2020,Senate,GA,"October 8-12, 2020",2020-10-12,22,1040,LV,51.0,45.0,-6.25,1.82,8.07,Age,50-64,50-64,52.0,48.0,,,,2.59,,
GA-2020-Senate-Quinnipiac-Oct,Quinnipiac University Poll,Quinnipiac,2020-Senate-GA,2020,Senate,GA,"October 8-12, 2020",2020-10-12,22,1040,LV,51.0,45.0,-6.25,1.82,8.07,Age,65+,65+,47.4,52.6,,,,2.59,,
GA-2020-Senate-Quinnipiac-Oct,Quinnipiac University Poll,Quinnipiac,2020-Senate-GA,2020,Senate,GA,"October 8-12, 2020",2020-10-12,22,1040,LV,51.0,45.0,-6.25,1.82,8.07,Education,Wht B.A.+,Wht B.A.+,50.0,50.0,,,,2.59,,
GA-2020-Senate-Quinnipiac-Oct,Quinnipiac University Poll,Quinnipiac,2020-Senate-GA,2020,Senate,GA,"October 8-12, 2020",2020-10-12,22,1040,LV,51.0,45.0,-6.25,1.82,8.07,Education,Wht no B.A.,Wht no B.A.,29.6,70.4,,,,2.59,,
GA-2020-Senate-Quinnipiac-Oct,Quinnipiac University Poll,Quinnipiac,2020-Senate-GA,2020,Senate,GA,"October 8-12, 2020",2020-10-12,22,1040,LV,51.0,45.0,-6.25,1.82,8.07,Gender,Men,Men,49.0,51.0,49.0,43.9,1.31,2.59,,
GA-2020-Senate-Quinnipiac-Oct,Quinnipiac University Poll,Quinnipiac,2020-Senate-GA,2020,Senate,GA,"October 8-12, 2020",2020-10-12,22,1040,LV,51.0,45.0,-6.25,1.82,8.07,Gender,Women,Women,56.2,43.8,56.2,53.1,1.31,2.59,,
GA-2020-Senate-Quinnipiac-Oct,Quinnipiac University Poll,Quinnipiac,2020-Senate-GA,2020,Senate,GA,"October 8-12, 2020",2020-10-12,22,1040,LV,51.0,45.0,-6.25,1.82,8.07,Race,Black,Black,90.4,9.6,90.4,88.8,3.87,2.59,,
GA-2020-Senate-Quinnipiac-Oct,Quinnipiac University Poll,Quinnipiac,2020-Senate-GA,2020,Senate,GA,"October 8-12, 2020",2020-10-12,22,1040,LV,51.0,45.0,-6.25,1.82,8.07,Race,White,White,36.7,63.3,36.7,29.6,3.87,2.59,,
GA-2022-Governor-Emerson,Emerson College Polling / The Hill,Emerson,2022-Governor-GA,2022,Governor,GA,"October 28-31, 2022",2022-10-31,8,1000,LV,46.0,52.0,6.12,7.59,1.47,Age,18-34,18-34,61.9,38.1,,,,4.95,,
GA-2022-Governor-Emerson,Emerson College Polling / The Hill,Emerson,2022-Governor-GA,2022,Governor,GA,"October 28-31, 2022",2022-10-31,8,1000,LV,46.0,52.0,6.12,7.59,1.47,Age,35-49,35-49,47.8,52.2,,,,4.95,,
GA-2022-Governor-Emerson,Emerson College Polling / The Hill,Emerson,2022-Governor-GA,2022,Governor,GA,"October 28-31, 2022",2022-10-31,8,1000,LV,46.0,52.0,6.12,7.59,1.47,Age,50-64,50-64,43.6,56.4,,,,4.95,,
GA-2022-Governor-Emerson,Emerson College Polling / The Hill,Emerson,2022-Governor-GA,2022,Governor,GA,"October 28-31, 2022",2022-10-31,8,1000,LV,46.0,52.0,6.12,7.59,1.47,Age,65+,65+,36.3,63.7,,,,4.95,,
GA-2022-Governor-Emerson,Emerson College Polling / The Hill,Emerson,2022-Governor-GA,2022,Governor,GA,"October 28-31, 2022",2022-10-31,8,1000,LV,46.0,52.0,6.12,7.59,1.47,Education,B.A.+,B.A.+,56.3,43.7,56.3,49.3,5.79,4.95,,
GA-2022-Governor-Emerson,Emerson College Polling / The Hill,Emerson,2022-Governor-GA,2022,Governor,GA,"October 28-31, 2022",2022-10-31,8,1000,LV,46.0,52.0,6.12,7.59,1.47,Education,No B.A.,No B.A.,40.5,59.5,40.5,44.8,5.79,4.95,,
GA-2022-Governor-Emerson,Emerson College Polling / The Hill,Emerson,2022-Governor-GA,2022,Governor,GA,"October 28-31, 2022",2022-10-31,8,1000,LV,46.0,52.0,6.12,7.59,1.47,Gender,Men,Men,38.7,61.3,38.7,40.8,2.46,4.95,,
GA-2022-Governor-Emerson,Emerson College Polling / The Hill,Emerson,2022-Governor-GA,2022,Governor,GA,"October 28-31, 2022",2022-10-31,8,1000,LV,46.0,52.0,6.12,7.59,1.47,Gender,Women,Women,54.0,46.0,54.0,51.5,2.46,4.95,,
GA-2022-Governor-Emerson,Emerson College Polling / The Hill,Emerson,2022-Governor-GA,2022,Governor,GA,"October 28-31, 2022",2022-10-31,8,1000,LV,46.0,52.0,6.12,7.59,1.47,Race,Black,Black,81.5,18.5,81.5,90.9,6.6,4.95,,
GA-2022-Governor-Emerson,Emerson College Polling / The Hill,Emerson,2022-Governor-GA,2022,Governor,GA,"October 28-31, 2022",2022-10-31,8,1000,LV,46.0,52.0,6.12,7.59,1.47,Race,Hispanic,Hispanic,53.4,46.6,53.4,56.1,6.6,4.95,,
GA-2022-Governor-Emerson,Emerson College Polling / The Hill,Emerson,2022-Governor-GA,2022,Governor,GA,"October 28-31, 2022",2022-10-31,8,1000,LV,46.0,52.0,6.12,7.59,1.47,Race,Other,Other,32.4,67.6,32.4,50.0,6.6,4.95,,
GA-2022-Governor-Emerson,Emerson College Polling / The Hill,Emerson,2022-Governor-GA,2022,Governor,GA,"October 28-31, 2022",2022-10-31,8,1000,LV,46.0,52.0,6.12,7.59,1.47,Race,White,White,29.1,70.9,29.1,25.3,6.6,4.95,,
GA-2022-Governor-Quinnipiac,Quinnipiac University Poll,Quinnipiac,2022-Governor-GA,2022,Governor,GA,"October 7-10, 2022",2022-10-10,29,1157,LV,49.0,50.0,1.01,7.59,6.58,Age,18-34,18-34,65.3,34.7,,,,1.97,,
GA-2022-Governor-Quinnipiac,Quinnipiac University Poll,Quinnipiac,2022-Governor-GA,2022,Governor,GA,"October 7-10, 2022",2022-10-10,29,1157,LV,49.0,50.0,1.01,7.59,6.58,Age,35-49,35-49,53.5,46.5,,,,1.97,,
GA-2022-Governor-Quinnipiac,Quinnipiac University Poll,Quinnipiac,2022-Governor-GA,2022,Governor,GA,"October 7-10, 2022",2022-10-10,29,1157,LV,49.0,50.0,1.01,7.59,6.58,Age,50-64,50-64,50.5,49.5,,,,1.97,,
GA-2022-Governor-Quinnipiac,Quinnipiac University Poll,Quinnipiac,2022-Governor-GA,2022,Governor,GA,"October 7-10, 2022",2022-10-10,29,1157,LV,49.0,50.0,1.01,7.59,6.58,Age,65+,65+,39.4,60.6,,,,1.97,,
GA-2022-Governor-Quinnipiac,Quinnipiac University Poll,Quinnipiac,2022-Governor-GA,2022,Governor,GA,"October 7-10, 2022",2022-10-10,29,1157,LV,49.0,50.0,1.01,7.59,6.58,Education,Wht B.A.+,Wht B.A.+,41.4,58.6,,,,1.97,,
GA-2022-Governor-Quinnipiac,Quinnipiac University Poll,Quinnipiac,2022-Governor-GA,2022,Governor,GA,"October 7-10, 2022",2022-10-10,29,1157,LV,49.0,50.0,1.01,7.59,6.58,Education,Wht no B.A.,Wht no B.A.,23.2,76.8,,,,1.97,,
GA-2022-Governor-Quinnipiac,Quinnipiac University Poll,Quinnipiac,2022-Governor-GA,2022,Governor,GA,"October 7-10, 2022",2022-10-10,29,1157,LV,49.0,50.0,1.01,7.59,6.58,Gender,Men,Men,42.9,57.1,42.9,40.8,0.43,1.97,,
GA-2022-Governor-Quinnipiac,Quinnipiac University Poll,Quinnipiac,2022-Governor-GA,2022,Governor,GA,"October 7-10, 2022",2022-10-10,29,1157,LV,49.0,50.0,1.01,7.59,6.58,Gender,Women,Women,55.1,44.9,55.1,51.5,0.43,1.97,,
GA-2022-Governor-Quinnipiac,Quinnipiac University Poll,Quinnipiac,2022-Governor-GA,2022,Governor,GA,"October 7-10, 2022",2022-10-10,29,1157,LV,49.0,50.0,1.01,7.59,6.58,Race,Black,Black,89.7,10.3,89.7,90.9,3.51,1.97,,
GA-2022-Governor-Quinnipiac,Quinnipiac University Poll,Quinnipiac,2022-Governor-GA,2022,Governor,GA,"October 7-10, 2022",2022-10-10,29,1157,LV,49.0,50.0,1.01,7.59,6.58,Race,White,White,30.3,69.7,30.3,25.3,3.51,1.97,,
GA-2022-Senate-DataForProgress,Data for Progress,DfP,2022-Senate-GA,2022,Senate,GA,"November 2-6, 2022",2022-11-06,2,1474,LV,49.5,50.5,1.0,-2.81,3.81,Age,45+,45+,39.4,60.6,,,,3.38,midsize,
GA-2022-Senate-DataForProgress,Data for Progress,DfP,2022-Senate-GA,2022,Senate,GA,"November 2-6, 2022",2022-11-06,2,1474,LV,49.5,50.5,1.0,-2.81,3.81,Age,Under 45,Under 45,68.5,31.5,,,,3.38,midsize,
GA-2022-Senate-DataForProgress,Data for Progress,DfP,2022-Senate-GA,2022,Senate,GA,"November 2-6, 2022",2022-11-06,2,1474,LV,49.5,50.5,1.0,-2.81,3.81,Education,B.A.+,B.A.+,56.4,43.6,56.4,53.6,2.0,3.38,midsize,
GA-2022-Senate-DataForProgress,Data for Progress,DfP,2022-Senate-GA,2022,Senate,GA,"November 2-6, 2022",2022-11-06,2,1474,LV,49.5,50.5,1.0,-2.81,3.81,Education,No B.A.,No B.A.,45.5,54.5,45.5,46.8,2.0,3.38,midsize,
GA-2022-Senate-DataForProgress,Data for Progress,DfP,2022-Senate-GA,2022,Senate,GA,"November 2-6, 2022",2022-11-06,2,1474,LV,49.5,50.5,1.0,-2.81,3.81,Gender,Men,Men,43.9,56.1,43.9,44.9,0.61,3.38,midsize,
GA-2022-Senate-DataForProgress,Data for Progress,DfP,2022-Senate-GA,2022,Senate,GA,"November 2-6, 2022",2022-11-06,2,1474,LV,49.5,50.5,1.0,-2.81,3.81,Gender,Women,Women,54.2,45.8,54.2,54.1,0.61,3.38,midsize,
GA-2022-Senate-DataForProgress,Data for Progress,DfP,2022-Senate-GA,2022,Senate,GA,"November 2-6, 2022",2022-11-06,2,1474,LV,49.5,50.5,1.0,-2.81,3.81,Race,Black,Black,83.5,16.5,83.5,91.8,7.52,3.38,midsize,
GA-2022-Senate-DataForProgress,Data for Progress,DfP,2022-Senate-GA,2022,Senate,GA,"November 2-6, 2022",2022-11-06,2,1474,LV,49.5,50.5,1.0,-2.81,3.81,Race,Hispanic,Hispanic,63.6,36.4,63.6,59.8,7.52,3.38,midsize,
GA-2022-Senate-DataForProgress,Data for Progress,DfP,2022-Senate-GA,2022,Senate,GA,"November 2-6, 2022",2022-11-06,2,1474,LV,49.5,50.5,1.0,-2.81,3.81,Race,White,White,34.4,65.6,34.4,29.3,7.52,3.38,midsize,
GA-2022-Senate-Emerson,Emerson College Polling / The Hill,Emerson,2022-Senate-GA,2022,Senate,GA,"October 28-31, 2022",2022-10-31,8,1000,LV,49.0,47.0,-2.08,-2.81,0.73,Age,18-34,18-34,68.9,31.1,,,,4.96,,
GA-2022-Senate-Emerson,Emerson College Polling / The Hill,Emerson,2022-Senate-GA,2022,Senate,GA,"October 28-31, 2022",2022-10-31,8,1000,LV,49.0,47.0,-2.08,-2.81,0.73,Age,35-49,35-49,48.5,51.5,,,,4.96,,
GA-2022-Senate-Emerson,Emerson College Polling / The Hill,Emerson,2022-Senate-GA,2022,Senate,GA,"October 28-31, 2022",2022-10-31,8,1000,LV,49.0,47.0,-2.08,-2.81,0.73,Age,50-64,50-64,46.6,53.4,,,,4.96,,
GA-2022-Senate-Emerson,Emerson College Polling / The Hill,Emerson,2022-Senate-GA,2022,Senate,GA,"October 28-31, 2022",2022-10-31,8,1000,LV,49.0,47.0,-2.08,-2.81,0.73,Age,65+,65+,41.7,58.3,,,,4.96,,
GA-2022-Senate-Emerson,Emerson College Polling / The Hill,Emerson,2022-Senate-GA,2022,Senate,GA,"October 28-31, 2022",2022-10-31,8,1000,LV,49.0,47.0,-2.08,-2.81,0.73,Education,B.A.+,B.A.+,61.0,39.0,61.0,53.6,4.86,4.96,,
GA-2022-Senate-Emerson,Emerson College Polling / The Hill,Emerson,2022-Senate-GA,2022,Senate,GA,"October 28-31, 2022",2022-10-31,8,1000,LV,49.0,47.0,-2.08,-2.81,0.73,Education,No B.A.,No B.A.,43.8,56.2,43.8,46.8,4.86,4.96,,
GA-2022-Senate-Emerson,Emerson College Polling / The Hill,Emerson,2022-Senate-GA,2022,Senate,GA,"October 28-31, 2022",2022-10-31,8,1000,LV,49.0,47.0,-2.08,-2.81,0.73,Gender,Men,Men,42.4,57.6,42.4,44.9,3.09,4.96,,
GA-2022-Senate-Emerson,Emerson College Polling / The Hill,Emerson,2022-Senate-GA,2022,Senate,GA,"October 28-31, 2022",2022-10-31,8,1000,LV,49.0,47.0,-2.08,-2.81,0.73,Gender,Women,Women,57.9,42.1,57.9,54.1,3.09,4.96,,
GA-2022-Senate-Emerson,Emerson College Polling / The Hill,Emerson,2022-Senate-GA,2022,Senate,GA,"October 28-31, 2022",2022-10-31,8,1000,LV,49.0,47.0,-2.08,-2.81,0.73,Race,Black,Black,84.2,15.8,84.2,91.8,6.94,4.96,,
GA-2022-Senate-Emerson,Emerson College Polling / The Hill,Emerson,2022-Senate-GA,2022,Senate,GA,"October 28-31, 2022",2022-10-31,8,1000,LV,49.0,47.0,-2.08,-2.81,0.73,Race,Hispanic,Hispanic,57.1,42.9,57.1,59.8,6.94,4.96,,
GA-2022-Senate-Emerson,Emerson College Polling / The Hill,Emerson,2022-Senate-GA,2022,Senate,GA,"October 28-31, 2022",2022-10-31,8,1000,LV,49.0,47.0,-2.08,-2.81,0.73,Race,Other,Other,37.8,62.2,37.8,56.4,6.94,4.96,,
GA-2022-Senate-Emerson,Emerson College Polling / The Hill,Emerson,2022-Senate-GA,2022,Senate,GA,"October 28-31, 2022",2022-10-31,8,1000,LV,49.0,47.0,-2.08,-2.81,0.73,Race,White,White,33.0,67.0,33.0,29.3,6.94,4.96,,
GA-2022-Senate-NYTSiena-Oct,New York Times / Siena College,NYT/Siena,2022-Senate-GA,2022,Senate,GA,"October 24-27, 2022",2022-10-27,12,604,LV,49.0,46.0,-3.16,-2.81,0.35,Age,18-29,18-29,64.1,35.9,64.1,64.9,3.8,2.12,,
GA-2022-Senate-NYTSiena-Oct,New York Times / Siena College,NYT/Siena,2022-Senate-GA,2022,Senate,GA,"October 24-27, 2022",2022-10-27,12,604,LV,49.0,46.0,-3.16,-2.81,0.35,Age,30-44,30-44,60.4,39.6,60.4,55.6,3.8,2.12,,
GA-2022-Senate-NYTSiena-Oct,New York Times / Siena College,NYT/Siena,2022-Senate-GA,2022,Senate,GA,"October 24-27, 2022",2022-10-27,12,604,LV,49.0,46.0,-3.16,-2.81,0.35,Age,45-64,45-64,51.5,48.5,51.5,44.9,3.8,2.12,,
GA-2022-Senate-NYTSiena-Oct,New York Times / Siena College,NYT/Siena,2022-Senate-GA,2022,Senate,GA,"October 24-27, 2022",2022-10-27,12,604,LV,49.0,46.0,-3.16,-2.81,0.35,Age,65+,65+,38.0,62.0,38.0,41.4,3.8,2.12,,
GA-2022-Senate-NYTSiena-Oct,New York Times / Siena College,NYT/Siena,2022-Senate-GA,2022,Senate,GA,"October 24-27, 2022",2022-10-27,12,604,LV,49.0,46.0,-3.16,-2.81,0.35,Education,B.A.+,B.A.+,54.7,45.3,54.7,53.6,0.29,2.12,,
GA-2022-Senate-NYTSiena-Oct,New York Times / Siena College,NYT/Siena,2022-Senate-GA,2022,Senate,GA,"October 24-27, 2022",2022-10-27,12,604,LV,49.0,46.0,-3.16,-2.81,0.35,Education,No B.A.,No B.A.,48.4,51.6,48.4,46.8,0.29,2.12,,
GA-2022-Senate-NYTSiena-Oct,New York Times / Siena College,NYT/Siena,2022-Senate-GA,2022,Senate,GA,"October 24-27, 2022",2022-10-27,12,604,LV,49.0,46.0,-3.16,-2.81,0.35,Gender,Men,Men,46.8,53.2,46.8,44.9,0.08,2.12,,
GA-2022-Senate-NYTSiena-Oct,New York Times / Siena College,NYT/Siena,2022-Senate-GA,2022,Senate,GA,"October 24-27, 2022",2022-10-27,12,604,LV,49.0,46.0,-3.16,-2.81,0.35,Gender,Women,Women,56.2,43.8,56.2,54.1,0.08,2.12,,
GA-2022-Senate-NYTSiena-Oct,New York Times / Siena College,NYT/Siena,2022-Senate-GA,2022,Senate,GA,"October 24-27, 2022",2022-10-27,12,604,LV,49.0,46.0,-3.16,-2.81,0.35,Race,Black,Black,93.9,6.1,93.9,91.8,4.31,2.12,,
GA-2022-Senate-NYTSiena-Oct,New York Times / Siena College,NYT/Siena,2022-Senate-GA,2022,Senate,GA,"October 24-27, 2022",2022-10-27,12,604,LV,49.0,46.0,-3.16,-2.81,0.35,Race,Other,Other,48.4,51.6,48.4,56.4,4.31,2.12,,
GA-2022-Senate-NYTSiena-Oct,New York Times / Siena College,NYT/Siena,2022-Senate-GA,2022,Senate,GA,"October 24-27, 2022",2022-10-27,12,604,LV,49.0,46.0,-3.16,-2.81,0.35,Race,White,White,34.0,66.0,34.0,29.3,4.31,2.12,,
GA-2022-Senate-Quinnipiac,Quinnipiac University Poll,Quinnipiac,2022-Senate-GA,2022,Senate,GA,"October 7-10, 2022",2022-10-10,29,1157,LV,52.0,45.0,-7.22,-2.81,4.41,Age,18-34,18-34,73.1,26.9,,,,1.48,,
GA-2022-Senate-Quinnipiac,Quinnipiac University Poll,Quinnipiac,2022-Senate-GA,2022,Senate,GA,"October 7-10, 2022",2022-10-10,29,1157,LV,52.0,45.0,-7.22,-2.81,4.41,Age,35-49,35-49,61.1,38.9,,,,1.48,,
GA-2022-Senate-Quinnipiac,Quinnipiac University Poll,Quinnipiac,2022-Senate-GA,2022,Senate,GA,"October 7-10, 2022",2022-10-10,29,1157,LV,52.0,45.0,-7.22,-2.81,4.41,Age,50-64,50-64,52.5,47.5,,,,1.48,,
GA-2022-Senate-Quinnipiac,Quinnipiac University Poll,Quinnipiac,2022-Senate-GA,2022,Senate,GA,"October 7-10, 2022",2022-10-10,29,1157,LV,52.0,45.0,-7.22,-2.81,4.41,Age,65+,65+,44.0,56.0,,,,1.48,,
GA-2022-Senate-Quinnipiac,Quinnipiac University Poll,Quinnipiac,2022-Senate-GA,2022,Senate,GA,"October 7-10, 2022",2022-10-10,29,1157,LV,52.0,45.0,-7.22,-2.81,4.41,Education,Wht B.A.+,Wht B.A.+,45.4,54.6,,,,1.48,,
GA-2022-Senate-Quinnipiac,Quinnipiac University Poll,Quinnipiac,2022-Senate-GA,2022,Senate,GA,"October 7-10, 2022",2022-10-10,29,1157,LV,52.0,45.0,-7.22,-2.81,4.41,Education,Wht no B.A.,Wht no B.A.,28.3,71.7,,,,1.48,,
GA-2022-Senate-Quinnipiac,Quinnipiac University Poll,Quinnipiac,2022-Senate-GA,2022,Senate,GA,"October 7-10, 2022",2022-10-10,29,1157,LV,52.0,45.0,-7.22,-2.81,4.41,Gender,Men,Men,48.5,51.5,48.5,44.9,0.16,1.48,,
GA-2022-Senate-Quinnipiac,Quinnipiac University Poll,Quinnipiac,2022-Senate-GA,2022,Senate,GA,"October 7-10, 2022",2022-10-10,29,1157,LV,52.0,45.0,-7.22,-2.81,4.41,Gender,Women,Women,58.8,41.2,58.8,54.1,0.16,1.48,,
GA-2022-Senate-Quinnipiac,Quinnipiac University Poll,Quinnipiac,2022-Senate-GA,2022,Senate,GA,"October 7-10, 2022",2022-10-10,29,1157,LV,52.0,45.0,-7.22,-2.81,4.41,Race,Black,Black,93.9,6.1,93.9,91.8,2.8,1.48,,
GA-2022-Senate-Quinnipiac,Quinnipiac University Poll,Quinnipiac,2022-Senate-GA,2022,Senate,GA,"October 7-10, 2022",2022-10-10,29,1157,LV,52.0,45.0,-7.22,-2.81,4.41,Race,White,White,34.7,65.3,34.7,29.3,2.8,1.48,,
GA-2024-President-Emerson,Emerson College Polling / The Hill,Emerson,2024-President-GA,2024,President,GA,"October 30-November 2, 2024",2024-11-02,3,800,LV,49.0,50.0,1.01,2.21,1.2,Age,18-29,18-29,60.4,39.6,,,,1.98,,
GA-2024-President-Emerson,Emerson College Polling / The Hill,Emerson,2024-President-GA,2024,President,GA,"October 30-November 2, 2024",2024-11-02,3,800,LV,49.0,50.0,1.01,2.21,1.2,Age,30-39,30-39,53.3,46.7,,,,1.98,,
GA-2024-President-Emerson,Emerson College Polling / The Hill,Emerson,2024-President-GA,2024,President,GA,"October 30-November 2, 2024",2024-11-02,3,800,LV,49.0,50.0,1.01,2.21,1.2,Age,40-49,40-49,47.1,52.9,,,,1.98,,
GA-2024-President-Emerson,Emerson College Polling / The Hill,Emerson,2024-President-GA,2024,President,GA,"October 30-November 2, 2024",2024-11-02,3,800,LV,49.0,50.0,1.01,2.21,1.2,Age,50-59,50-59,45.4,54.6,,,,1.98,,
GA-2024-President-Emerson,Emerson College Polling / The Hill,Emerson,2024-President-GA,2024,President,GA,"October 30-November 2, 2024",2024-11-02,3,800,LV,49.0,50.0,1.01,2.21,1.2,Age,60-69,60-69,45.4,54.6,,,,1.98,,
GA-2024-President-Emerson,Emerson College Polling / The Hill,Emerson,2024-President-GA,2024,President,GA,"October 30-November 2, 2024",2024-11-02,3,800,LV,49.0,50.0,1.01,2.21,1.2,Age,70+,70+,43.7,56.3,,,,1.98,,
GA-2024-President-Emerson,Emerson College Polling / The Hill,Emerson,2024-President-GA,2024,President,GA,"October 30-November 2, 2024",2024-11-02,3,800,LV,49.0,50.0,1.01,2.21,1.2,Education,B.A.+,B.A.+,57.4,42.6,57.4,56.5,0.28,1.98,,
GA-2024-President-Emerson,Emerson College Polling / The Hill,Emerson,2024-President-GA,2024,President,GA,"October 30-November 2, 2024",2024-11-02,3,800,LV,49.0,50.0,1.01,2.21,1.2,Education,No B.A.,No B.A.,44.7,55.3,44.7,43.5,0.28,1.98,,
GA-2024-President-Emerson,Emerson College Polling / The Hill,Emerson,2024-President-GA,2024,President,GA,"October 30-November 2, 2024",2024-11-02,3,800,LV,49.0,50.0,1.01,2.21,1.2,Gender,Men,Men,42.1,57.9,42.1,43.4,1.83,1.98,,
GA-2024-President-Emerson,Emerson College Polling / The Hill,Emerson,2024-President-GA,2024,President,GA,"October 30-November 2, 2024",2024-11-02,3,800,LV,49.0,50.0,1.01,2.21,1.2,Gender,Women,Women,55.9,44.1,55.9,53.5,1.83,1.98,,
GA-2024-President-Emerson,Emerson College Polling / The Hill,Emerson,2024-President-GA,2024,President,GA,"October 30-November 2, 2024",2024-11-02,3,800,LV,49.0,50.0,1.01,2.21,1.2,Race,Black,Black,87.4,12.6,87.4,88.9,3.83,1.98,,
GA-2024-President-Emerson,Emerson College Polling / The Hill,Emerson,2024-President-GA,2024,President,GA,"October 30-November 2, 2024",2024-11-02,3,800,LV,49.0,50.0,1.01,2.21,1.2,Race,Hispanic,Hispanic,69.1,30.9,69.1,59.0,3.83,1.98,,
GA-2024-President-Emerson,Emerson College Polling / The Hill,Emerson,2024-President-GA,2024,President,GA,"October 30-November 2, 2024",2024-11-02,3,800,LV,49.0,50.0,1.01,2.21,1.2,Race,White,White,30.3,69.7,30.3,28.3,3.83,1.98,,
GA-2024-President-InsiderAdvantage,InsiderAdvantage,InsiderAdvantage,2024-President-GA,2024,President,GA,"November 2-3, 2024",2024-11-03,2,800,LV,49.5,50.5,1.0,2.21,1.21,Age,18-39,18-39,52.6,47.4,,,,4.0,trafalgar_is,
GA-2024-President-InsiderAdvantage,InsiderAdvantage,InsiderAdvantage,2024-President-GA,2024,President,GA,"November 2-3, 2024",2024-11-03,2,800,LV,49.5,50.5,1.0,2.21,1.21,Age,40-64,40-64,50.9,49.1,,,,4.0,trafalgar_is,
GA-2024-President-InsiderAdvantage,InsiderAdvantage,InsiderAdvantage,2024-President-GA,2024,President,GA,"November 2-3, 2024",2024-11-03,2,800,LV,49.5,50.5,1.0,2.21,1.21,Age,65 or over,65 or over,47.3,52.7,,,,4.0,trafalgar_is,
GA-2024-President-InsiderAdvantage,InsiderAdvantage,InsiderAdvantage,2024-President-GA,2024,President,GA,"November 2-3, 2024",2024-11-03,2,800,LV,49.5,50.5,1.0,2.21,1.21,Gender,Men,Men,42.1,57.9,42.1,43.4,2.56,4.0,trafalgar_is,
GA-2024-President-InsiderAdvantage,InsiderAdvantage,InsiderAdvantage,2024-President-GA,2024,President,GA,"November 2-3, 2024",2024-11-03,2,800,LV,49.5,50.5,1.0,2.21,1.21,Gender,Women,Women,57.6,42.4,57.6,53.5,2.56,4.0,trafalgar_is,
GA-2024-President-InsiderAdvantage,InsiderAdvantage,InsiderAdvantage,2024-President-GA,2024,President,GA,"November 2-3, 2024",2024-11-03,2,800,LV,49.5,50.5,1.0,2.21,1.21,Race,Black,Black,87.4,12.6,87.4,88.9,5.43,4.0,trafalgar_is,
GA-2024-President-InsiderAdvantage,InsiderAdvantage,InsiderAdvantage,2024-President-GA,2024,President,GA,"November 2-3, 2024",2024-11-03,2,800,LV,49.5,50.5,1.0,2.21,1.21,Race,Hispanic,Hispanic,49.3,50.7,49.3,59.0,5.43,4.0,trafalgar_is,
GA-2024-President-InsiderAdvantage,InsiderAdvantage,InsiderAdvantage,2024-President-GA,2024,President,GA,"November 2-3, 2024",2024-11-03,2,800,LV,49.5,50.5,1.0,2.21,1.21,Race,Other,Other,43.0,57.0,43.0,43.0,5.43,4.0,trafalgar_is,
GA-2024-President-InsiderAdvantage,InsiderAdvantage,InsiderAdvantage,2024-President-GA,2024,President,GA,"November 2-3, 2024",2024-11-03,2,800,LV,49.5,50.5,1.0,2.21,1.21,Race,White,White,31.2,68.8,31.2,28.3,5.43,4.0,trafalgar_is,
GA-2024-President-NYTSiena-lateOct,New York Times / Siena College,NYT/Siena,2024-President-GA,2024,President,GA,"October 24 - November 1, 2024",2024-11-01,4,1004,LV,48.0,47.0,-1.05,2.21,3.26,Age,18-29,18-29,63.9,36.1,63.9,62.1,6.76,3.96,,
GA-2024-President-NYTSiena-lateOct,New York Times / Siena College,NYT/Siena,2024-President-GA,2024,President,GA,"October 24 - November 1, 2024",2024-11-01,4,1004,LV,48.0,47.0,-1.05,2.21,3.26,Age,30-44,30-44,51.6,48.4,51.6,53.0,6.76,3.96,,
GA-2024-President-NYTSiena-lateOct,New York Times / Siena College,NYT/Siena,2024-President-GA,2024,President,GA,"October 24 - November 1, 2024",2024-11-01,4,1004,LV,48.0,47.0,-1.05,2.21,3.26,Age,45-64,45-64,48.4,51.6,48.4,42.4,6.76,3.96,,
GA-2024-President-NYTSiena-lateOct,New York Times / Siena College,NYT/Siena,2024-President-GA,2024,President,GA,"October 24 - November 1, 2024",2024-11-01,4,1004,LV,48.0,47.0,-1.05,2.21,3.26,Age,65+,65+,46.4,53.6,46.4,39.4,6.76,3.96,,
GA-2024-President-NYTSiena-lateOct,New York Times / Siena College,NYT/Siena,2024-President-GA,2024,President,GA,"October 24 - November 1, 2024",2024-11-01,4,1004,LV,48.0,47.0,-1.05,2.21,3.26,Education,B.A.+,B.A.+,57.3,42.7,57.3,56.5,1.19,3.96,,
GA-2024-President-NYTSiena-lateOct,New York Times / Siena College,NYT/Siena,2024-President-GA,2024,President,GA,"October 24 - November 1, 2024",2024-11-01,4,1004,LV,48.0,47.0,-1.05,2.21,3.26,Education,No B.A.,No B.A.,46.3,53.7,46.3,43.5,1.19,3.96,,
GA-2024-President-NYTSiena-lateOct,New York Times / Siena College,NYT/Siena,2024-President-GA,2024,President,GA,"October 24 - November 1, 2024",2024-11-01,4,1004,LV,48.0,47.0,-1.05,2.21,3.26,Gender,Men,Men,40.6,59.4,40.6,43.4,3.99,3.96,,
GA-2024-President-NYTSiena-lateOct,New York Times / Siena College,NYT/Siena,2024-President-GA,2024,President,GA,"October 24 - November 1, 2024",2024-11-01,4,1004,LV,48.0,47.0,-1.05,2.21,3.26,Gender,Women,Women,58.9,41.1,58.9,53.5,3.99,3.96,,
GA-2024-President-NYTSiena-lateOct,New York Times / Siena College,NYT/Siena,2024-President-GA,2024,President,GA,"October 24 - November 1, 2024",2024-11-01,4,1004,LV,48.0,47.0,-1.05,2.21,3.26,Race,Black,Black,90.6,9.4,90.6,88.9,3.89,3.96,,
GA-2024-President-NYTSiena-lateOct,New York Times / Siena College,NYT/Siena,2024-President-GA,2024,President,GA,"October 24 - November 1, 2024",2024-11-01,4,1004,LV,48.0,47.0,-1.05,2.21,3.26,Race,Other,Other,50.0,50.0,50.0,43.0,3.89,3.96,,
GA-2024-President-NYTSiena-lateOct,New York Times / Siena College,NYT/Siena,2024-President-GA,2024,President,GA,"October 24 - November 1, 2024",2024-11-01,4,1004,LV,48.0,47.0,-1.05,2.21,3.26,Race,White,White,32.0,68.0,32.0,28.3,3.89,3.96,,
GA-2024-President-Rasmussen,Rasmussen Reports / American Thinker,Rasmussen,2024-President-GA,2024,President,GA,"October 25-28, 2024",2024-10-28,8,910,LV,46.9,53.1,6.2,2.21,3.99,Age,18-29,18-29,54.3,45.7,,,,2.84,ras_pa,
GA-2024-President-Rasmussen,Rasmussen Reports / American Thinker,Rasmussen,2024-President-GA,2024,President,GA,"October 25-28, 2024",2024-10-28,8,910,LV,46.9,53.1,6.2,2.21,3.99,Age,30-39,30-39,46.2,53.8,,,,2.84,ras_pa,
GA-2024-President-Rasmussen,Rasmussen Reports / American Thinker,Rasmussen,2024-President-GA,2024,President,GA,"October 25-28, 2024",2024-10-28,8,910,LV,46.9,53.1,6.2,2.21,3.99,Age,40-49,40-49,58.6,41.4,,,,2.84,ras_pa,
GA-2024-President-Rasmussen,Rasmussen Reports / American Thinker,Rasmussen,2024-President-GA,2024,President,GA,"October 25-28, 2024",2024-10-28,8,910,LV,46.9,53.1,6.2,2.21,3.99,Age,50-64,50-64,44.3,55.7,,,,2.84,ras_pa,
GA-2024-President-Rasmussen,Rasmussen Reports / American Thinker,Rasmussen,2024-President-GA,2024,President,GA,"October 25-28, 2024",2024-10-28,8,910,LV,46.9,53.1,6.2,2.21,3.99,Age,65+,65+,34.3,65.7,,,,2.84,ras_pa,
GA-2024-President-Rasmussen,Rasmussen Reports / American Thinker,Rasmussen,2024-President-GA,2024,President,GA,"October 25-28, 2024",2024-10-28,8,910,LV,46.9,53.1,6.2,2.21,3.99,Education,B.A.+,B.A.+,49.0,51.0,49.0,56.5,4.15,2.84,ras_pa,
GA-2024-President-Rasmussen,Rasmussen Reports / American Thinker,Rasmussen,2024-President-GA,2024,President,GA,"October 25-28, 2024",2024-10-28,8,910,LV,46.9,53.1,6.2,2.21,3.99,Education,No B.A.,No B.A.,44.6,55.4,44.6,43.5,4.15,2.84,ras_pa,
GA-2024-President-Rasmussen,Rasmussen Reports / American Thinker,Rasmussen,2024-President-GA,2024,President,GA,"October 25-28, 2024",2024-10-28,8,910,LV,46.9,53.1,6.2,2.21,3.99,Gender,Men,Men,41.7,58.3,41.7,43.4,0.1,2.84,ras_pa,
GA-2024-President-Rasmussen,Rasmussen Reports / American Thinker,Rasmussen,2024-President-GA,2024,President,GA,"October 25-28, 2024",2024-10-28,8,910,LV,46.9,53.1,6.2,2.21,3.99,Gender,Women,Women,51.6,48.4,51.6,53.5,0.1,2.84,ras_pa,
GA-2024-President-Rasmussen,Rasmussen Reports / American Thinker,Rasmussen,2024-President-GA,2024,President,GA,"October 25-28, 2024",2024-10-28,8,910,LV,46.9,53.1,6.2,2.21,3.99,Race,Black,Black,80.6,19.4,80.6,88.9,4.28,2.84,ras_pa,
GA-2024-President-Rasmussen,Rasmussen Reports / American Thinker,Rasmussen,2024-President-GA,2024,President,GA,"October 25-28, 2024",2024-10-28,8,910,LV,46.9,53.1,6.2,2.21,3.99,Race,Hispanic / Other,Hispanic / Other,46.9,53.1,,,4.28,2.84,ras_pa,
GA-2024-President-Rasmussen,Rasmussen Reports / American Thinker,Rasmussen,2024-President-GA,2024,President,GA,"October 25-28, 2024",2024-10-28,8,910,LV,46.9,53.1,6.2,2.21,3.99,Race,White,White,32.0,68.0,32.0,28.3,4.28,2.84,ras_pa,
IA-2020-President-Quinnipiac-Oct,Quinnipiac University Poll,Quinnipiac,2020-President-IA,2020,President,IA,"October 23-27, 2020",2020-10-27,7,1225,LV,46.0,47.0,1.08,8.37,7.29,Age,18-34,18-34,53.5,46.5,,,,3.47,,
IA-2020-President-Quinnipiac-Oct,Quinnipiac University Poll,Quinnipiac,2020-President-IA,2020,President,IA,"October 23-27, 2020",2020-10-27,7,1225,LV,46.0,47.0,1.08,8.37,7.29,Age,35-49,35-49,46.4,53.6,,,,3.47,,
IA-2020-President-Quinnipiac-Oct,Quinnipiac University Poll,Quinnipiac,2020-President-IA,2020,President,IA,"October 23-27, 2020",2020-10-27,7,1225,LV,46.0,47.0,1.08,8.37,7.29,Age,50-64,50-64,43.2,56.8,,,,3.47,,
IA-2020-President-Quinnipiac-Oct,Quinnipiac University Poll,Quinnipiac,2020-President-IA,2020,President,IA,"October 23-27, 2020",2020-10-27,7,1225,LV,46.0,47.0,1.08,8.37,7.29,Age,65+,65+,57.3,42.7,,,,3.47,,
IA-2020-President-Quinnipiac-Oct,Quinnipiac University Poll,Quinnipiac,2020-President-IA,2020,President,IA,"October 23-27, 2020",2020-10-27,7,1225,LV,46.0,47.0,1.08,8.37,7.29,Education,Wht B.A.+,Wht B.A.+,60.4,39.6,,,,3.47,,
IA-2020-President-Quinnipiac-Oct,Quinnipiac University Poll,Quinnipiac,2020-President-IA,2020,President,IA,"October 23-27, 2020",2020-10-27,7,1225,LV,46.0,47.0,1.08,8.37,7.29,Education,Wht no B.A.,Wht no B.A.,41.3,58.7,,,,3.47,,
IA-2020-President-Quinnipiac-Oct,Quinnipiac University Poll,Quinnipiac,2020-President-IA,2020,President,IA,"October 23-27, 2020",2020-10-27,7,1225,LV,46.0,47.0,1.08,8.37,7.29,Gender,Men,Men,39.6,60.4,39.6,40.2,3.47,3.47,,
IA-2020-President-Quinnipiac-Oct,Quinnipiac University Poll,Quinnipiac,2020-President-IA,2020,President,IA,"October 23-27, 2020",2020-10-27,7,1225,LV,46.0,47.0,1.08,8.37,7.29,Gender,Women,Women,58.5,41.5,58.5,51.5,3.47,3.47,,
IA-2020-Senate-Quinnipiac-Oct,Quinnipiac University Poll,Quinnipiac,2020-Senate-IA,2020,Senate,IA,"October 23-27, 2020",2020-10-27,7,1225,LV,46.0,48.0,2.13,6.8,4.67,Age,18-34,18-34,50.5,49.5,,,,3.63,,
IA-2020-Senate-Quinnipiac-Oct,Quinnipiac University Poll,Quinnipiac,2020-Senate-IA,2020,Senate,IA,"October 23-27, 2020",2020-10-27,7,1225,LV,46.0,48.0,2.13,6.8,4.67,Age,35-49,35-49,47.4,52.6,,,,3.63,,
IA-2020-Senate-Quinnipiac-Oct,Quinnipiac University Poll,Quinnipiac,2020-Senate-IA,2020,Senate,IA,"October 23-27, 2020",2020-10-27,7,1225,LV,46.0,48.0,2.13,6.8,4.67,Age,50-64,50-64,43.2,56.8,,,,3.63,,
IA-2020-Senate-Quinnipiac-Oct,Quinnipiac University Poll,Quinnipiac,2020-Senate-IA,2020,Senate,IA,"October 23-27, 2020",2020-10-27,7,1225,LV,46.0,48.0,2.13,6.8,4.67,Age,65+,65+,57.3,42.7,,,,3.63,,
IA-2020-Senate-Quinnipiac-Oct,Quinnipiac University Poll,Quinnipiac,2020-Senate-IA,2020,Senate,IA,"October 23-27, 2020",2020-10-27,7,1225,LV,46.0,48.0,2.13,6.8,4.67,Education,Wht B.A.+,Wht B.A.+,59.8,40.2,,,,3.63,,
IA-2020-Senate-Quinnipiac-Oct,Quinnipiac University Poll,Quinnipiac,2020-Senate-IA,2020,Senate,IA,"October 23-27, 2020",2020-10-27,7,1225,LV,46.0,48.0,2.13,6.8,4.67,Education,Wht no B.A.,Wht no B.A.,43.2,56.8,,,,3.63,,
IA-2020-Senate-Quinnipiac-Oct,Quinnipiac University Poll,Quinnipiac,2020-Senate-IA,2020,Senate,IA,"October 23-27, 2020",2020-10-27,7,1225,LV,46.0,48.0,2.13,6.8,4.67,Gender,Men,Men,39.4,60.6,39.4,41.2,3.63,3.63,,
IA-2020-Senate-Quinnipiac-Oct,Quinnipiac University Poll,Quinnipiac,2020-Senate-IA,2020,Senate,IA,"October 23-27, 2020",2020-10-27,7,1225,LV,46.0,48.0,2.13,6.8,4.67,Gender,Women,Women,58.3,41.7,58.3,52.6,3.63,3.63,,
MI-2022-Governor-Emerson,Emerson College Polling,Emerson,2022-Governor-MI,2022,Governor,MI,"October 12-14, 2022",2022-10-14,25,580,LV,49.0,44.0,-5.38,-10.7,5.32,Age,18-34,18-34,63.1,36.9,,,,1.39,,
MI-2022-Governor-Emerson,Emerson College Polling,Emerson,2022-Governor-MI,2022,Governor,MI,"October 12-14, 2022",2022-10-14,25,580,LV,49.0,44.0,-5.38,-10.7,5.32,Age,35-49,35-49,52.7,47.3,,,,1.39,,
MI-2022-Governor-Emerson,Emerson College Polling,Emerson,2022-Governor-MI,2022,Governor,MI,"October 12-14, 2022",2022-10-14,25,580,LV,49.0,44.0,-5.38,-10.7,5.32,Age,50-64,50-64,50.2,49.8,,,,1.39,,
MI-2022-Governor-Emerson,Emerson College Polling,Emerson,2022-Governor-MI,2022,Governor,MI,"October 12-14, 2022",2022-10-14,25,580,LV,49.0,44.0,-5.38,-10.7,5.32,Age,65+,65+,50.3,49.7,,,,1.39,,
MI-2022-Governor-Emerson,Emerson College Polling,Emerson,2022-Governor-MI,2022,Governor,MI,"October 12-14, 2022",2022-10-14,25,580,LV,49.0,44.0,-5.38,-10.7,5.32,Education,B.A.+,B.A.+,56.0,44.0,56.0,62.3,2.31,1.39,,
MI-2022-Governor-Emerson,Emerson College Polling,Emerson,2022-Governor-MI,2022,Governor,MI,"October 12-14, 2022",2022-10-14,25,580,LV,49.0,44.0,-5.38,-10.7,5.32,Education,No B.A.,No B.A.,50.9,49.1,50.9,51.6,2.31,1.39,,
MI-2022-Governor-Emerson,Emerson College Polling,Emerson,2022-Governor-MI,2022,Governor,MI,"October 12-14, 2022",2022-10-14,25,580,LV,49.0,44.0,-5.38,-10.7,5.32,Gender,Men,Men,46.2,53.8,46.2,48.5,0.57,1.39,,
MI-2022-Governor-Emerson,Emerson College Polling,Emerson,2022-Governor-MI,2022,Governor,MI,"October 12-14, 2022",2022-10-14,25,580,LV,49.0,44.0,-5.38,-10.7,5.32,Gender,Women,Women,58.9,41.1,58.9,63.3,0.57,1.39,,
MI-2022-Governor-Emerson,Emerson College Polling,Emerson,2022-Governor-MI,2022,Governor,MI,"October 12-14, 2022",2022-10-14,25,580,LV,49.0,44.0,-5.38,-10.7,5.32,Race,Black,Black,85.8,14.2,85.8,94.0,1.29,1.39,,
MI-2022-Governor-Emerson,Emerson College Polling,Emerson,2022-Governor-MI,2022,Governor,MI,"October 12-14, 2022",2022-10-14,25,580,LV,49.0,44.0,-5.38,-10.7,5.32,Race,Hispanic,Hispanic,58.1,41.9,,,1.29,1.39,,
MI-2022-Governor-Emerson,Emerson College Polling,Emerson,2022-Governor-MI,2022,Governor,MI,"October 12-14, 2022",2022-10-14,25,580,LV,49.0,44.0,-5.38,-10.7,5.32,Race,White,White,47.8,52.2,47.8,49.5,1.29,1.39,,
MI-2024-President-Emerson,Emerson College Polling / The Hill,Emerson,2024-President-MI,2024,President,MI,"October 30-November 2, 2024",2024-11-02,3,790,LV,50.0,48.0,-2.04,1.44,3.48,Age,18-29,18-29,65.0,35.0,,,,4.3,,
MI-2024-President-Emerson,Emerson College Polling / The Hill,Emerson,2024-President-MI,2024,President,MI,"October 30-November 2, 2024",2024-11-02,3,790,LV,50.0,48.0,-2.04,1.44,3.48,Age,30-39,30-39,46.3,53.7,,,,4.3,,
MI-2024-President-Emerson,Emerson College Polling / The Hill,Emerson,2024-President-MI,2024,President,MI,"October 30-November 2, 2024",2024-11-02,3,790,LV,50.0,48.0,-2.04,1.44,3.48,Age,40-49,40-49,50.9,49.1,,,,4.3,,
MI-2024-President-Emerson,Emerson College Polling / The Hill,Emerson,2024-President-MI,2024,President,MI,"October 30-November 2, 2024",2024-11-02,3,790,LV,50.0,48.0,-2.04,1.44,3.48,Age,50-59,50-59,46.2,53.8,,,,4.3,,
MI-2024-President-Emerson,Emerson College Polling / The Hill,Emerson,2024-President-MI,2024,President,MI,"October 30-November 2, 2024",2024-11-02,3,790,LV,50.0,48.0,-2.04,1.44,3.48,Age,60-69,60-69,49.7,50.3,,,,4.3,,
MI-2024-President-Emerson,Emerson College Polling / The Hill,Emerson,2024-President-MI,2024,President,MI,"October 30-November 2, 2024",2024-11-02,3,790,LV,50.0,48.0,-2.04,1.44,3.48,Age,70+,70+,51.6,48.4,,,,4.3,,
MI-2024-President-Emerson,Emerson College Polling / The Hill,Emerson,2024-President-MI,2024,President,MI,"October 30-November 2, 2024",2024-11-02,3,790,LV,50.0,48.0,-2.04,1.44,3.48,Education,B.A.+,B.A.+,56.8,43.2,56.8,56.2,1.25,4.3,,
MI-2024-President-Emerson,Emerson College Polling / The Hill,Emerson,2024-President-MI,2024,President,MI,"October 30-November 2, 2024",2024-11-02,3,790,LV,50.0,48.0,-2.04,1.44,3.48,Education,No B.A.,No B.A.,47.4,52.6,47.4,44.6,1.25,4.3,,
MI-2024-President-Emerson,Emerson College Polling / The Hill,Emerson,2024-President-MI,2024,President,MI,"October 30-November 2, 2024",2024-11-02,3,790,LV,50.0,48.0,-2.04,1.44,3.48,Gender,Men,Men,44.4,55.6,44.4,43.9,0.77,4.3,,
MI-2024-President-Emerson,Emerson College Polling / The Hill,Emerson,2024-President-MI,2024,President,MI,"October 30-November 2, 2024",2024-11-02,3,790,LV,50.0,48.0,-2.04,1.44,3.48,Gender,Women,Women,55.4,44.6,55.4,53.1,0.77,4.3,,
MI-2024-President-Emerson,Emerson College Polling / The Hill,Emerson,2024-President-MI,2024,President,MI,"October 30-November 2, 2024",2024-11-02,3,790,LV,50.0,48.0,-2.04,1.44,3.48,Race,Black,Black,91.1,8.9,91.1,88.8,10.89,4.3,,
MI-2024-President-Emerson,Emerson College Polling / The Hill,Emerson,2024-President-MI,2024,President,MI,"October 30-November 2, 2024",2024-11-02,3,790,LV,50.0,48.0,-2.04,1.44,3.48,Race,Hispanic,Hispanic,61.6,38.4,61.6,38.9,10.89,4.3,,
MI-2024-President-Emerson,Emerson College Polling / The Hill,Emerson,2024-President-MI,2024,President,MI,"October 30-November 2, 2024",2024-11-02,3,790,LV,50.0,48.0,-2.04,1.44,3.48,Race,Other,Other,36.2,63.8,36.2,38.5,10.89,4.3,,
MI-2024-President-Emerson,Emerson College Polling / The Hill,Emerson,2024-President-MI,2024,President,MI,"October 30-November 2, 2024",2024-11-02,3,790,LV,50.0,48.0,-2.04,1.44,3.48,Race,White,White,43.3,56.7,43.3,44.9,10.89,4.3,,
MI-2024-President-InsiderAdvantage,InsiderAdvantage,InsiderAdvantage,2024-President-MI,2024,President,MI,"November 1-2, 2024",2024-11-02,3,800,LV,50.0,50.0,0.0,1.44,1.44,Age,18-39,18-39,51.8,48.2,,,,1.98,trafalgar_is,
MI-2024-President-InsiderAdvantage,InsiderAdvantage,InsiderAdvantage,2024-President-MI,2024,President,MI,"November 1-2, 2024",2024-11-02,3,800,LV,50.0,50.0,0.0,1.44,1.44,Age,40-64,40-64,48.5,51.5,,,,1.98,trafalgar_is,
MI-2024-President-InsiderAdvantage,InsiderAdvantage,InsiderAdvantage,2024-President-MI,2024,President,MI,"November 1-2, 2024",2024-11-02,3,800,LV,50.0,50.0,0.0,1.44,1.44,Age,65 or over,65 or over,51.6,48.4,,,,1.98,trafalgar_is,
MI-2024-President-InsiderAdvantage,InsiderAdvantage,InsiderAdvantage,2024-President-MI,2024,President,MI,"November 1-2, 2024",2024-11-02,3,800,LV,50.0,50.0,0.0,1.44,1.44,Gender,Men,Men,43.7,56.3,43.7,43.9,1.3,1.98,trafalgar_is,
MI-2024-President-InsiderAdvantage,InsiderAdvantage,InsiderAdvantage,2024-President-MI,2024,President,MI,"November 1-2, 2024",2024-11-02,3,800,LV,50.0,50.0,0.0,1.44,1.44,Gender,Women,Women,55.7,44.3,55.7,53.1,1.3,1.98,trafalgar_is,
MI-2024-President-InsiderAdvantage,InsiderAdvantage,InsiderAdvantage,2024-President-MI,2024,President,MI,"November 1-2, 2024",2024-11-02,3,800,LV,50.0,50.0,0.0,1.44,1.44,Race,Black,Black,87.2,12.8,87.2,88.8,2.65,1.98,trafalgar_is,
MI-2024-President-InsiderAdvantage,InsiderAdvantage,InsiderAdvantage,2024-President-MI,2024,President,MI,"November 1-2, 2024",2024-11-02,3,800,LV,50.0,50.0,0.0,1.44,1.44,Race,Other,Other,41.3,58.7,41.3,38.5,2.65,1.98,trafalgar_is,
MI-2024-President-InsiderAdvantage,InsiderAdvantage,InsiderAdvantage,2024-President-MI,2024,President,MI,"November 1-2, 2024",2024-11-02,3,800,LV,50.0,50.0,0.0,1.44,1.44,Race,White,White,44.6,55.4,44.6,44.9,2.65,1.98,trafalgar_is,
MI-2024-President-NYTSiena-lateOct,New York Times / Siena College,NYT/Siena,2024-President-MI,2024,President,MI,"October 29 - November 2, 2024",2024-11-02,3,998,LV,47.0,47.0,0.0,1.44,1.44,Age,18-29,18-29,56.5,43.5,56.5,48.2,5.41,4.41,,
MI-2024-President-NYTSiena-lateOct,New York Times / Siena College,NYT/Siena,2024-President-MI,2024,President,MI,"October 29 - November 2, 2024",2024-11-02,3,998,LV,47.0,47.0,0.0,1.44,1.44,Age,30-44,30-44,48.9,51.1,48.9,49.9,5.41,4.41,,
MI-2024-President-NYTSiena-lateOct,New York Times / Siena College,NYT/Siena,2024-President-MI,2024,President,MI,"October 29 - November 2, 2024",2024-11-02,3,998,LV,47.0,47.0,0.0,1.44,1.44,Age,45-64,45-64,43.3,56.7,43.3,44.4,5.41,4.41,,
MI-2024-President-NYTSiena-lateOct,New York Times / Siena College,NYT/Siena,2024-President-MI,2024,President,MI,"October 29 - November 2, 2024",2024-11-02,3,998,LV,47.0,47.0,0.0,1.44,1.44,Age,65+,65+,54.7,45.3,54.7,53.5,5.41,4.41,,
MI-2024-President-NYTSiena-lateOct,New York Times / Siena College,NYT/Siena,2024-President-MI,2024,President,MI,"October 29 - November 2, 2024",2024-11-02,3,998,LV,47.0,47.0,0.0,1.44,1.44,Education,B.A.+,B.A.+,61.1,38.9,61.1,56.2,2.32,4.41,,
MI-2024-President-NYTSiena-lateOct,New York Times / Siena College,NYT/Siena,2024-President-MI,2024,President,MI,"October 29 - November 2, 2024",2024-11-02,3,998,LV,47.0,47.0,0.0,1.44,1.44,Education,No B.A.,No B.A.,44.1,55.9,44.1,44.6,2.32,4.41,,
MI-2024-President-NYTSiena-lateOct,New York Times / Siena College,NYT/Siena,2024-President-MI,2024,President,MI,"October 29 - November 2, 2024",2024-11-02,3,998,LV,47.0,47.0,0.0,1.44,1.44,Gender,Men,Men,38.7,61.3,38.7,43.9,5.61,4.41,,
MI-2024-President-NYTSiena-lateOct,New York Times / Siena College,NYT/Siena,2024-President-MI,2024,President,MI,"October 29 - November 2, 2024",2024-11-02,3,998,LV,47.0,47.0,0.0,1.44,1.44,Gender,Women,Women,58.9,41.1,58.9,53.1,5.61,4.41,,
MI-2024-President-NYTSiena-lateOct,New York Times / Siena College,NYT/Siena,2024-President-MI,2024,President,MI,"October 29 - November 2, 2024",2024-11-02,3,998,LV,47.0,47.0,0.0,1.44,1.44,Race,Black,Black,83.3,16.7,83.3,88.8,4.3,4.41,,
MI-2024-President-NYTSiena-lateOct,New York Times / Siena College,NYT/Siena,2024-President-MI,2024,President,MI,"October 29 - November 2, 2024",2024-11-02,3,998,LV,47.0,47.0,0.0,1.44,1.44,Race,Other,Other,40.9,59.1,40.9,38.5,4.3,4.41,,
MI-2024-President-NYTSiena-lateOct,New York Times / Siena College,NYT/Siena,2024-President-MI,2024,President,MI,"October 29 - November 2, 2024",2024-11-02,3,998,LV,47.0,47.0,0.0,1.44,1.44,Race,White,White,46.3,53.7,46.3,44.9,4.3,4.41,,
MI-2024-President-Quinnipiac-Oct,Quinnipiac University Poll,Quinnipiac,2024-President-MI,2024,President,MI,"October 3-7, 2024",2024-10-07,29,1007,LV,47.0,50.0,3.09,1.44,1.65,Age,18-34,18-34,45.7,54.3,,,,1.15,,
MI-2024-President-Quinnipiac-Oct,Quinnipiac University Poll,Quinnipiac,2024-President-MI,2024,President,MI,"October 3-7, 2024",2024-10-07,29,1007,LV,47.0,50.0,3.09,1.44,1.65,Age,35-49,35-49,50.5,49.5,,,,1.15,,
MI-2024-President-Quinnipiac-Oct,Quinnipiac University Poll,Quinnipiac,2024-President-MI,2024,President,MI,"October 3-7, 2024",2024-10-07,29,1007,LV,47.0,50.0,3.09,1.44,1.65,Age,50-64,50-64,47.4,52.6,,,,1.15,,
MI-2024-President-Quinnipiac-Oct,Quinnipiac University Poll,Quinnipiac,2024-President-MI,2024,President,MI,"October 3-7, 2024",2024-10-07,29,1007,LV,47.0,50.0,3.09,1.44,1.65,Age,65+,65+,50.5,49.5,,,,1.15,,
MI-2024-President-Quinnipiac-Oct,Quinnipiac University Poll,Quinnipiac,2024-President-MI,2024,President,MI,"October 3-7, 2024",2024-10-07,29,1007,LV,47.0,50.0,3.09,1.44,1.65,Education,Wht B.A.+,Wht B.A.+,43.9,56.1,,,,1.15,,
MI-2024-President-Quinnipiac-Oct,Quinnipiac University Poll,Quinnipiac,2024-President-MI,2024,President,MI,"October 3-7, 2024",2024-10-07,29,1007,LV,47.0,50.0,3.09,1.44,1.65,Education,Wht no B.A.,Wht no B.A.,71.0,29.0,,,,1.15,,
MI-2024-President-Quinnipiac-Oct,Quinnipiac University Poll,Quinnipiac,2024-President-MI,2024,President,MI,"October 3-7, 2024",2024-10-07,29,1007,LV,47.0,50.0,3.09,1.44,1.65,Gender,Men,Men,42.7,57.3,42.7,43.9,1.15,1.15,,
MI-2024-President-Quinnipiac-Oct,Quinnipiac University Poll,Quinnipiac,2024-President-MI,2024,President,MI,"October 3-7, 2024",2024-10-07,29,1007,LV,47.0,50.0,3.09,1.44,1.65,Gender,Women,Women,54.1,45.9,54.1,53.1,1.15,1.15,,
MI-2024-President-Rasmussen,Rasmussen Reports / American Thinker,Rasmussen,2024-President-MI,2024,President,MI,"October 24 - November 1, 2024",2024-11-01,4,908,LV,50.5,49.5,-1.0,1.44,2.44,Age,18-29,18-29,62.9,37.1,,,,8.08,ras_pa,
MI-2024-President-Rasmussen,Rasmussen Reports / American Thinker,Rasmussen,2024-President-MI,2024,President,MI,"October 24 - November 1, 2024",2024-11-01,4,908,LV,50.5,49.5,-1.0,1.44,2.44,Age,30-39,30-39,50.5,49.5,,,,8.08,ras_pa,
MI-2024-President-Rasmussen,Rasmussen Reports / American Thinker,Rasmussen,2024-President-MI,2024,President,MI,"October 24 - November 1, 2024",2024-11-01,4,908,LV,50.5,49.5,-1.0,1.44,2.44,Age,40-49,40-49,59.2,40.8,,,,8.08,ras_pa,
MI-2024-President-Rasmussen,Rasmussen Reports / American Thinker,Rasmussen,2024-President-MI,2024,President,MI,"October 24 - November 1, 2024",2024-11-01,4,908,LV,50.5,49.5,-1.0,1.44,2.44,Age,50-64,50-64,49.5,50.5,,,,8.08,ras_pa,
MI-2024-President-Rasmussen,Rasmussen Reports / American Thinker,Rasmussen,2024-President-MI,2024,President,MI,"October 24 - November 1, 2024",2024-11-01,4,908,LV,50.5,49.5,-1.0,1.44,2.44,Age,65+,65+,33.0,67.0,,,,8.08,ras_pa,
MI-2024-President-Rasmussen,Rasmussen Reports / American Thinker,Rasmussen,2024-President-MI,2024,President,MI,"October 24 - November 1, 2024",2024-11-01,4,908,LV,50.5,49.5,-1.0,1.44,2.44,Education,B.A.+,B.A.+,58.2,41.8,58.2,56.2,0.53,8.08,ras_pa,
MI-2024-President-Rasmussen,Rasmussen Reports / American Thinker,Rasmussen,2024-President-MI,2024,President,MI,"October 24 - November 1, 2024",2024-11-01,4,908,LV,50.5,49.5,-1.0,1.44,2.44,Education,No B.A.,No B.A.,45.2,54.8,45.2,44.6,0.53,8.08,ras_pa,
MI-2024-President-Rasmussen,Rasmussen Reports / American Thinker,Rasmussen,2024-President-MI,2024,President,MI,"October 24 - November 1, 2024",2024-11-01,4,908,LV,50.5,49.5,-1.0,1.44,2.44,Gender,Men,Men,44.8,55.2,44.8,43.9,0.86,8.08,ras_pa,
MI-2024-President-Rasmussen,Rasmussen Reports / American Thinker,Rasmussen,2024-President-MI,2024,President,MI,"October 24 - November 1, 2024",2024-11-01,4,908,LV,50.5,49.5,-1.0,1.44,2.44,Gender,Women,Women,56.1,43.9,56.1,53.1,0.86,8.08,ras_pa,
MI-2024-President-Rasmussen,Rasmussen Reports / American Thinker,Rasmussen,2024-President-MI,2024,President,MI,"October 24 - November 1, 2024",2024-11-01,4,908,LV,50.5,49.5,-1.0,1.44,2.44,Race,Black,Black,88.3,11.7,88.3,88.8,22.85,8.08,ras_pa,
MI-2024-President-Rasmussen,Rasmussen Reports / American Thinker,Rasmussen,2024-President-MI,2024,President,MI,"October 24 - November 1, 2024",2024-11-01,4,908,LV,50.5,49.5,-1.0,1.44,2.44,Race,Hispanic,Hispanic,55.6,44.4,55.6,38.9,22.85,8.08,ras_pa,
MI-2024-President-Rasmussen,Rasmussen Reports / American Thinker,Rasmussen,2024-President-MI,2024,President,MI,"October 24 - November 1, 2024",2024-11-01,4,908,LV,50.5,49.5,-1.0,1.44,2.44,Race,Other,Other,60.8,39.2,60.8,38.5,22.85,8.08,ras_pa,
MI-2024-President-Rasmussen,Rasmussen Reports / American Thinker,Rasmussen,2024-President-MI,2024,President,MI,"October 24 - November 1, 2024",2024-11-01,4,908,LV,50.5,49.5,-1.0,1.44,2.44,Race,White,White,43.9,56.1,43.9,44.9,22.85,8.08,ras_pa,
MI-2024-President-Suffolk,Suffolk University / USA TODAY Network,Suffolk,2024-President-MI,2024,President,MI,"October 24-27, 2024",2024-10-27,9,500,LV,49.8,50.2,0.4,1.44,1.04,Age,18-34,18-34,52.7,47.3,,,,8.21,midsize,
MI-2024-President-Suffolk,Suffolk University / USA TODAY Network,Suffolk,2024-President-MI,2024,President,MI,"October 24-27, 2024",2024-10-27,9,500,LV,49.8,50.2,0.4,1.44,1.04,Age,35-49,35-49,46.6,53.4,,,,8.21,midsize,
MI-2024-President-Suffolk,Suffolk University / USA TODAY Network,Suffolk,2024-President-MI,2024,President,MI,"October 24-27, 2024",2024-10-27,9,500,LV,49.8,50.2,0.4,1.44,1.04,Age,50-64,50-64,48.5,51.5,,,,8.21,midsize,
MI-2024-President-Suffolk,Suffolk University / USA TODAY Network,Suffolk,2024-President-MI,2024,President,MI,"October 24-27, 2024",2024-10-27,9,500,LV,49.8,50.2,0.4,1.44,1.04,Age,65+,65+,51.5,48.5,,,,8.21,midsize,
MI-2024-President-Suffolk,Suffolk University / USA TODAY Network,Suffolk,2024-President-MI,2024,President,MI,"October 24-27, 2024",2024-10-27,9,500,LV,49.8,50.2,0.4,1.44,1.04,Education,B.A.+,B.A.+,55.2,44.8,55.2,56.2,1.74,8.21,midsize,
MI-2024-President-Suffolk,Suffolk University / USA TODAY Network,Suffolk,2024-President-MI,2024,President,MI,"October 24-27, 2024",2024-10-27,9,500,LV,49.8,50.2,0.4,1.44,1.04,Education,No B.A.,No B.A.,47.0,53.0,47.0,44.6,1.74,8.21,midsize,
MI-2024-President-Suffolk,Suffolk University / USA TODAY Network,Suffolk,2024-President-MI,2024,President,MI,"October 24-27, 2024",2024-10-27,9,500,LV,49.8,50.2,0.4,1.44,1.04,Gender,Men,Men,39.3,60.7,39.3,43.9,5.73,8.21,midsize,
MI-2024-President-Suffolk,Suffolk University / USA TODAY Network,Suffolk,2024-President-MI,2024,President,MI,"October 24-27, 2024",2024-10-27,9,500,LV,49.8,50.2,0.4,1.44,1.04,Gender,Women,Women,60.1,39.9,60.1,53.1,5.73,8.21,midsize,
MI-2024-President-Suffolk,Suffolk University / USA TODAY Network,Suffolk,2024-President-MI,2024,President,MI,"October 24-27, 2024",2024-10-27,9,500,LV,49.8,50.2,0.4,1.44,1.04,Race,Black,Black,85.0,15.0,85.0,88.8,17.16,8.21,midsize,
MI-2024-President-Suffolk,Suffolk University / USA TODAY Network,Suffolk,2024-President-MI,2024,President,MI,"October 24-27, 2024",2024-10-27,9,500,LV,49.8,50.2,0.4,1.44,1.04,Race,Hispanic,Hispanic,62.5,37.5,62.5,38.9,17.16,8.21,midsize,
MI-2024-President-Suffolk,Suffolk University / USA TODAY Network,Suffolk,2024-President-MI,2024,President,MI,"October 24-27, 2024",2024-10-27,9,500,LV,49.8,50.2,0.4,1.44,1.04,Race,White,White,44.7,55.3,44.7,44.9,17.16,8.21,midsize,
MI-2024-Senate-InsiderAdvantage,InsiderAdvantage,InsiderAdvantage,2024-Senate-MI,2024,Senate,MI,"November 1-2, 2024",2024-11-02,3,800,LV,50.0,50.0,0.0,-0.35,0.35,Age,18-39,18-39,52.5,47.5,,,,1.59,trafalgar_is,
MI-2024-Senate-InsiderAdvantage,InsiderAdvantage,InsiderAdvantage,2024-Senate-MI,2024,Senate,MI,"November 1-2, 2024",2024-11-02,3,800,LV,50.0,50.0,0.0,-0.35,0.35,Age,40-64,40-64,48.4,51.6,,,,1.59,trafalgar_is,
MI-2024-Senate-InsiderAdvantage,InsiderAdvantage,InsiderAdvantage,2024-Senate-MI,2024,Senate,MI,"November 1-2, 2024",2024-11-02,3,800,LV,50.0,50.0,0.0,-0.35,0.35,Age,65 or over,65 or over,52.2,47.8,,,,1.59,trafalgar_is,
MI-2024-Senate-InsiderAdvantage,InsiderAdvantage,InsiderAdvantage,2024-Senate-MI,2024,Senate,MI,"November 1-2, 2024",2024-11-02,3,800,LV,50.0,50.0,0.0,-0.35,0.35,Gender,Men,Men,44.3,55.7,44.3,44.8,0.84,1.59,trafalgar_is,
MI-2024-Senate-InsiderAdvantage,InsiderAdvantage,InsiderAdvantage,2024-Senate-MI,2024,Senate,MI,"November 1-2, 2024",2024-11-02,3,800,LV,50.0,50.0,0.0,-0.35,0.35,Gender,Women,Women,55.9,44.1,55.9,54.6,0.84,1.59,trafalgar_is,
MI-2024-Senate-InsiderAdvantage,InsiderAdvantage,InsiderAdvantage,2024-Senate-MI,2024,Senate,MI,"November 1-2, 2024",2024-11-02,3,800,LV,50.0,50.0,0.0,-0.35,0.35,Race,Black,Black,87.2,12.8,87.2,87.6,2.34,1.59,trafalgar_is,
MI-2024-Senate-InsiderAdvantage,InsiderAdvantage,InsiderAdvantage,2024-Senate-MI,2024,Senate,MI,"November 1-2, 2024",2024-11-02,3,800,LV,50.0,50.0,0.0,-0.35,0.35,Race,Other,Other,47.7,52.3,47.7,44.4,2.34,1.59,trafalgar_is,
MI-2024-Senate-InsiderAdvantage,InsiderAdvantage,InsiderAdvantage,2024-Senate-MI,2024,Senate,MI,"November 1-2, 2024",2024-11-02,3,800,LV,50.0,50.0,0.0,-0.35,0.35,Race,White,White,44.7,55.3,44.7,45.4,2.34,1.59,trafalgar_is,
MI-2024-Senate-NYTSiena-lateOct,New York Times / Siena College,NYT/Siena,2024-Senate-MI,2024,Senate,MI,"October 29 - November 2, 2024",2024-11-02,3,998,LV,48.0,46.0,-2.13,-0.35,1.78,Age,18-29,18-29,58.7,41.3,58.7,49.5,4.62,5.44,,
MI-2024-Senate-NYTSiena-lateOct,New York Times / Siena College,NYT/Siena,2024-Senate-MI,2024,Senate,MI,"October 29 - November 2, 2024",2024-11-02,3,998,LV,48.0,46.0,-2.13,-0.35,1.78,Age,30-44,30-44,48.9,51.1,48.9,51.0,4.62,5.44,,
MI-2024-Senate-NYTSiena-lateOct,New York Times / Siena College,NYT/Siena,2024-Senate-MI,2024,Senate,MI,"October 29 - November 2, 2024",2024-11-02,3,998,LV,48.0,46.0,-2.13,-0.35,1.78,Age,45-64,45-64,46.9,53.1,46.9,46.9,4.62,5.44,,
MI-2024-Senate-NYTSiena-lateOct,New York Times / Siena College,NYT/Siena,2024-Senate-MI,2024,Senate,MI,"October 29 - November 2, 2024",2024-11-02,3,998,LV,48.0,46.0,-2.13,-0.35,1.78,Age,65+,65+,54.7,45.3,54.7,52.5,4.62,5.44,,
MI-2024-Senate-NYTSiena-lateOct,New York Times / Siena College,NYT/Siena,2024-Senate-MI,2024,Senate,MI,"October 29 - November 2, 2024",2024-11-02,3,998,LV,48.0,46.0,-2.13,-0.35,1.78,Education,B.A.+,B.A.+,61.1,38.9,61.1,57.1,1.95,5.44,,
MI-2024-Senate-NYTSiena-lateOct,New York Times / Siena College,NYT/Siena,2024-Senate-MI,2024,Senate,MI,"October 29 - November 2, 2024",2024-11-02,3,998,LV,48.0,46.0,-2.13,-0.35,1.78,Education,No B.A.,No B.A.,45.2,54.8,45.2,45.8,1.95,5.44,,
MI-2024-Senate-NYTSiena-lateOct,New York Times / Siena College,NYT/Siena,2024-Senate-MI,2024,Senate,MI,"October 29 - November 2, 2024",2024-11-02,3,998,LV,48.0,46.0,-2.13,-0.35,1.78,Gender,Men,Men,40.2,59.8,40.2,44.8,4.93,5.44,,
MI-2024-Senate-NYTSiena-lateOct,New York Times / Siena College,NYT/Siena,2024-Senate-MI,2024,Senate,MI,"October 29 - November 2, 2024",2024-11-02,3,998,LV,48.0,46.0,-2.13,-0.35,1.78,Gender,Women,Women,60.0,40.0,60.0,54.6,4.93,5.44,,
MI-2024-Senate-NYTSiena-lateOct,New York Times / Siena College,NYT/Siena,2024-Senate-MI,2024,Senate,MI,"October 29 - November 2, 2024",2024-11-02,3,998,LV,48.0,46.0,-2.13,-0.35,1.78,Race,Black,Black,79.8,20.2,79.8,87.6,10.25,5.44,,
MI-2024-Senate-NYTSiena-lateOct,New York Times / Siena College,NYT/Siena,2024-Senate-MI,2024,Senate,MI,"October 29 - November 2, 2024",2024-11-02,3,998,LV,48.0,46.0,-2.13,-0.35,1.78,Race,Other,Other,54.3,45.7,54.3,44.4,10.25,5.44,,
MI-2024-Senate-NYTSiena-lateOct,New York Times / Siena College,NYT/Siena,2024-Senate-MI,2024,Senate,MI,"October 29 - November 2, 2024",2024-11-02,3,998,LV,48.0,46.0,-2.13,-0.35,1.78,Race,White,White,46.9,53.1,46.9,45.4,10.25,5.44,,
MI-2024-Senate-Quinnipiac-Oct,Quinnipiac University Poll,Quinnipiac,2024-Senate-MI,2024,Senate,MI,"October 3-7, 2024",2024-10-07,29,1007,LV,48.0,48.0,0.0,-0.35,0.35,Age,18-34,18-34,48.5,51.5,,,,0.02,,
MI-2024-Senate-Quinnipiac-Oct,Quinnipiac University Poll,Quinnipiac,2024-Senate-MI,2024,Senate,MI,"October 3-7, 2024",2024-10-07,29,1007,LV,48.0,48.0,0.0,-0.35,0.35,Age,35-49,35-49,50.5,49.5,,,,0.02,,
MI-2024-Senate-Quinnipiac-Oct,Quinnipiac University Poll,Quinnipiac,2024-Senate-MI,2024,Senate,MI,"October 3-7, 2024",2024-10-07,29,1007,LV,48.0,48.0,0.0,-0.35,0.35,Age,50-64,50-64,49.0,51.0,,,,0.02,,
MI-2024-Senate-Quinnipiac-Oct,Quinnipiac University Poll,Quinnipiac,2024-Senate-MI,2024,Senate,MI,"October 3-7, 2024",2024-10-07,29,1007,LV,48.0,48.0,0.0,-0.35,0.35,Age,65+,65+,53.1,46.9,,,,0.02,,
MI-2024-Senate-Quinnipiac-Oct,Quinnipiac University Poll,Quinnipiac,2024-Senate-MI,2024,Senate,MI,"October 3-7, 2024",2024-10-07,29,1007,LV,48.0,48.0,0.0,-0.35,0.35,Education,Wht B.A.+,Wht B.A.+,45.4,54.6,,,,0.02,,
MI-2024-Senate-Quinnipiac-Oct,Quinnipiac University Poll,Quinnipiac,2024-Senate-MI,2024,Senate,MI,"October 3-7, 2024",2024-10-07,29,1007,LV,48.0,48.0,0.0,-0.35,0.35,Education,Wht no B.A.,Wht no B.A.,71.9,28.1,,,,0.02,,
MI-2024-Senate-Quinnipiac-Oct,Quinnipiac University Poll,Quinnipiac,2024-Senate-MI,2024,Senate,MI,"October 3-7, 2024",2024-10-07,29,1007,LV,48.0,48.0,0.0,-0.35,0.35,Gender,Men,Men,44.8,55.2,44.8,44.8,0.02,0.02,,
MI-2024-Senate-Quinnipiac-Oct,Quinnipiac University Poll,Quinnipiac,2024-Senate-MI,2024,Senate,MI,"October 3-7, 2024",2024-10-07,29,1007,LV,48.0,48.0,0.0,-0.35,0.35,Gender,Women,Women,54.6,45.4,54.6,54.6,0.02,0.02,,
MI-2024-Senate-Rasmussen,Rasmussen Reports / American Thinker,Rasmussen,2024-Senate-MI,2024,Senate,MI,"October 24 - November 1, 2024",2024-11-01,4,908,LV,49.5,50.5,1.0,-0.35,1.35,Age,18-29,18-29,58.3,41.7,,,,5.34,ras_pa,
MI-2024-Senate-Rasmussen,Rasmussen Reports / American Thinker,Rasmussen,2024-Senate-MI,2024,Senate,MI,"October 24 - November 1, 2024",2024-11-01,4,908,LV,49.5,50.5,1.0,-0.35,1.35,Age,30-39,30-39,55.7,44.3,,,,5.34,ras_pa,
MI-2024-Senate-Rasmussen,Rasmussen Reports / American Thinker,Rasmussen,2024-Senate-MI,2024,Senate,MI,"October 24 - November 1, 2024",2024-11-01,4,908,LV,49.5,50.5,1.0,-0.35,1.35,Age,40-49,40-49,58.7,41.3,,,,5.34,ras_pa,
MI-2024-Senate-Rasmussen,Rasmussen Reports / American Thinker,Rasmussen,2024-Senate-MI,2024,Senate,MI,"October 24 - November 1, 2024",2024-11-01,4,908,LV,49.5,50.5,1.0,-0.35,1.35,Age,50-64,50-64,47.8,52.2,,,,5.34,ras_pa,
MI-2024-Senate-Rasmussen,Rasmussen Reports / American Thinker,Rasmussen,2024-Senate-MI,2024,Senate,MI,"October 24 - November 1, 2024",2024-11-01,4,908,LV,49.5,50.5,1.0,-0.35,1.35,Age,65+,65+,32.3,67.7,,,,5.34,ras_pa,
MI-2024-Senate-Rasmussen,Rasmussen Reports / American Thinker,Rasmussen,2024-Senate-MI,2024,Senate,MI,"October 24 - November 1, 2024",2024-11-01,4,908,LV,49.5,50.5,1.0,-0.35,1.35,Education,B.A.+,B.A.+,58.7,41.3,58.7,57.1,2.02,5.34,ras_pa,
MI-2024-Senate-Rasmussen,Rasmussen Reports / American Thinker,Rasmussen,2024-Senate-MI,2024,Senate,MI,"October 24 - November 1, 2024",2024-11-01,4,908,LV,49.5,50.5,1.0,-0.35,1.35,Education,No B.A.,No B.A.,43.3,56.7,43.3,45.8,2.02,5.34,ras_pa,
MI-2024-Senate-Rasmussen,Rasmussen Reports / American Thinker,Rasmussen,2024-Senate-MI,2024,Senate,MI,"October 24 - November 1, 2024",2024-11-01,4,908,LV,49.5,50.5,1.0,-0.35,1.35,Gender,Men,Men,43.0,57.0,43.0,44.8,1.96,5.34,ras_pa,
MI-2024-Senate-Rasmussen,Rasmussen Reports / American Thinker,Rasmussen,2024-Senate-MI,2024,Senate,MI,"October 24 - November 1, 2024",2024-11-01,4,908,LV,49.5,50.5,1.0,-0.35,1.35,Gender,Women,Women,56.8,43.2,56.8,54.6,1.96,5.34,ras_pa,
MI-2024-Senate-Rasmussen,Rasmussen Reports / American Thinker,Rasmussen,2024-Senate-MI,2024,Senate,MI,"October 24 - November 1, 2024",2024-11-01,4,908,LV,49.5,50.5,1.0,-0.35,1.35,Race,Black,Black,84.2,15.8,84.2,87.6,12.05,5.34,ras_pa,
MI-2024-Senate-Rasmussen,Rasmussen Reports / American Thinker,Rasmussen,2024-Senate-MI,2024,Senate,MI,"October 24 - November 1, 2024",2024-11-01,4,908,LV,49.5,50.5,1.0,-0.35,1.35,Race,Hispanic,Hispanic,50.0,50.0,50.0,44.0,12.05,5.34,ras_pa,
MI-2024-Senate-Rasmussen,Rasmussen Reports / American Thinker,Rasmussen,2024-Senate-MI,2024,Senate,MI,"October 24 - November 1, 2024",2024-11-01,4,908,LV,49.5,50.5,1.0,-0.35,1.35,Race,Other,Other,61.8,38.2,61.8,44.4,12.05,5.34,ras_pa,
MI-2024-Senate-Rasmussen,Rasmussen Reports / American Thinker,Rasmussen,2024-Senate-MI,2024,Senate,MI,"October 24 - November 1, 2024",2024-11-01,4,908,LV,49.5,50.5,1.0,-0.35,1.35,Race,White,White,44.6,55.4,44.6,45.4,12.05,5.34,ras_pa,
NC-2020-President-SurveyUSA,SurveyUSA,SurveyUSA,2020-President-NC,2020,President,NC,"October 23-26, 2020",2020-10-26,8,627,LV,48.0,48.0,0.0,1.37,1.37,Age,18-34,18-34,54.6,45.4,,,,3.6,,
NC-2020-President-SurveyUSA,SurveyUSA,SurveyUSA,2020-President-NC,2020,President,NC,"October 23-26, 2020",2020-10-26,8,627,LV,48.0,48.0,0.0,1.37,1.37,Age,35-49,35-49,47.8,52.2,,,,3.6,,
NC-2020-President-SurveyUSA,SurveyUSA,SurveyUSA,2020-President-NC,2020,President,NC,"October 23-26, 2020",2020-10-26,8,627,LV,48.0,48.0,0.0,1.37,1.37,Age,50-64,50-64,49.0,51.0,,,,3.6,,
NC-2020-President-SurveyUSA,SurveyUSA,SurveyUSA,2020-President-NC,2020,President,NC,"October 23-26, 2020",2020-10-26,8,627,LV,48.0,48.0,0.0,1.37,1.37,Age,65+,65+,48.0,52.0,,,,3.6,,
NC-2020-President-SurveyUSA,SurveyUSA,SurveyUSA,2020-President-NC,2020,President,NC,"October 23-26, 2020",2020-10-26,8,627,LV,48.0,48.0,0.0,1.37,1.37,Education,B.A.+,B.A.+,51.6,48.4,51.6,59.1,5.85,3.6,,
NC-2020-President-SurveyUSA,SurveyUSA,SurveyUSA,2020-President-NC,2020,President,NC,"October 23-26, 2020",2020-10-26,8,627,LV,48.0,48.0,0.0,1.37,1.37,Education,No B.A.,No B.A.,48.7,51.3,48.7,44.0,5.85,3.6,,
NC-2020-President-SurveyUSA,SurveyUSA,SurveyUSA,2020-President-NC,2020,President,NC,"October 23-26, 2020",2020-10-26,8,627,LV,48.0,48.0,0.0,1.37,1.37,Gender,Men,Men,42.7,57.3,42.7,45.5,3.0,3.6,,
NC-2020-President-SurveyUSA,SurveyUSA,SurveyUSA,2020-President-NC,2020,President,NC,"October 23-26, 2020",2020-10-26,8,627,LV,48.0,48.0,0.0,1.37,1.37,Gender,Women,Women,56.8,43.2,56.8,53.5,3.0,3.6,,
NC-2020-President-SurveyUSA,SurveyUSA,SurveyUSA,2020-President-NC,2020,President,NC,"October 23-26, 2020",2020-10-26,8,627,LV,48.0,48.0,0.0,1.37,1.37,Race,Asian /,Asian /,52.3,47.7,,,1.94,3.6,,
NC-2020-President-SurveyUSA,SurveyUSA,SurveyUSA,2020-President-NC,2020,President,NC,"October 23-26, 2020",2020-10-26,8,627,LV,48.0,48.0,0.0,1.37,1.37,Race,Black,Black,93.8,6.2,93.8,92.9,1.94,3.6,,
NC-2020-President-SurveyUSA,SurveyUSA,SurveyUSA,2020-President-NC,2020,President,NC,"October 23-26, 2020",2020-10-26,8,627,LV,48.0,48.0,0.0,1.37,1.37,Race,Hispanic,Hispanic,59.4,40.6,59.4,57.6,1.94,3.6,,
NC-2020-President-SurveyUSA,SurveyUSA,SurveyUSA,2020-President-NC,2020,President,NC,"October 23-26, 2020",2020-10-26,8,627,LV,48.0,48.0,0.0,1.37,1.37,Race,White,White,36.1,63.9,36.1,33.3,1.94,3.6,,
NC-2022-Senate-SurveyUSA,SurveyUSA,SurveyUSA,2022-Senate-NC,2022,Senate,NC,"September 28 - October 2, 2022",2022-10-02,37,677,LV,42.0,43.0,1.18,3.3,2.12,Age,18-34,18-34,48.7,51.3,,,,4.28,,
NC-2022-Senate-SurveyUSA,SurveyUSA,SurveyUSA,2022-Senate-NC,2022,Senate,NC,"September 28 - October 2, 2022",2022-10-02,37,677,LV,42.0,43.0,1.18,3.3,2.12,Age,35-49,35-49,47.1,52.9,,,,4.28,,
NC-2022-Senate-SurveyUSA,SurveyUSA,SurveyUSA,2022-Senate-NC,2022,Senate,NC,"September 28 - October 2, 2022",2022-10-02,37,677,LV,42.0,43.0,1.18,3.3,2.12,Age,50-64,50-64,49.4,50.6,,,,4.28,,
NC-2022-Senate-SurveyUSA,SurveyUSA,SurveyUSA,2022-Senate-NC,2022,Senate,NC,"September 28 - October 2, 2022",2022-10-02,37,677,LV,42.0,43.0,1.18,3.3,2.12,Age,65+,65+,51.7,48.3,,,,4.28,,
NC-2022-Senate-SurveyUSA,SurveyUSA,SurveyUSA,2022-Senate-NC,2022,Senate,NC,"September 28 - October 2, 2022",2022-10-02,37,677,LV,42.0,43.0,1.18,3.3,2.12,Education,B.A.+,B.A.+,53.5,46.5,53.5,59.2,5.98,4.28,,
NC-2022-Senate-SurveyUSA,SurveyUSA,SurveyUSA,2022-Senate-NC,2022,Senate,NC,"September 28 - October 2, 2022",2022-10-02,37,677,LV,42.0,43.0,1.18,3.3,2.12,Education,No B.A.,No B.A.,46.7,53.3,46.7,40.5,5.98,4.28,,
NC-2022-Senate-SurveyUSA,SurveyUSA,SurveyUSA,2022-Senate-NC,2022,Senate,NC,"September 28 - October 2, 2022",2022-10-02,37,677,LV,42.0,43.0,1.18,3.3,2.12,Gender,Men,Men,46.5,53.5,46.5,41.8,3.15,4.28,,
NC-2022-Senate-SurveyUSA,SurveyUSA,SurveyUSA,2022-Senate-NC,2022,Senate,NC,"September 28 - October 2, 2022",2022-10-02,37,677,LV,42.0,43.0,1.18,3.3,2.12,Gender,Women,Women,52.4,47.6,52.4,53.5,3.15,4.28,,
NC-2022-Senate-SurveyUSA,SurveyUSA,SurveyUSA,2022-Senate-NC,2022,Senate,NC,"September 28 - October 2, 2022",2022-10-02,37,677,LV,42.0,43.0,1.18,3.3,2.12,Race,Asian /,Asian /,41.8,58.2,,,3.72,4.28,,
NC-2022-Senate-SurveyUSA,SurveyUSA,SurveyUSA,2022-Senate-NC,2022,Senate,NC,"September 28 - October 2, 2022",2022-10-02,37,677,LV,42.0,43.0,1.18,3.3,2.12,Race,Black,Black,87.4,12.6,87.4,94.9,3.72,4.28,,
NC-2022-Senate-SurveyUSA,SurveyUSA,SurveyUSA,2022-Senate-NC,2022,Senate,NC,"September 28 - October 2, 2022",2022-10-02,37,677,LV,42.0,43.0,1.18,3.3,2.12,Race,Hispanic,Hispanic,49.4,50.6,49.4,53.1,3.72,4.28,,
NC-2022-Senate-SurveyUSA,SurveyUSA,SurveyUSA,2022-Senate-NC,2022,Senate,NC,"September 28 - October 2, 2022",2022-10-02,37,677,LV,42.0,43.0,1.18,3.3,2.12,Race,White,White,39.3,60.7,39.3,37.4,3.72,4.28,,
NC-2024-Governor-Emerson,Emerson College Polling / The Hill,Emerson,2024-Governor-NC,2024,Governor,NC,"October 30-November 2, 2024",2024-11-02,3,860,LV,52.0,40.0,-13.04,-15.59,2.55,Age,18-29,18-29,65.7,34.3,,,,2.42,,
NC-2024-Governor-Emerson,Emerson College Polling / The Hill,Emerson,2024-Governor-NC,2024,Governor,NC,"October 30-November 2, 2024",2024-11-02,3,860,LV,52.0,40.0,-13.04,-15.59,2.55,Age,30-39,30-39,64.1,35.9,,,,2.42,,
NC-2024-Governor-Emerson,Emerson College Polling / The Hill,Emerson,2024-Governor-NC,2024,Governor,NC,"October 30-November 2, 2024",2024-11-02,3,860,LV,52.0,40.0,-13.04,-15.59,2.55,Age,40-49,40-49,56.5,43.5,,,,2.42,,
NC-2024-Governor-Emerson,Emerson College Polling / The Hill,Emerson,2024-Governor-NC,2024,Governor,NC,"October 30-November 2, 2024",2024-11-02,3,860,LV,52.0,40.0,-13.04,-15.59,2.55,Age,50-59,50-59,52.0,48.0,,,,2.42,,
NC-2024-Governor-Emerson,Emerson College Polling / The Hill,Emerson,2024-Governor-NC,2024,Governor,NC,"October 30-November 2, 2024",2024-11-02,3,860,LV,52.0,40.0,-13.04,-15.59,2.55,Age,60-69,60-69,49.3,50.7,,,,2.42,,
NC-2024-Governor-Emerson,Emerson College Polling / The Hill,Emerson,2024-Governor-NC,2024,Governor,NC,"October 30-November 2, 2024",2024-11-02,3,860,LV,52.0,40.0,-13.04,-15.59,2.55,Age,70+,70+,54.5,45.5,,,,2.42,,
NC-2024-Governor-Emerson,Emerson College Polling / The Hill,Emerson,2024-Governor-NC,2024,Governor,NC,"October 30-November 2, 2024",2024-11-02,3,860,LV,52.0,40.0,-13.04,-15.59,2.55,Education,B.A.+,B.A.+,68.9,31.1,68.9,68.5,0.67,2.42,,
NC-2024-Governor-Emerson,Emerson College Polling / The Hill,Emerson,2024-Governor-NC,2024,Governor,NC,"October 30-November 2, 2024",2024-11-02,3,860,LV,52.0,40.0,-13.04,-15.59,2.55,Education,No B.A.,No B.A.,49.1,50.9,49.1,50.2,0.67,2.42,,
NC-2024-Governor-Emerson,Emerson College Polling / The Hill,Emerson,2024-Governor-NC,2024,Governor,NC,"October 30-November 2, 2024",2024-11-02,3,860,LV,52.0,40.0,-13.04,-15.59,2.55,Gender,Men,Men,52.7,47.3,52.7,50.5,3.14,2.42,,
NC-2024-Governor-Emerson,Emerson College Polling / The Hill,Emerson,2024-Governor-NC,2024,Governor,NC,"October 30-November 2, 2024",2024-11-02,3,860,LV,52.0,40.0,-13.04,-15.59,2.55,Gender,Women,Women,59.0,41.0,59.0,64.2,3.14,2.42,,
NC-2024-Governor-Emerson,Emerson College Polling / The Hill,Emerson,2024-Governor-NC,2024,Governor,NC,"October 30-November 2, 2024",2024-11-02,3,860,LV,52.0,40.0,-13.04,-15.59,2.55,Race,Asian,Asian,60.0,40.0,,,3.45,2.42,,
NC-2024-Governor-Emerson,Emerson College Polling / The Hill,Emerson,2024-Governor-NC,2024,Governor,NC,"October 30-November 2, 2024",2024-11-02,3,860,LV,52.0,40.0,-13.04,-15.59,2.55,Race,Black,Black,92.4,7.6,92.4,91.4,3.45,2.42,,
NC-2024-Governor-Emerson,Emerson College Polling / The Hill,Emerson,2024-Governor-NC,2024,Governor,NC,"October 30-November 2, 2024",2024-11-02,3,860,LV,52.0,40.0,-13.04,-15.59,2.55,Race,Hispanic,Hispanic,61.5,38.5,61.5,57.6,3.45,2.42,,
NC-2024-Governor-Emerson,Emerson College Polling / The Hill,Emerson,2024-Governor-NC,2024,Governor,NC,"October 30-November 2, 2024",2024-11-02,3,860,LV,52.0,40.0,-13.04,-15.59,2.55,Race,Other,Other,42.6,57.4,,,3.45,2.42,,
NC-2024-Governor-Emerson,Emerson College Polling / The Hill,Emerson,2024-Governor-NC,2024,Governor,NC,"October 30-November 2, 2024",2024-11-02,3,860,LV,52.0,40.0,-13.04,-15.59,2.55,Race,White,White,42.8,57.2,42.8,48.4,3.45,2.42,,
NC-2024-Governor-Rasmussen,Rasmussen Reports / American Thinker,Rasmussen,2024-Governor-NC,2024,Governor,NC,"October 25-30, 2024",2024-10-30,6,751,LV,55.1,44.9,-10.2,-15.59,5.39,Age,18-29,18-29,56.8,43.2,,,,1.43,ras_pa,
NC-2024-Governor-Rasmussen,Rasmussen Reports / American Thinker,Rasmussen,2024-Governor-NC,2024,Governor,NC,"October 25-30, 2024",2024-10-30,6,751,LV,55.1,44.9,-10.2,-15.59,5.39,Age,30-39,30-39,56.3,43.7,,,,1.43,ras_pa,
NC-2024-Governor-Rasmussen,Rasmussen Reports / American Thinker,Rasmussen,2024-Governor-NC,2024,Governor,NC,"October 25-30, 2024",2024-10-30,6,751,LV,55.1,44.9,-10.2,-15.59,5.39,Age,40-49,40-49,67.1,32.9,,,,1.43,ras_pa,
NC-2024-Governor-Rasmussen,Rasmussen Reports / American Thinker,Rasmussen,2024-Governor-NC,2024,Governor,NC,"October 25-30, 2024",2024-10-30,6,751,LV,55.1,44.9,-10.2,-15.59,5.39,Age,50-64,50-64,51.1,48.9,,,,1.43,ras_pa,
NC-2024-Governor-Rasmussen,Rasmussen Reports / American Thinker,Rasmussen,2024-Governor-NC,2024,Governor,NC,"October 25-30, 2024",2024-10-30,6,751,LV,55.1,44.9,-10.2,-15.59,5.39,Age,65+,65+,46.8,53.2,,,,1.43,ras_pa,
NC-2024-Governor-Rasmussen,Rasmussen Reports / American Thinker,Rasmussen,2024-Governor-NC,2024,Governor,NC,"October 25-30, 2024",2024-10-30,6,751,LV,55.1,44.9,-10.2,-15.59,5.39,Education,B.A.+,B.A.+,59.6,40.4,59.6,68.5,3.48,1.43,ras_pa,
NC-2024-Governor-Rasmussen,Rasmussen Reports / American Thinker,Rasmussen,2024-Governor-NC,2024,Governor,NC,"October 25-30, 2024",2024-10-30,6,751,LV,55.1,44.9,-10.2,-15.59,5.39,Education,No B.A.,No B.A.,50.3,49.7,50.3,50.2,3.48,1.43,ras_pa,
NC-2024-Governor-Rasmussen,Rasmussen Reports / American Thinker,Rasmussen,2024-Governor-NC,2024,Governor,NC,"October 25-30, 2024",2024-10-30,6,751,LV,55.1,44.9,-10.2,-15.59,5.39,Gender,Men,Men,48.4,51.6,48.4,50.5,0.25,1.43,ras_pa,
NC-2024-Governor-Rasmussen,Rasmussen Reports / American Thinker,Rasmussen,2024-Governor-NC,2024,Governor,NC,"October 25-30, 2024",2024-10-30,6,751,LV,55.1,44.9,-10.2,-15.59,5.39,Gender,Women,Women,60.9,39.1,60.9,64.2,0.25,1.43,ras_pa,
NC-2024-Governor-Rasmussen,Rasmussen Reports / American Thinker,Rasmussen,2024-Governor-NC,2024,Governor,NC,"October 25-30, 2024",2024-10-30,6,751,LV,55.1,44.9,-10.2,-15.59,5.39,Race,Black,Black,84.5,15.5,84.5,91.4,0.57,1.43,ras_pa,
NC-2024-Governor-Rasmussen,Rasmussen Reports / American Thinker,Rasmussen,2024-Governor-NC,2024,Governor,NC,"October 25-30, 2024",2024-10-30,6,751,LV,55.1,44.9,-10.2,-15.59,5.39,Race,Hispanic,Hispanic,53.4,46.6,53.4,57.6,0.57,1.43,ras_pa,
NC-2024-Governor-Rasmussen,Rasmussen Reports / American Thinker,Rasmussen,2024-Governor-NC,2024,Governor,NC,"October 25-30, 2024",2024-10-30,6,751,LV,55.1,44.9,-10.2,-15.59,5.39,Race,Other,Other,62.5,37.5,,,0.57,1.43,ras_pa,
NC-2024-Governor-Rasmussen,Rasmussen Reports / American Thinker,Rasmussen,2024-Governor-NC,2024,Governor,NC,"October 25-30, 2024",2024-10-30,6,751,LV,55.1,44.9,-10.2,-15.59,5.39,Race,White,White,45.6,54.4,45.6,48.4,0.57,1.43,ras_pa,
NC-2024-President-Emerson,Emerson College Polling / The Hill,Emerson,2024-President-NC,2024,President,NC,"October 30-November 2, 2024",2024-11-02,3,860,LV,48.0,49.0,1.03,3.26,2.23,Age,18-29,18-29,63.5,36.5,,,,2.56,,
NC-2024-President-Emerson,Emerson College Polling / The Hill,Emerson,2024-President-NC,2024,President,NC,"October 30-November 2, 2024",2024-11-02,3,860,LV,48.0,49.0,1.03,3.26,2.23,Age,30-39,30-39,57.6,42.4,,,,2.56,,
NC-2024-President-Emerson,Emerson College Polling / The Hill,Emerson,2024-President-NC,2024,President,NC,"October 30-November 2, 2024",2024-11-02,3,860,LV,48.0,49.0,1.03,3.26,2.23,Age,40-49,40-49,53.3,46.7,,,,2.56,,
NC-2024-President-Emerson,Emerson College Polling / The Hill,Emerson,2024-President-NC,2024,President,NC,"October 30-November 2, 2024",2024-11-02,3,860,LV,48.0,49.0,1.03,3.26,2.23,Age,50-59,50-59,45.6,54.4,,,,2.56,,
NC-2024-President-Emerson,Emerson College Polling / The Hill,Emerson,2024-President-NC,2024,President,NC,"October 30-November 2, 2024",2024-11-02,3,860,LV,48.0,49.0,1.03,3.26,2.23,Age,60-69,60-69,42.7,57.3,,,,2.56,,
NC-2024-President-Emerson,Emerson College Polling / The Hill,Emerson,2024-President-NC,2024,President,NC,"October 30-November 2, 2024",2024-11-02,3,860,LV,48.0,49.0,1.03,3.26,2.23,Age,70+,70+,40.5,59.5,,,,2.56,,
NC-2024-President-Emerson,Emerson College Polling / The Hill,Emerson,2024-President-NC,2024,President,NC,"October 30-November 2, 2024",2024-11-02,3,860,LV,48.0,49.0,1.03,3.26,2.23,Education,B.A.+,B.A.+,59.9,40.1,59.9,57.7,0.35,2.56,,
NC-2024-President-Emerson,Emerson College Polling / The Hill,Emerson,2024-President-NC,2024,President,NC,"October 30-November 2, 2024",2024-11-02,3,860,LV,48.0,49.0,1.03,3.26,2.23,Education,No B.A.,No B.A.,44.1,55.9,44.1,41.8,0.35,2.56,,
NC-2024-President-Emerson,Emerson College Polling / The Hill,Emerson,2024-President-NC,2024,President,NC,"October 30-November 2, 2024",2024-11-02,3,860,LV,48.0,49.0,1.03,3.26,2.23,Gender,Men,Men,45.6,54.4,45.6,41.8,2.98,2.56,,
NC-2024-President-Emerson,Emerson College Polling / The Hill,Emerson,2024-President-NC,2024,President,NC,"October 30-November 2, 2024",2024-11-02,3,860,LV,48.0,49.0,1.03,3.26,2.23,Gender,Women,Women,52.7,47.3,52.7,54.5,2.98,2.56,,
NC-2024-President-Emerson,Emerson College Polling / The Hill,Emerson,2024-President-NC,2024,President,NC,"October 30-November 2, 2024",2024-11-02,3,860,LV,48.0,49.0,1.03,3.26,2.23,Race,Asian,Asian,58.1,41.9,,,4.35,2.56,,
NC-2024-President-Emerson,Emerson College Polling / The Hill,Emerson,2024-President-NC,2024,President,NC,"October 30-November 2, 2024",2024-11-02,3,860,LV,48.0,49.0,1.03,3.26,2.23,Race,Black,Black,93.8,6.2,93.8,87.8,4.35,2.56,,
NC-2024-President-Emerson,Emerson College Polling / The Hill,Emerson,2024-President-NC,2024,President,NC,"October 30-November 2, 2024",2024-11-02,3,860,LV,48.0,49.0,1.03,3.26,2.23,Race,Hispanic,Hispanic,61.2,38.8,61.2,49.5,4.35,2.56,,
NC-2024-President-Emerson,Emerson College Polling / The Hill,Emerson,2024-President-NC,2024,President,NC,"October 30-November 2, 2024",2024-11-02,3,860,LV,48.0,49.0,1.03,3.26,2.23,Race,Other,Other,50.5,49.5,,,4.35,2.56,,
NC-2024-President-Emerson,Emerson College Polling / The Hill,Emerson,2024-President-NC,2024,President,NC,"October 30-November 2, 2024",2024-11-02,3,860,LV,48.0,49.0,1.03,3.26,2.23,Race,White,White,32.2,67.8,32.2,37.4,4.35,2.56,,
NC-2024-President-InsiderAdvantage,InsiderAdvantage,InsiderAdvantage,2024-President-NC,2024,President,NC,"November 1-2, 2024",2024-11-02,3,800,LV,49.0,51.0,2.0,3.26,1.26,Age,18-39,18-39,56.8,43.2,,,,3.71,trafalgar_is,
NC-2024-President-InsiderAdvantage,InsiderAdvantage,InsiderAdvantage,2024-President-NC,2024,President,NC,"November 1-2, 2024",2024-11-02,3,800,LV,49.0,51.0,2.0,3.26,1.26,Age,40-64,40-64,47.6,52.4,,,,3.71,trafalgar_is,
NC-2024-President-InsiderAdvantage,InsiderAdvantage,InsiderAdvantage,2024-President-NC,2024,President,NC,"November 1-2, 2024",2024-11-02,3,800,LV,49.0,51.0,2.0,3.26,1.26,Age,65 or over,65 or over,48.6,51.4,,,,3.71,trafalgar_is,
NC-2024-President-InsiderAdvantage,InsiderAdvantage,InsiderAdvantage,2024-President-NC,2024,President,NC,"November 1-2, 2024",2024-11-02,3,800,LV,49.0,51.0,2.0,3.26,1.26,Gender,Men,Men,44.0,56.0,44.0,41.8,1.77,3.71,trafalgar_is,
NC-2024-President-InsiderAdvantage,InsiderAdvantage,InsiderAdvantage,2024-President-NC,2024,President,NC,"November 1-2, 2024",2024-11-02,3,800,LV,49.0,51.0,2.0,3.26,1.26,Gender,Women,Women,53.4,46.6,53.4,54.5,1.77,3.71,trafalgar_is,
NC-2024-President-InsiderAdvantage,InsiderAdvantage,InsiderAdvantage,2024-President-NC,2024,President,NC,"November 1-2, 2024",2024-11-02,3,800,LV,49.0,51.0,2.0,3.26,1.26,Race,Black,Black,80.1,19.9,80.1,87.8,5.65,3.71,trafalgar_is,
NC-2024-President-InsiderAdvantage,InsiderAdvantage,InsiderAdvantage,2024-President-NC,2024,President,NC,"November 1-2, 2024",2024-11-02,3,800,LV,49.0,51.0,2.0,3.26,1.26,Race,Hispanic,Hispanic,50.6,49.4,50.6,49.5,5.65,3.71,trafalgar_is,
NC-2024-President-InsiderAdvantage,InsiderAdvantage,InsiderAdvantage,2024-President-NC,2024,President,NC,"November 1-2, 2024",2024-11-02,3,800,LV,49.0,51.0,2.0,3.26,1.26,Race,Other,Other,48.9,51.1,,,5.65,3.71,trafalgar_is,
NC-2024-President-InsiderAdvantage,InsiderAdvantage,InsiderAdvantage,2024-President-NC,2024,President,NC,"November 1-2, 2024",2024-11-02,3,800,LV,49.0,51.0,2.0,3.26,1.26,Race,White,White,40.4,59.6,40.4,37.4,5.65,3.71,trafalgar_is,
NC-2024-President-Rasmussen,Rasmussen Reports / American Thinker,Rasmussen,2024-President-NC,2024,President,NC,"October 25-30, 2024",2024-10-30,6,751,LV,48.5,51.5,3.0,3.26,0.26,Age,18-29,18-29,51.6,48.4,,,,3.94,ras_pa,
NC-2024-President-Rasmussen,Rasmussen Reports / American Thinker,Rasmussen,2024-President-NC,2024,President,NC,"October 25-30, 2024",2024-10-30,6,751,LV,48.5,51.5,3.0,3.26,0.26,Age,30-39,30-39,49.5,50.5,,,,3.94,ras_pa,
NC-2024-President-Rasmussen,Rasmussen Reports / American Thinker,Rasmussen,2024-President-NC,2024,President,NC,"October 25-30, 2024",2024-10-30,6,751,LV,48.5,51.5,3.0,3.26,0.26,Age,40-49,40-49,59.4,40.6,,,,3.94,ras_pa,
NC-2024-President-Rasmussen,Rasmussen Reports / American Thinker,Rasmussen,2024-President-NC,2024,President,NC,"October 25-30, 2024",2024-10-30,6,751,LV,48.5,51.5,3.0,3.26,0.26,Age,50-64,50-64,45.4,54.6,,,,3.94,ras_pa,
NC-2024-President-Rasmussen,Rasmussen Reports / American Thinker,Rasmussen,2024-President-NC,2024,President,NC,"October 25-30, 2024",2024-10-30,6,751,LV,48.5,51.5,3.0,3.26,0.26,Age,65+,65+,40.0,60.0,,,,3.94,ras_pa,
NC-2024-President-Rasmussen,Rasmussen Reports / American Thinker,Rasmussen,2024-President-NC,2024,President,NC,"October 25-30, 2024",2024-10-30,6,751,LV,48.5,51.5,3.0,3.26,0.26,Education,B.A.+,B.A.+,50.1,49.9,50.1,57.7,6.03,3.94,ras_pa,
NC-2024-President-Rasmussen,Rasmussen Reports / American Thinker,Rasmussen,2024-President-NC,2024,President,NC,"October 25-30, 2024",2024-10-30,6,751,LV,48.5,51.5,3.0,3.26,0.26,Education,No B.A.,No B.A.,46.4,53.6,46.4,41.8,6.03,3.94,ras_pa,
NC-2024-President-Rasmussen,Rasmussen Reports / American Thinker,Rasmussen,2024-President-NC,2024,President,NC,"October 25-30, 2024",2024-10-30,6,751,LV,48.5,51.5,3.0,3.26,0.26,Gender,Men,Men,44.3,55.7,44.3,41.8,2.31,3.94,ras_pa,
NC-2024-President-Rasmussen,Rasmussen Reports / American Thinker,Rasmussen,2024-President-NC,2024,President,NC,"October 25-30, 2024",2024-10-30,6,751,LV,48.5,51.5,3.0,3.26,0.26,Gender,Women,Women,52.6,47.4,52.6,54.5,2.31,3.94,ras_pa,
NC-2024-President-Rasmussen,Rasmussen Reports / American Thinker,Rasmussen,2024-President-NC,2024,President,NC,"October 25-30, 2024",2024-10-30,6,751,LV,48.5,51.5,3.0,3.26,0.26,Race,Black,Black,82.6,17.4,82.6,87.8,3.47,3.94,ras_pa,
NC-2024-President-Rasmussen,Rasmussen Reports / American Thinker,Rasmussen,2024-President-NC,2024,President,NC,"October 25-30, 2024",2024-10-30,6,751,LV,48.5,51.5,3.0,3.26,0.26,Race,Hispanic,Hispanic,55.2,44.8,55.2,49.5,3.47,3.94,ras_pa,
NC-2024-President-Rasmussen,Rasmussen Reports / American Thinker,Rasmussen,2024-President-NC,2024,President,NC,"October 25-30, 2024",2024-10-30,6,751,LV,48.5,51.5,3.0,3.26,0.26,Race,Other,Other,65.0,35.0,,,3.47,3.94,ras_pa,
NC-2024-President-Rasmussen,Rasmussen Reports / American Thinker,Rasmussen,2024-President-NC,2024,President,NC,"October 25-30, 2024",2024-10-30,6,751,LV,48.5,51.5,3.0,3.26,0.26,Race,White,White,35.7,64.3,35.7,37.4,3.47,3.94,ras_pa,
NV-2022-Governor-Emerson,Emerson College Polling / 8 News Now / The Hill,Emerson,2022-Governor-NV,2022,Governor,NV,"September 8-10, 2022",2022-09-10,59,1000,LV,40.0,40.0,0.0,1.44,1.44,Age,18-34,18-34,66.6,33.4,,,,6.54,,
NV-2022-Governor-Emerson,Emerson College Polling / 8 News Now / The Hill,Emerson,2022-Governor-NV,2022,Governor,NV,"September 8-10, 2022",2022-09-10,59,1000,LV,40.0,40.0,0.0,1.44,1.44,Age,35-49,35-49,44.8,55.2,,,,6.54,,
NV-2022-Governor-Emerson,Emerson College Polling / 8 News Now / The Hill,Emerson,2022-Governor-NV,2022,Governor,NV,"September 8-10, 2022",2022-09-10,59,1000,LV,40.0,40.0,0.0,1.44,1.44,Age,50-64,50-64,45.1,54.9,,,,6.54,,
NV-2022-Governor-Emerson,Emerson College Polling / 8 News Now / The Hill,Emerson,2022-Governor-NV,2022,Governor,NV,"September 8-10, 2022",2022-09-10,59,1000,LV,40.0,40.0,0.0,1.44,1.44,Age,65+,65+,49.2,50.8,,,,6.54,,
NV-2022-Governor-Emerson,Emerson College Polling / 8 News Now / The Hill,Emerson,2022-Governor-NV,2022,Governor,NV,"September 8-10, 2022",2022-09-10,59,1000,LV,40.0,40.0,0.0,1.44,1.44,Education,B.A.+,B.A.+,55.7,44.3,55.7,53.7,1.23,6.54,,
NV-2022-Governor-Emerson,Emerson College Polling / 8 News Now / The Hill,Emerson,2022-Governor-NV,2022,Governor,NV,"September 8-10, 2022",2022-09-10,59,1000,LV,40.0,40.0,0.0,1.44,1.44,Education,No B.A.,No B.A.,46.1,53.9,46.1,46.7,1.23,6.54,,
NV-2022-Governor-Emerson,Emerson College Polling / 8 News Now / The Hill,Emerson,2022-Governor-NV,2022,Governor,NV,"September 8-10, 2022",2022-09-10,59,1000,LV,40.0,40.0,0.0,1.44,1.44,Gender,Men,Men,48.5,51.5,48.5,44.9,1.91,6.54,,
NV-2022-Governor-Emerson,Emerson College Polling / 8 News Now / The Hill,Emerson,2022-Governor-NV,2022,Governor,NV,"September 8-10, 2022",2022-09-10,59,1000,LV,40.0,40.0,0.0,1.44,1.44,Gender,Women,Women,52.6,47.4,52.6,52.6,1.91,6.54,,
NV-2022-Governor-Emerson,Emerson College Polling / 8 News Now / The Hill,Emerson,2022-Governor-NV,2022,Governor,NV,"September 8-10, 2022",2022-09-10,59,1000,LV,40.0,40.0,0.0,1.44,1.44,Race,Asian,Asian,68.4,31.6,68.4,54.0,16.49,6.54,,
NV-2022-Governor-Emerson,Emerson College Polling / 8 News Now / The Hill,Emerson,2022-Governor-NV,2022,Governor,NV,"September 8-10, 2022",2022-09-10,59,1000,LV,40.0,40.0,0.0,1.44,1.44,Race,Black,Black,60.6,39.4,60.6,84.7,16.49,6.54,,
NV-2022-Governor-Emerson,Emerson College Polling / 8 News Now / The Hill,Emerson,2022-Governor-NV,2022,Governor,NV,"September 8-10, 2022",2022-09-10,59,1000,LV,40.0,40.0,0.0,1.44,1.44,Race,Hispanic,Hispanic,61.2,38.8,61.2,62.6,16.49,6.54,,
NV-2022-Governor-Emerson,Emerson College Polling / 8 News Now / The Hill,Emerson,2022-Governor-NV,2022,Governor,NV,"September 8-10, 2022",2022-09-10,59,1000,LV,40.0,40.0,0.0,1.44,1.44,Race,Other,Other,45.1,54.9,45.1,52.2,16.49,6.54,,
NV-2022-Governor-Emerson,Emerson College Polling / 8 News Now / The Hill,Emerson,2022-Governor-NV,2022,Governor,NV,"September 8-10, 2022",2022-09-10,59,1000,LV,40.0,40.0,0.0,1.44,1.44,Race,White,White,44.4,55.6,44.4,40.2,16.49,6.54,,
NV-2022-Senate-Emerson,Emerson College Polling / KLAS 8 News Now / The Hill,Emerson,2022-Senate-NV,2022,Senate,NV,"October 26-29, 2022",2022-10-29,10,2000,LV,45.0,50.0,5.26,-0.8,6.06,Age,18-34,18-34,60.4,39.6,,,,4.61,,
NV-2022-Senate-Emerson,Emerson College Polling / KLAS 8 News Now / The Hill,Emerson,2022-Senate-NV,2022,Senate,NV,"October 26-29, 2022",2022-10-29,10,2000,LV,45.0,50.0,5.26,-0.8,6.06,Age,35-49,35-49,45.8,54.2,,,,4.61,,
NV-2022-Senate-Emerson,Emerson College Polling / KLAS 8 News Now / The Hill,Emerson,2022-Senate-NV,2022,Senate,NV,"October 26-29, 2022",2022-10-29,10,2000,LV,45.0,50.0,5.26,-0.8,6.06,Age,50-64,50-64,41.3,58.7,,,,4.61,,
NV-2022-Senate-Emerson,Emerson College Polling / KLAS 8 News Now / The Hill,Emerson,2022-Senate-NV,2022,Senate,NV,"October 26-29, 2022",2022-10-29,10,2000,LV,45.0,50.0,5.26,-0.8,6.06,Age,65+,65+,46.4,53.6,,,,4.61,,
NV-2022-Senate-Emerson,Emerson College Polling / KLAS 8 News Now / The Hill,Emerson,2022-Senate-NV,2022,Senate,NV,"October 26-29, 2022",2022-10-29,10,2000,LV,45.0,50.0,5.26,-0.8,6.06,Education,B.A.+,B.A.+,53.3,46.7,53.3,53.1,1.88,4.61,,
NV-2022-Senate-Emerson,Emerson College Polling / KLAS 8 News Now / The Hill,Emerson,2022-Senate-NV,2022,Senate,NV,"October 26-29, 2022",2022-10-29,10,2000,LV,45.0,50.0,5.26,-0.8,6.06,Education,No B.A.,No B.A.,44.2,55.8,44.2,47.5,1.88,4.61,,
NV-2022-Senate-Emerson,Emerson College Polling / KLAS 8 News Now / The Hill,Emerson,2022-Senate-NV,2022,Senate,NV,"October 26-29, 2022",2022-10-29,10,2000,LV,45.0,50.0,5.26,-0.8,6.06,Gender,Men,Men,42.5,57.5,42.5,43.9,0.36,4.61,,
NV-2022-Senate-Emerson,Emerson College Polling / KLAS 8 News Now / The Hill,Emerson,2022-Senate-NV,2022,Senate,NV,"October 26-29, 2022",2022-10-29,10,2000,LV,45.0,50.0,5.26,-0.8,6.06,Gender,Women,Women,51.7,48.3,51.7,54.2,0.36,4.61,,
NV-2022-Senate-Emerson,Emerson College Polling / KLAS 8 News Now / The Hill,Emerson,2022-Senate-NV,2022,Senate,NV,"October 26-29, 2022",2022-10-29,10,2000,LV,45.0,50.0,5.26,-0.8,6.06,Race,Asian,Asian,52.2,47.8,52.2,57.0,11.58,4.61,,
NV-2022-Senate-Emerson,Emerson College Polling / KLAS 8 News Now / The Hill,Emerson,2022-Senate-NV,2022,Senate,NV,"October 26-29, 2022",2022-10-29,10,2000,LV,45.0,50.0,5.26,-0.8,6.06,Race,Black,Black,73.7,26.3,73.7,85.6,11.58,4.61,,
NV-2022-Senate-Emerson,Emerson College Polling / KLAS 8 News Now / The Hill,Emerson,2022-Senate-NV,2022,Senate,NV,"October 26-29, 2022",2022-10-29,10,2000,LV,45.0,50.0,5.26,-0.8,6.06,Race,Hispanic,Hispanic,43.0,57.0,43.0,65.3,11.58,4.61,,
NV-2022-Senate-Emerson,Emerson College Polling / KLAS 8 News Now / The Hill,Emerson,2022-Senate-NV,2022,Senate,NV,"October 26-29, 2022",2022-10-29,10,2000,LV,45.0,50.0,5.26,-0.8,6.06,Race,Other,Other,40.4,59.6,40.4,52.2,11.58,4.61,,
NV-2022-Senate-Emerson,Emerson College Polling / KLAS 8 News Now / The Hill,Emerson,2022-Senate-NV,2022,Senate,NV,"October 26-29, 2022",2022-10-29,10,2000,LV,45.0,50.0,5.26,-0.8,6.06,Race,White,White,45.0,55.0,45.0,40.8,11.58,4.61,,
NV-2022-Senate-NYTSiena-Oct,New York Times / Siena College,NYT/Siena,2022-Senate-NV,2022,Senate,NV,"October 19-24, 2022",2022-10-24,15,885,LV,47.0,47.0,0.0,-0.8,0.8,Age,18-29,18-29,59.8,40.2,59.8,67.5,14.81,6.91,,
NV-2022-Senate-NYTSiena-Oct,New York Times / Siena College,NYT/Siena,2022-Senate-NV,2022,Senate,NV,"October 19-24, 2022",2022-10-24,15,885,LV,47.0,47.0,0.0,-0.8,0.8,Age,30-44,30-44,48.9,51.1,48.9,56.5,14.81,6.91,,
NV-2022-Senate-NYTSiena-Oct,New York Times / Siena College,NYT/Siena,2022-Senate-NV,2022,Senate,NV,"October 19-24, 2022",2022-10-24,15,885,LV,47.0,47.0,0.0,-0.8,0.8,Age,45-64,45-64,43.2,56.8,43.2,42.3,14.81,6.91,,
NV-2022-Senate-NYTSiena-Oct,New York Times / Siena College,NYT/Siena,2022-Senate-NV,2022,Senate,NV,"October 19-24, 2022",2022-10-24,15,885,LV,47.0,47.0,0.0,-0.8,0.8,Age,65+,65+,53.1,46.9,53.1,42.9,14.81,6.91,,
NV-2022-Senate-NYTSiena-Oct,New York Times / Siena College,NYT/Siena,2022-Senate-NV,2022,Senate,NV,"October 19-24, 2022",2022-10-24,15,885,LV,47.0,47.0,0.0,-0.8,0.8,Education,B.A.+,B.A.+,53.8,46.2,53.8,53.1,0.15,6.91,,
NV-2022-Senate-NYTSiena-Oct,New York Times / Siena College,NYT/Siena,2022-Senate-NV,2022,Senate,NV,"October 19-24, 2022",2022-10-24,15,885,LV,47.0,47.0,0.0,-0.8,0.8,Education,No B.A.,No B.A.,48.4,51.6,48.4,47.5,0.15,6.91,,
NV-2022-Senate-NYTSiena-Oct,New York Times / Siena College,NYT/Siena,2022-Senate-NV,2022,Senate,NV,"October 19-24, 2022",2022-10-24,15,885,LV,47.0,47.0,0.0,-0.8,0.8,Gender,Men,Men,41.9,58.1,41.9,43.9,2.51,6.91,,
NV-2022-Senate-NYTSiena-Oct,New York Times / Siena College,NYT/Siena,2022-Senate-NV,2022,Senate,NV,"October 19-24, 2022",2022-10-24,15,885,LV,47.0,47.0,0.0,-0.8,0.8,Gender,Women,Women,57.3,42.7,57.3,54.2,2.51,6.91,,
NV-2022-Senate-NYTSiena-Oct,New York Times / Siena College,NYT/Siena,2022-Senate-NV,2022,Senate,NV,"October 19-24, 2022",2022-10-24,15,885,LV,47.0,47.0,0.0,-0.8,0.8,Race,Hispanic,Hispanic,54.3,45.7,54.3,65.3,10.17,6.91,,
NV-2022-Senate-NYTSiena-Oct,New York Times / Siena College,NYT/Siena,2022-Senate-NV,2022,Senate,NV,"October 19-24, 2022",2022-10-24,15,885,LV,47.0,47.0,0.0,-0.8,0.8,Race,Other,Other,60.9,39.1,60.9,52.2,10.17,6.91,,
NV-2022-Senate-NYTSiena-Oct,New York Times / Siena College,NYT/Siena,2022-Senate-NV,2022,Senate,NV,"October 19-24, 2022",2022-10-24,15,885,LV,47.0,47.0,0.0,-0.8,0.8,Race,White,White,45.8,54.2,45.8,40.8,10.17,6.91,,
NV-2022-Senate-Suffolk,Suffolk University / USA TODAY Network,Suffolk,2022-Senate-NV,2022,Senate,NV,"October 24-28, 2022",2022-10-28,11,500,LV,50.6,49.4,-1.2,-0.8,0.4,Age,18-34,18-34,55.7,44.3,,,,3.61,midsize,
NV-2022-Senate-Suffolk,Suffolk University / USA TODAY Network,Suffolk,2022-Senate-NV,2022,Senate,NV,"October 24-28, 2022",2022-10-28,11,500,LV,50.6,49.4,-1.2,-0.8,0.4,Age,35-49,35-49,46.2,53.8,,,,3.61,midsize,
NV-2022-Senate-Suffolk,Suffolk University / USA TODAY Network,Suffolk,2022-Senate-NV,2022,Senate,NV,"October 24-28, 2022",2022-10-28,11,500,LV,50.6,49.4,-1.2,-0.8,0.4,Age,50-64,50-64,56.4,43.6,,,,3.61,midsize,
NV-2022-Senate-Suffolk,Suffolk University / USA TODAY Network,Suffolk,2022-Senate-NV,2022,Senate,NV,"October 24-28, 2022",2022-10-28,11,500,LV,50.6,49.4,-1.2,-0.8,0.4,Age,65+,65+,46.2,53.8,,,,3.61,midsize,
NV-2022-Senate-Suffolk,Suffolk University / USA TODAY Network,Suffolk,2022-Senate-NV,2022,Senate,NV,"October 24-28, 2022",2022-10-28,11,500,LV,50.6,49.4,-1.2,-0.8,0.4,Gender,Men,Men,47.4,52.6,47.4,43.9,1.9,3.61,midsize,
NV-2022-Senate-Suffolk,Suffolk University / USA TODAY Network,Suffolk,2022-Senate-NV,2022,Senate,NV,"October 24-28, 2022",2022-10-28,11,500,LV,50.6,49.4,-1.2,-0.8,0.4,Gender,Women,Women,54.2,45.8,54.2,54.2,1.9,3.61,midsize,
NV-2022-Senate-Suffolk,Suffolk University / USA TODAY Network,Suffolk,2022-Senate-NV,2022,Senate,NV,"October 24-28, 2022",2022-10-28,11,500,LV,50.6,49.4,-1.2,-0.8,0.4,Race,Black,Black,81.0,19.0,81.0,85.6,5.32,3.61,midsize,
NV-2022-Senate-Suffolk,Suffolk University / USA TODAY Network,Suffolk,2022-Senate-NV,2022,Senate,NV,"October 24-28, 2022",2022-10-28,11,500,LV,50.6,49.4,-1.2,-0.8,0.4,Race,Hispanic,Hispanic,56.0,44.0,56.0,65.3,5.32,3.61,midsize,
NV-2022-Senate-Suffolk,Suffolk University / USA TODAY Network,Suffolk,2022-Senate-NV,2022,Senate,NV,"October 24-28, 2022",2022-10-28,11,500,LV,50.6,49.4,-1.2,-0.8,0.4,Race,White,White,47.7,52.3,47.7,40.8,5.32,3.61,midsize,
NV-2024-President-DataForProgress,Data for Progress,DfP,2024-President-NV,2024,President,NV,"October 25-30, 2024",2024-10-30,6,721,LV,51.0,49.0,-2.0,3.16,5.16,Age,45+,45+,49.0,51.0,,,,4.21,midsize,
NV-2024-President-DataForProgress,Data for Progress,DfP,2024-President-NV,2024,President,NV,"October 25-30, 2024",2024-10-30,6,721,LV,51.0,49.0,-2.0,3.16,5.16,Age,Under 45,Under 45,53.7,46.3,,,,4.21,midsize,
NV-2024-President-DataForProgress,Data for Progress,DfP,2024-President-NV,2024,President,NV,"October 25-30, 2024",2024-10-30,6,721,LV,51.0,49.0,-2.0,3.16,5.16,Education,B.A.+,B.A.+,49.5,50.5,49.5,54.2,5.66,4.21,midsize,
NV-2024-President-DataForProgress,Data for Progress,DfP,2024-President-NV,2024,President,NV,"October 25-30, 2024",2024-10-30,6,721,LV,51.0,49.0,-2.0,3.16,5.16,Education,No B.A.,No B.A.,51.5,48.5,51.5,44.9,5.66,4.21,midsize,
NV-2024-President-DataForProgress,Data for Progress,DfP,2024-President-NV,2024,President,NV,"October 25-30, 2024",2024-10-30,6,721,LV,51.0,49.0,-2.0,3.16,5.16,Gender,Men,Men,45.8,54.2,45.8,43.9,0.18,4.21,midsize,
NV-2024-President-DataForProgress,Data for Progress,DfP,2024-President-NV,2024,President,NV,"October 25-30, 2024",2024-10-30,6,721,LV,51.0,49.0,-2.0,3.16,5.16,Gender,Women,Women,55.8,44.2,55.8,53.1,0.18,4.21,midsize,
NV-2024-President-DataForProgress,Data for Progress,DfP,2024-President-NV,2024,President,NV,"October 25-30, 2024",2024-10-30,6,721,LV,51.0,49.0,-2.0,3.16,5.16,Race,Black,Black,72.9,27.1,72.9,82.8,6.79,4.21,midsize,
NV-2024-President-DataForProgress,Data for Progress,DfP,2024-President-NV,2024,President,NV,"October 25-30, 2024",2024-10-30,6,721,LV,51.0,49.0,-2.0,3.16,5.16,Race,Hispanic,Hispanic,61.2,38.8,61.2,49.0,6.79,4.21,midsize,
NV-2024-President-DataForProgress,Data for Progress,DfP,2024-President-NV,2024,President,NV,"October 25-30, 2024",2024-10-30,6,721,LV,51.0,49.0,-2.0,3.16,5.16,Race,White,White,46.4,53.6,46.4,44.9,6.79,4.21,midsize,
NV-2024-President-Emerson,Emerson College Polling / The Hill,Emerson,2024-President-NV,2024,President,NV,"October 30-November 2, 2024",2024-11-02,3,840,LV,48.0,48.0,0.0,3.16,3.16,Age,18-29,18-29,70.0,30.0,,,,4.66,,
NV-2024-President-Emerson,Emerson College Polling / The Hill,Emerson,2024-President-NV,2024,President,NV,"October 30-November 2, 2024",2024-11-02,3,840,LV,48.0,48.0,0.0,3.16,3.16,Age,30-39,30-39,50.8,49.2,,,,4.66,,
NV-2024-President-Emerson,Emerson College Polling / The Hill,Emerson,2024-President-NV,2024,President,NV,"October 30-November 2, 2024",2024-11-02,3,840,LV,48.0,48.0,0.0,3.16,3.16,Age,40-49,40-49,48.9,51.1,,,,4.66,,
NV-2024-President-Emerson,Emerson College Polling / The Hill,Emerson,2024-President-NV,2024,President,NV,"October 30-November 2, 2024",2024-11-02,3,840,LV,48.0,48.0,0.0,3.16,3.16,Age,50-59,50-59,42.7,57.3,,,,4.66,,
NV-2024-President-Emerson,Emerson College Polling / The Hill,Emerson,2024-President-NV,2024,President,NV,"October 30-November 2, 2024",2024-11-02,3,840,LV,48.0,48.0,0.0,3.16,3.16,Age,60-69,60-69,40.1,59.9,,,,4.66,,
NV-2024-President-Emerson,Emerson College Polling / The Hill,Emerson,2024-President-NV,2024,President,NV,"October 30-November 2, 2024",2024-11-02,3,840,LV,48.0,48.0,0.0,3.16,3.16,Age,70+,70+,50.4,49.6,,,,4.66,,
NV-2024-President-Emerson,Emerson College Polling / The Hill,Emerson,2024-President-NV,2024,President,NV,"October 30-November 2, 2024",2024-11-02,3,840,LV,48.0,48.0,0.0,3.16,3.16,Education,B.A.+,B.A.+,52.5,47.5,52.5,54.2,2.79,4.66,,
NV-2024-President-Emerson,Emerson College Polling / The Hill,Emerson,2024-President-NV,2024,President,NV,"October 30-November 2, 2024",2024-11-02,3,840,LV,48.0,48.0,0.0,3.16,3.16,Education,No B.A.,No B.A.,48.7,51.3,48.7,44.9,2.79,4.66,,
NV-2024-President-Emerson,Emerson College Polling / The Hill,Emerson,2024-President-NV,2024,President,NV,"October 30-November 2, 2024",2024-11-02,3,840,LV,48.0,48.0,0.0,3.16,3.16,Gender,Men,Men,45.7,54.3,45.7,43.9,0.95,4.66,,
NV-2024-President-Emerson,Emerson College Polling / The Hill,Emerson,2024-President-NV,2024,President,NV,"October 30-November 2, 2024",2024-11-02,3,840,LV,48.0,48.0,0.0,3.16,3.16,Gender,Women,Women,53.2,46.8,53.2,53.1,0.95,4.66,,
NV-2024-President-Emerson,Emerson College Polling / The Hill,Emerson,2024-President-NV,2024,President,NV,"October 30-November 2, 2024",2024-11-02,3,840,LV,48.0,48.0,0.0,3.16,3.16,Race,Asian,Asian,46.7,53.3,46.7,38.4,10.23,4.66,,
NV-2024-President-Emerson,Emerson College Polling / The Hill,Emerson,2024-President-NV,2024,President,NV,"October 30-November 2, 2024",2024-11-02,3,840,LV,48.0,48.0,0.0,3.16,3.16,Race,Black,Black,74.7,25.3,74.7,82.8,10.23,4.66,,
NV-2024-President-Emerson,Emerson College Polling / The Hill,Emerson,2024-President-NV,2024,President,NV,"October 30-November 2, 2024",2024-11-02,3,840,LV,48.0,48.0,0.0,3.16,3.16,Race,Hispanic,Hispanic,66.0,34.0,66.0,49.0,10.23,4.66,,
NV-2024-President-Emerson,Emerson College Polling / The Hill,Emerson,2024-President-NV,2024,President,NV,"October 30-November 2, 2024",2024-11-02,3,840,LV,48.0,48.0,0.0,3.16,3.16,Race,Other,Other,38.9,61.1,38.9,47.4,10.23,4.66,,
NV-2024-President-Emerson,Emerson College Polling / The Hill,Emerson,2024-President-NV,2024,President,NV,"October 30-November 2, 2024",2024-11-02,3,840,LV,48.0,48.0,0.0,3.16,3.16,Race,White,White,44.0,56.0,44.0,44.9,10.23,4.66,,
NV-2024-President-InsiderAdvantage-Oct,InsiderAdvantage,InsiderAdvantage,2024-President-NV,2024,President,NV,"October 19-20, 2024",2024-10-20,16,800,LV,50.0,50.0,0.0,3.16,3.16,Age,18-39,18-39,49.8,50.2,,,,2.52,trafalgar_is,
NV-2024-President-InsiderAdvantage-Oct,InsiderAdvantage,InsiderAdvantage,2024-President-NV,2024,President,NV,"October 19-20, 2024",2024-10-20,16,800,LV,50.0,50.0,0.0,3.16,3.16,Age,40-64,40-64,47.1,52.9,,,,2.52,trafalgar_is,
NV-2024-President-InsiderAdvantage-Oct,InsiderAdvantage,InsiderAdvantage,2024-President-NV,2024,President,NV,"October 19-20, 2024",2024-10-20,16,800,LV,50.0,50.0,0.0,3.16,3.16,Age,65 or over,65 or over,52.7,47.3,,,,2.52,trafalgar_is,
NV-2024-President-InsiderAdvantage-Oct,InsiderAdvantage,InsiderAdvantage,2024-President-NV,2024,President,NV,"October 19-20, 2024",2024-10-20,16,800,LV,50.0,50.0,0.0,3.16,3.16,Gender,Men,Men,47.6,52.4,47.6,43.9,2.58,2.52,trafalgar_is,
NV-2024-President-InsiderAdvantage-Oct,InsiderAdvantage,InsiderAdvantage,2024-President-NV,2024,President,NV,"October 19-20, 2024",2024-10-20,16,800,LV,50.0,50.0,0.0,3.16,3.16,Gender,Women,Women,51.9,48.1,51.9,53.1,2.58,2.52,trafalgar_is,
NV-2024-President-InsiderAdvantage-Oct,InsiderAdvantage,InsiderAdvantage,2024-President-NV,2024,President,NV,"October 19-20, 2024",2024-10-20,16,800,LV,50.0,50.0,0.0,3.16,3.16,Race,Black,Black,78.1,21.9,78.1,82.8,2.46,2.52,trafalgar_is,
NV-2024-President-InsiderAdvantage-Oct,InsiderAdvantage,InsiderAdvantage,2024-President-NV,2024,President,NV,"October 19-20, 2024",2024-10-20,16,800,LV,50.0,50.0,0.0,3.16,3.16,Race,Hispanic,Hispanic,52.8,47.2,52.8,49.0,2.46,2.52,trafalgar_is,
NV-2024-President-InsiderAdvantage-Oct,InsiderAdvantage,InsiderAdvantage,2024-President-NV,2024,President,NV,"October 19-20, 2024",2024-10-20,16,800,LV,50.0,50.0,0.0,3.16,3.16,Race,Other,Other,46.7,53.3,46.7,47.4,2.46,2.52,trafalgar_is,
NV-2024-President-InsiderAdvantage-Oct,InsiderAdvantage,InsiderAdvantage,2024-President-NV,2024,President,NV,"October 19-20, 2024",2024-10-20,16,800,LV,50.0,50.0,0.0,3.16,3.16,Race,White,White,45.5,54.5,45.5,44.9,2.46,2.52,trafalgar_is,
NV-2024-President-Rasmussen,Rasmussen Reports / American Thinker,Rasmussen,2024-President-NV,2024,President,NV,"October 25-30, 2024",2024-10-30,6,767,LV,49.0,51.0,2.0,3.16,1.16,Age,18-29,18-29,50.5,49.5,,,,3.0,ras_pa,
NV-2024-President-Rasmussen,Rasmussen Reports / American Thinker,Rasmussen,2024-President-NV,2024,President,NV,"October 25-30, 2024",2024-10-30,6,767,LV,49.0,51.0,2.0,3.16,1.16,Age,30-39,30-39,59.6,40.4,,,,3.0,ras_pa,
NV-2024-President-Rasmussen,Rasmussen Reports / American Thinker,Rasmussen,2024-President-NV,2024,President,NV,"October 25-30, 2024",2024-10-30,6,767,LV,49.0,51.0,2.0,3.16,1.16,Age,40-49,40-49,50.0,50.0,,,,3.0,ras_pa,
NV-2024-President-Rasmussen,Rasmussen Reports / American Thinker,Rasmussen,2024-President-NV,2024,President,NV,"October 25-30, 2024",2024-10-30,6,767,LV,49.0,51.0,2.0,3.16,1.16,Age,50-64,50-64,43.0,57.0,,,,3.0,ras_pa,
NV-2024-President-Rasmussen,Rasmussen Reports / American Thinker,Rasmussen,2024-President-NV,2024,President,NV,"October 25-30, 2024",2024-10-30,6,767,LV,49.0,51.0,2.0,3.16,1.16,Age,65+,65+,46.3,53.7,,,,3.0,ras_pa,
NV-2024-President-Rasmussen,Rasmussen Reports / American Thinker,Rasmussen,2024-President-NV,2024,President,NV,"October 25-30, 2024",2024-10-30,6,767,LV,49.0,51.0,2.0,3.16,1.16,Education,B.A.+,B.A.+,53.5,46.5,53.5,54.2,0.68,3.0,ras_pa,
NV-2024-President-Rasmussen,Rasmussen Reports / American Thinker,Rasmussen,2024-President-NV,2024,President,NV,"October 25-30, 2024",2024-10-30,6,767,LV,49.0,51.0,2.0,3.16,1.16,Education,No B.A.,No B.A.,45.6,54.4,45.6,44.9,0.68,3.0,ras_pa,
NV-2024-President-Rasmussen,Rasmussen Reports / American Thinker,Rasmussen,2024-President-NV,2024,President,NV,"October 25-30, 2024",2024-10-30,6,767,LV,49.0,51.0,2.0,3.16,1.16,Gender,Men,Men,42.7,57.3,42.7,43.9,1.65,3.0,ras_pa,
NV-2024-President-Rasmussen,Rasmussen Reports / American Thinker,Rasmussen,2024-President-NV,2024,President,NV,"October 25-30, 2024",2024-10-30,6,767,LV,49.0,51.0,2.0,3.16,1.16,Gender,Women,Women,55.2,44.8,55.2,53.1,1.65,3.0,ras_pa,
NV-2024-President-Rasmussen,Rasmussen Reports / American Thinker,Rasmussen,2024-President-NV,2024,President,NV,"October 25-30, 2024",2024-10-30,6,767,LV,49.0,51.0,2.0,3.16,1.16,Race,Black,Black,68.1,31.9,68.1,82.8,6.67,3.0,ras_pa,
NV-2024-President-Rasmussen,Rasmussen Reports / American Thinker,Rasmussen,2024-President-NV,2024,President,NV,"October 25-30, 2024",2024-10-30,6,767,LV,49.0,51.0,2.0,3.16,1.16,Race,Hispanic,Hispanic,51.5,48.5,51.5,49.0,6.67,3.0,ras_pa,
NV-2024-President-Rasmussen,Rasmussen Reports / American Thinker,Rasmussen,2024-President-NV,2024,President,NV,"October 25-30, 2024",2024-10-30,6,767,LV,49.0,51.0,2.0,3.16,1.16,Race,Other,Other,35.6,64.4,35.6,47.4,6.67,3.0,ras_pa,
NV-2024-President-Rasmussen,Rasmussen Reports / American Thinker,Rasmussen,2024-President-NV,2024,President,NV,"October 25-30, 2024",2024-10-30,6,767,LV,49.0,51.0,2.0,3.16,1.16,Race,White,White,46.4,53.6,46.4,44.9,6.67,3.0,ras_pa,
NV-2024-Senate-Emerson,Emerson College Polling / The Hill,Emerson,2024-Senate-NV,2024,Senate,NV,"October 30-November 2, 2024",2024-11-02,3,840,LV,50.0,44.0,-6.38,-1.75,4.63,Age,18-29,18-29,77.8,22.2,,,,5.6,,
NV-2024-Senate-Emerson,Emerson College Polling / The Hill,Emerson,2024-Senate-NV,2024,Senate,NV,"October 30-November 2, 2024",2024-11-02,3,840,LV,50.0,44.0,-6.38,-1.75,4.63,Age,30-39,30-39,60.3,39.7,,,,5.6,,
NV-2024-Senate-Emerson,Emerson College Polling / The Hill,Emerson,2024-Senate-NV,2024,Senate,NV,"October 30-November 2, 2024",2024-11-02,3,840,LV,50.0,44.0,-6.38,-1.75,4.63,Age,40-49,40-49,52.7,47.3,,,,5.6,,
NV-2024-Senate-Emerson,Emerson College Polling / The Hill,Emerson,2024-Senate-NV,2024,Senate,NV,"October 30-November 2, 2024",2024-11-02,3,840,LV,50.0,44.0,-6.38,-1.75,4.63,Age,50-59,50-59,40.3,59.7,,,,5.6,,
NV-2024-Senate-Emerson,Emerson College Polling / The Hill,Emerson,2024-Senate-NV,2024,Senate,NV,"October 30-November 2, 2024",2024-11-02,3,840,LV,50.0,44.0,-6.38,-1.75,4.63,Age,60-69,60-69,42.1,57.9,,,,5.6,,
NV-2024-Senate-Emerson,Emerson College Polling / The Hill,Emerson,2024-Senate-NV,2024,Senate,NV,"October 30-November 2, 2024",2024-11-02,3,840,LV,50.0,44.0,-6.38,-1.75,4.63,Age,70+,70+,50.9,49.1,,,,5.6,,
NV-2024-Senate-Emerson,Emerson College Polling / The Hill,Emerson,2024-Senate-NV,2024,Senate,NV,"October 30-November 2, 2024",2024-11-02,3,840,LV,50.0,44.0,-6.38,-1.75,4.63,Education,B.A.+,B.A.+,52.9,47.1,52.9,56.8,4.77,5.6,,
NV-2024-Senate-Emerson,Emerson College Polling / The Hill,Emerson,2024-Senate-NV,2024,Senate,NV,"October 30-November 2, 2024",2024-11-02,3,840,LV,50.0,44.0,-6.38,-1.75,4.63,Education,No B.A.,No B.A.,53.2,46.8,53.2,47.2,4.77,5.6,,
NV-2024-Senate-Emerson,Emerson College Polling / The Hill,Emerson,2024-Senate-NV,2024,Senate,NV,"October 30-November 2, 2024",2024-11-02,3,840,LV,50.0,44.0,-6.38,-1.75,4.63,Gender,Men,Men,48.8,51.2,48.8,45.7,1.75,5.6,,
NV-2024-Senate-Emerson,Emerson College Polling / The Hill,Emerson,2024-Senate-NV,2024,Senate,NV,"October 30-November 2, 2024",2024-11-02,3,840,LV,50.0,44.0,-6.38,-1.75,4.63,Gender,Women,Women,56.5,43.5,56.5,56.8,1.75,5.6,,
NV-2024-Senate-Emerson,Emerson College Polling / The Hill,Emerson,2024-Senate-NV,2024,Senate,NV,"October 30-November 2, 2024",2024-11-02,3,840,LV,50.0,44.0,-6.38,-1.75,4.63,Race,Asian,Asian,49.6,50.4,49.6,47.3,10.28,5.6,,
NV-2024-Senate-Emerson,Emerson College Polling / The Hill,Emerson,2024-Senate-NV,2024,Senate,NV,"October 30-November 2, 2024",2024-11-02,3,840,LV,50.0,44.0,-6.38,-1.75,4.63,Race,Black,Black,77.3,22.7,77.3,82.6,10.28,5.6,,
NV-2024-Senate-Emerson,Emerson College Polling / The Hill,Emerson,2024-Senate-NV,2024,Senate,NV,"October 30-November 2, 2024",2024-11-02,3,840,LV,50.0,44.0,-6.38,-1.75,4.63,Race,Hispanic,Hispanic,67.0,33.0,67.0,50.5,10.28,5.6,,
NV-2024-Senate-Emerson,Emerson College Polling / The Hill,Emerson,2024-Senate-NV,2024,Senate,NV,"October 30-November 2, 2024",2024-11-02,3,840,LV,50.0,44.0,-6.38,-1.75,4.63,Race,Other,Other,37.5,62.5,37.5,50.5,10.28,5.6,,
NV-2024-Senate-Emerson,Emerson College Polling / The Hill,Emerson,2024-Senate-NV,2024,Senate,NV,"October 30-November 2, 2024",2024-11-02,3,840,LV,50.0,44.0,-6.38,-1.75,4.63,Race,White,White,48.2,51.8,48.2,47.9,10.28,5.6,,
NV-2024-Senate-InsiderAdvantage-Oct,InsiderAdvantage,InsiderAdvantage,2024-Senate-NV,2024,Senate,NV,"October 19-20, 2024",2024-10-20,16,800,LV,52.2,47.8,-4.4,-1.75,2.65,Age,18-39,18-39,56.7,43.3,,,,5.31,trafalgar_is,
NV-2024-Senate-InsiderAdvantage-Oct,InsiderAdvantage,InsiderAdvantage,2024-Senate-NV,2024,Senate,NV,"October 19-20, 2024",2024-10-20,16,800,LV,52.2,47.8,-4.4,-1.75,2.65,Age,40-64,40-64,49.8,50.2,,,,5.31,trafalgar_is,
NV-2024-Senate-InsiderAdvantage-Oct,InsiderAdvantage,InsiderAdvantage,2024-Senate-NV,2024,Senate,NV,"October 19-20, 2024",2024-10-20,16,800,LV,52.2,47.8,-4.4,-1.75,2.65,Age,65 or over,65 or over,54.1,45.9,,,,5.31,trafalgar_is,
NV-2024-Senate-InsiderAdvantage-Oct,InsiderAdvantage,InsiderAdvantage,2024-Senate-NV,2024,Senate,NV,"October 19-20, 2024",2024-10-20,16,800,LV,52.2,47.8,-4.4,-1.75,2.65,Gender,Men,Men,51.7,48.3,51.7,45.7,4.79,5.31,trafalgar_is,
NV-2024-Senate-InsiderAdvantage-Oct,InsiderAdvantage,InsiderAdvantage,2024-Senate-NV,2024,Senate,NV,"October 19-20, 2024",2024-10-20,16,800,LV,52.2,47.8,-4.4,-1.75,2.65,Gender,Women,Women,53.0,47.0,53.0,56.8,4.79,5.31,trafalgar_is,
NV-2024-Senate-InsiderAdvantage-Oct,InsiderAdvantage,InsiderAdvantage,2024-Senate-NV,2024,Senate,NV,"October 19-20, 2024",2024-10-20,16,800,LV,52.2,47.8,-4.4,-1.75,2.65,Race,Black,Black,77.1,22.9,77.1,82.6,5.84,5.31,trafalgar_is,
NV-2024-Senate-InsiderAdvantage-Oct,InsiderAdvantage,InsiderAdvantage,2024-Senate-NV,2024,Senate,NV,"October 19-20, 2024",2024-10-20,16,800,LV,52.2,47.8,-4.4,-1.75,2.65,Race,Hispanic,Hispanic,58.7,41.3,58.7,50.5,5.84,5.31,trafalgar_is,
NV-2024-Senate-InsiderAdvantage-Oct,InsiderAdvantage,InsiderAdvantage,2024-Senate-NV,2024,Senate,NV,"October 19-20, 2024",2024-10-20,16,800,LV,52.2,47.8,-4.4,-1.75,2.65,Race,Other,Other,46.8,53.2,46.8,50.5,5.84,5.31,trafalgar_is,
NV-2024-Senate-InsiderAdvantage-Oct,InsiderAdvantage,InsiderAdvantage,2024-Senate-NV,2024,Senate,NV,"October 19-20, 2024",2024-10-20,16,800,LV,52.2,47.8,-4.4,-1.75,2.65,Race,White,White,46.9,53.1,46.9,47.9,5.84,5.31,trafalgar_is,
NV-2024-Senate-Rasmussen,Rasmussen Reports / American Thinker,Rasmussen,2024-Senate-NV,2024,Senate,NV,"October 25-30, 2024",2024-10-30,6,767,LV,54.9,45.1,-9.8,-1.75,8.05,Age,18-29,18-29,65.9,34.1,,,,6.34,ras_pa,
NV-2024-Senate-Rasmussen,Rasmussen Reports / American Thinker,Rasmussen,2024-Senate-NV,2024,Senate,NV,"October 25-30, 2024",2024-10-30,6,767,LV,54.9,45.1,-9.8,-1.75,8.05,Age,30-39,30-39,62.8,37.2,,,,6.34,ras_pa,
NV-2024-Senate-Rasmussen,Rasmussen Reports / American Thinker,Rasmussen,2024-Senate-NV,2024,Senate,NV,"October 25-30, 2024",2024-10-30,6,767,LV,54.9,45.1,-9.8,-1.75,8.05,Age,40-49,40-49,57.3,42.7,,,,6.34,ras_pa,
NV-2024-Senate-Rasmussen,Rasmussen Reports / American Thinker,Rasmussen,2024-Senate-NV,2024,Senate,NV,"October 25-30, 2024",2024-10-30,6,767,LV,54.9,45.1,-9.8,-1.75,8.05,Age,50-64,50-64,53.8,46.2,,,,6.34,ras_pa,
NV-2024-Senate-Rasmussen,Rasmussen Reports / American Thinker,Rasmussen,2024-Senate-NV,2024,Senate,NV,"October 25-30, 2024",2024-10-30,6,767,LV,54.9,45.1,-9.8,-1.75,8.05,Age,65+,65+,45.4,54.6,,,,6.34,ras_pa,
NV-2024-Senate-Rasmussen,Rasmussen Reports / American Thinker,Rasmussen,2024-Senate-NV,2024,Senate,NV,"October 25-30, 2024",2024-10-30,6,767,LV,54.9,45.1,-9.8,-1.75,8.05,Education,B.A.+,B.A.+,56.1,43.9,56.1,56.8,3.53,6.34,ras_pa,
NV-2024-Senate-Rasmussen,Rasmussen Reports / American Thinker,Rasmussen,2024-Senate-NV,2024,Senate,NV,"October 25-30, 2024",2024-10-30,6,767,LV,54.9,45.1,-9.8,-1.75,8.05,Education,No B.A.,No B.A.,53.7,46.3,53.7,47.2,3.53,6.34,ras_pa,
NV-2024-Senate-Rasmussen,Rasmussen Reports / American Thinker,Rasmussen,2024-Senate-NV,2024,Senate,NV,"October 25-30, 2024",2024-10-30,6,767,LV,54.9,45.1,-9.8,-1.75,8.05,Gender,Men,Men,44.0,56.0,44.0,45.7,4.45,6.34,ras_pa,
NV-2024-Senate-Rasmussen,Rasmussen Reports / American Thinker,Rasmussen,2024-Senate-NV,2024,Senate,NV,"October 25-30, 2024",2024-10-30,6,767,LV,54.9,45.1,-9.8,-1.75,8.05,Gender,Women,Women,65.6,34.4,65.6,56.8,4.45,6.34,ras_pa,
NV-2024-Senate-Rasmussen,Rasmussen Reports / American Thinker,Rasmussen,2024-Senate-NV,2024,Senate,NV,"October 25-30, 2024",2024-10-30,6,767,LV,54.9,45.1,-9.8,-1.75,8.05,Race,Black,Black,76.2,23.8,76.2,82.6,11.04,6.34,ras_pa,
NV-2024-Senate-Rasmussen,Rasmussen Reports / American Thinker,Rasmussen,2024-Senate-NV,2024,Senate,NV,"October 25-30, 2024",2024-10-30,6,767,LV,54.9,45.1,-9.8,-1.75,8.05,Race,Hispanic,Hispanic,56.2,43.8,56.2,50.5,11.04,6.34,ras_pa,
NV-2024-Senate-Rasmussen,Rasmussen Reports / American Thinker,Rasmussen,2024-Senate-NV,2024,Senate,NV,"October 25-30, 2024",2024-10-30,6,767,LV,54.9,45.1,-9.8,-1.75,8.05,Race,Other,Other,36.5,63.5,36.5,50.5,11.04,6.34,ras_pa,
NV-2024-Senate-Rasmussen,Rasmussen Reports / American Thinker,Rasmussen,2024-Senate-NV,2024,Senate,NV,"October 25-30, 2024",2024-10-30,6,767,LV,54.9,45.1,-9.8,-1.75,8.05,Race,White,White,52.7,47.3,52.7,47.9,11.04,6.34,ras_pa,
OH-2020-President-Emerson,Emerson College Polling,Emerson,2020-President-OH,2020,President,OH,"October 29-31, 2020",2020-10-31,3,656,LV,50.0,48.0,-2.04,8.15,10.19,Age,18-29,18-29,70.3,29.7,70.3,59.7,10.24,8.02,,
OH-2020-President-Emerson,Emerson College Polling,Emerson,2020-President-OH,2020,President,OH,"October 29-31, 2020",2020-10-31,3,656,LV,50.0,48.0,-2.04,8.15,10.19,Age,30-44,30-44,45.4,54.6,45.4,50.9,10.24,8.02,,
OH-2020-President-Emerson,Emerson College Polling,Emerson,2020-President-OH,2020,President,OH,"October 29-31, 2020",2020-10-31,3,656,LV,50.0,48.0,-2.04,8.15,10.19,Age,45-64,45-64,44.6,55.4,44.6,42.0,10.24,8.02,,
OH-2020-President-Emerson,Emerson College Polling,Emerson,2020-President-OH,2020,President,OH,"October 29-31, 2020",2020-10-31,3,656,LV,50.0,48.0,-2.04,8.15,10.19,Age,65+,65+,52.0,48.0,52.0,37.4,10.24,8.02,,
OH-2020-President-Emerson,Emerson College Polling,Emerson,2020-President-OH,2020,President,OH,"October 29-31, 2020",2020-10-31,3,656,LV,50.0,48.0,-2.04,8.15,10.19,Education,B.A.+,B.A.+,44.8,55.2,44.8,55.9,10.17,8.02,,
OH-2020-President-Emerson,Emerson College Polling,Emerson,2020-President-OH,2020,President,OH,"October 29-31, 2020",2020-10-31,3,656,LV,50.0,48.0,-2.04,8.15,10.19,Education,No B.A.,No B.A.,49.1,50.9,49.1,40.7,10.17,8.02,,
OH-2020-President-Emerson,Emerson College Polling,Emerson,2020-President-OH,2020,President,OH,"October 29-31, 2020",2020-10-31,3,656,LV,50.0,48.0,-2.04,8.15,10.19,Gender,Men,Men,39.4,60.6,39.4,39.8,3.66,8.02,,
OH-2020-President-Emerson,Emerson College Polling,Emerson,2020-President-OH,2020,President,OH,"October 29-31, 2020",2020-10-31,3,656,LV,50.0,48.0,-2.04,8.15,10.19,Gender,Women,Women,59.3,40.7,59.3,51.5,3.66,8.02,,
OH-2020-President-Emerson,Emerson College Polling,Emerson,2020-President-OH,2020,President,OH,"October 29-31, 2020",2020-10-31,3,656,LV,50.0,48.0,-2.04,8.15,10.19,Race,Non-White,Non-White,77.0,23.0,,,,8.02,,
OH-2020-President-Emerson,Emerson College Polling,Emerson,2020-President-OH,2020,President,OH,"October 29-31, 2020",2020-10-31,3,656,LV,50.0,48.0,-2.04,8.15,10.19,Race,White,White,45.2,54.8,,,,8.02,,
OH-2020-President-Quinnipiac-Nov,Quinnipiac University Poll,Quinnipiac,2020-President-OH,2020,President,OH,"October 28-November 1, 2020",2020-11-01,2,1440,LV,47.0,43.0,-4.44,8.15,12.59,Age,18-34,18-34,58.4,41.6,,,,5.01,,
OH-2020-President-Quinnipiac-Nov,Quinnipiac University Poll,Quinnipiac,2020-President-OH,2020,President,OH,"October 28-November 1, 2020",2020-11-01,2,1440,LV,47.0,43.0,-4.44,8.15,12.59,Age,35-49,35-49,48.9,51.1,,,,5.01,,
OH-2020-President-Quinnipiac-Nov,Quinnipiac University Poll,Quinnipiac,2020-President-OH,2020,President,OH,"October 28-November 1, 2020",2020-11-01,2,1440,LV,47.0,43.0,-4.44,8.15,12.59,Age,50-64,50-64,48.9,51.1,,,,5.01,,
OH-2020-President-Quinnipiac-Nov,Quinnipiac University Poll,Quinnipiac,2020-President-OH,2020,President,OH,"October 28-November 1, 2020",2020-11-01,2,1440,LV,47.0,43.0,-4.44,8.15,12.59,Age,65+,65+,52.2,47.8,,,,5.01,,
OH-2020-President-Quinnipiac-Nov,Quinnipiac University Poll,Quinnipiac,2020-President-OH,2020,President,OH,"October 28-November 1, 2020",2020-11-01,2,1440,LV,47.0,43.0,-4.44,8.15,12.59,Education,Wht B.A.+,Wht B.A.+,61.3,38.7,,,,5.01,,
OH-2020-President-Quinnipiac-Nov,Quinnipiac University Poll,Quinnipiac,2020-President-OH,2020,President,OH,"October 28-November 1, 2020",2020-11-01,2,1440,LV,47.0,43.0,-4.44,8.15,12.59,Education,Wht no B.A.,Wht no B.A.,41.9,58.1,,,,5.01,,
OH-2020-President-Quinnipiac-Nov,Quinnipiac University Poll,Quinnipiac,2020-President-OH,2020,President,OH,"October 28-November 1, 2020",2020-11-01,2,1440,LV,47.0,43.0,-4.44,8.15,12.59,Gender,Men,Men,40.0,60.0,40.0,39.8,4.86,5.01,,
OH-2020-President-Quinnipiac-Nov,Quinnipiac University Poll,Quinnipiac,2020-President-OH,2020,President,OH,"October 28-November 1, 2020",2020-11-01,2,1440,LV,47.0,43.0,-4.44,8.15,12.59,Gender,Women,Women,63.3,36.7,63.3,51.5,4.86,5.01,,
OH-2020-President-Quinnipiac-Nov,Quinnipiac University Poll,Quinnipiac,2020-President-OH,2020,President,OH,"October 28-November 1, 2020",2020-11-01,2,1440,LV,47.0,43.0,-4.44,8.15,12.59,Race,Black,Black,89.3,10.7,89.3,91.9,5.15,5.01,,
OH-2020-President-Quinnipiac-Nov,Quinnipiac University Poll,Quinnipiac,2020-President-OH,2020,President,OH,"October 28-November 1, 2020",2020-11-01,2,1440,LV,47.0,43.0,-4.44,8.15,12.59,Race,White,White,48.4,51.6,48.4,39.4,5.15,5.01,,
OH-2020-President-Quinnipiac-Oct14,Quinnipiac University Poll,Quinnipiac,2020-President-OH,2020,President,OH,"October 8-12, 2020",2020-10-12,22,1160,LV,48.0,47.0,-1.05,8.15,9.2,Age,18-34,18-34,54.8,45.2,,,,1.05,,
OH-2020-President-Quinnipiac-Oct14,Quinnipiac University Poll,Quinnipiac,2020-President-OH,2020,President,OH,"October 8-12, 2020",2020-10-12,22,1160,LV,48.0,47.0,-1.05,8.15,9.2,Age,35-49,35-49,51.6,48.4,,,,1.05,,
OH-2020-President-Quinnipiac-Oct14,Quinnipiac University Poll,Quinnipiac,2020-President-OH,2020,President,OH,"October 8-12, 2020",2020-10-12,22,1160,LV,48.0,47.0,-1.05,8.15,9.2,Age,50-64,50-64,46.4,53.6,,,,1.05,,
OH-2020-President-Quinnipiac-Oct14,Quinnipiac University Poll,Quinnipiac,2020-President-OH,2020,President,OH,"October 8-12, 2020",2020-10-12,22,1160,LV,48.0,47.0,-1.05,8.15,9.2,Age,65+,65+,54.2,45.8,,,,1.05,,
OH-2020-President-Quinnipiac-Oct14,Quinnipiac University Poll,Quinnipiac,2020-President-OH,2020,President,OH,"October 8-12, 2020",2020-10-12,22,1160,LV,48.0,47.0,-1.05,8.15,9.2,Education,Wht B.A.+,Wht B.A.+,64.6,35.4,,,,1.05,,
OH-2020-President-Quinnipiac-Oct14,Quinnipiac University Poll,Quinnipiac,2020-President-OH,2020,President,OH,"October 8-12, 2020",2020-10-12,22,1160,LV,48.0,47.0,-1.05,8.15,9.2,Education,Wht no B.A.,Wht no B.A.,35.1,64.9,,,,1.05,,
OH-2020-President-Quinnipiac-Oct14,Quinnipiac University Poll,Quinnipiac,2020-President-OH,2020,President,OH,"October 8-12, 2020",2020-10-12,22,1160,LV,48.0,47.0,-1.05,8.15,9.2,Gender,Men,Men,43.0,57.0,43.0,39.8,0.71,1.05,,
OH-2020-President-Quinnipiac-Oct14,Quinnipiac University Poll,Quinnipiac,2020-President-OH,2020,President,OH,"October 8-12, 2020",2020-10-12,22,1160,LV,48.0,47.0,-1.05,8.15,9.2,Gender,Women,Women,57.3,42.7,57.3,51.5,0.71,1.05,,
OH-2020-President-Quinnipiac-Oct14,Quinnipiac University Poll,Quinnipiac,2020-President-OH,2020,President,OH,"October 8-12, 2020",2020-10-12,22,1160,LV,48.0,47.0,-1.05,8.15,9.2,Race,Black,Black,97.9,2.1,97.9,91.9,1.39,1.05,,
OH-2020-President-Quinnipiac-Oct14,Quinnipiac University Poll,Quinnipiac,2020-President-OH,2020,President,OH,"October 8-12, 2020",2020-10-12,22,1160,LV,48.0,47.0,-1.05,8.15,9.2,Race,White,White,44.8,55.2,44.8,39.4,1.39,1.05,,
OH-2020-President-Quinnipiac-Oct29,Quinnipiac University Poll,Quinnipiac,2020-President-OH,2020,President,OH,"October 23-27, 2020",2020-10-27,7,1186,LV,48.0,43.0,-5.49,8.15,13.64,Age,18-34,18-34,57.1,42.9,,,,3.38,,
OH-2020-President-Quinnipiac-Oct29,Quinnipiac University Poll,Quinnipiac,2020-President-OH,2020,President,OH,"October 23-27, 2020",2020-10-27,7,1186,LV,48.0,43.0,-5.49,8.15,13.64,Age,35-49,35-49,42.7,57.3,,,,3.38,,
OH-2020-President-Quinnipiac-Oct29,Quinnipiac University Poll,Quinnipiac,2020-President-OH,2020,President,OH,"October 23-27, 2020",2020-10-27,7,1186,LV,48.0,43.0,-5.49,8.15,13.64,Age,50-64,50-64,58.3,41.7,,,,3.38,,
OH-2020-President-Quinnipiac-Oct29,Quinnipiac University Poll,Quinnipiac,2020-President-OH,2020,President,OH,"October 23-27, 2020",2020-10-27,7,1186,LV,48.0,43.0,-5.49,8.15,13.64,Age,65+,65+,55.3,44.7,,,,3.38,,
OH-2020-President-Quinnipiac-Oct29,Quinnipiac University Poll,Quinnipiac,2020-President-OH,2020,President,OH,"October 23-27, 2020",2020-10-27,7,1186,LV,48.0,43.0,-5.49,8.15,13.64,Education,Wht B.A.+,Wht B.A.+,58.5,41.5,,,,3.38,,
OH-2020-President-Quinnipiac-Oct29,Quinnipiac University Poll,Quinnipiac,2020-President-OH,2020,President,OH,"October 23-27, 2020",2020-10-27,7,1186,LV,48.0,43.0,-5.49,8.15,13.64,Education,Wht no B.A.,Wht no B.A.,42.4,57.6,,,,3.38,,
OH-2020-President-Quinnipiac-Oct29,Quinnipiac University Poll,Quinnipiac,2020-President-OH,2020,President,OH,"October 23-27, 2020",2020-10-27,7,1186,LV,48.0,43.0,-5.49,8.15,13.64,Gender,Men,Men,43.5,56.5,43.5,39.8,2.27,3.38,,
OH-2020-President-Quinnipiac-Oct29,Quinnipiac University Poll,Quinnipiac,2020-President-OH,2020,President,OH,"October 23-27, 2020",2020-10-27,7,1186,LV,48.0,43.0,-5.49,8.15,13.64,Gender,Women,Women,61.8,38.2,61.8,51.5,2.27,3.38,,
OH-2020-President-Quinnipiac-Oct29,Quinnipiac University Poll,Quinnipiac,2020-President-OH,2020,President,OH,"October 23-27, 2020",2020-10-27,7,1186,LV,48.0,43.0,-5.49,8.15,13.64,Race,Black,Black,89.9,10.1,89.9,91.9,4.48,3.38,,
OH-2020-President-Quinnipiac-Oct29,Quinnipiac University Poll,Quinnipiac,2020-President-OH,2020,President,OH,"October 23-27, 2020",2020-10-27,7,1186,LV,48.0,43.0,-5.49,8.15,13.64,Race,White,White,47.3,52.7,47.3,39.4,4.48,3.38,,
OH-2020-President-Quinnipiac-Sep,Quinnipiac University Poll,Quinnipiac,2020-President-OH,2020,President,OH,"September 17-21, 2020",2020-09-21,43,1085,LV,48.0,47.0,-1.05,8.15,9.2,Age,18-34,18-34,49.5,50.5,,,,1.88,,
OH-2020-President-Quinnipiac-Sep,Quinnipiac University Poll,Quinnipiac,2020-President-OH,2020,President,OH,"September 17-21, 2020",2020-09-21,43,1085,LV,48.0,47.0,-1.05,8.15,9.2,Age,35-49,35-49,51.0,49.0,,,,1.88,,
OH-2020-President-Quinnipiac-Sep,Quinnipiac University Poll,Quinnipiac,2020-President-OH,2020,President,OH,"September 17-21, 2020",2020-09-21,43,1085,LV,48.0,47.0,-1.05,8.15,9.2,Age,50-64,50-64,48.5,51.5,,,,1.88,,
OH-2020-President-Quinnipiac-Sep,Quinnipiac University Poll,Quinnipiac,2020-President-OH,2020,President,OH,"September 17-21, 2020",2020-09-21,43,1085,LV,48.0,47.0,-1.05,8.15,9.2,Age,65+,65+,53.6,46.4,,,,1.88,,
OH-2020-President-Quinnipiac-Sep,Quinnipiac University Poll,Quinnipiac,2020-President-OH,2020,President,OH,"September 17-21, 2020",2020-09-21,43,1085,LV,48.0,47.0,-1.05,8.15,9.2,Education,Wht B.A.+,Wht B.A.+,56.8,43.2,,,,1.88,,
OH-2020-President-Quinnipiac-Sep,Quinnipiac University Poll,Quinnipiac,2020-President-OH,2020,President,OH,"September 17-21, 2020",2020-09-21,43,1085,LV,48.0,47.0,-1.05,8.15,9.2,Education,Wht no B.A.,Wht no B.A.,38.9,61.1,,,,1.88,,
OH-2020-President-Quinnipiac-Sep,Quinnipiac University Poll,Quinnipiac,2020-President-OH,2020,President,OH,"September 17-21, 2020",2020-09-21,43,1085,LV,48.0,47.0,-1.05,8.15,9.2,Gender,Men,Men,42.6,57.4,42.6,39.8,1.19,1.88,,
OH-2020-President-Quinnipiac-Sep,Quinnipiac University Poll,Quinnipiac,2020-President-OH,2020,President,OH,"September 17-21, 2020",2020-09-21,43,1085,LV,48.0,47.0,-1.05,8.15,9.2,Gender,Women,Women,57.9,42.1,57.9,51.5,1.19,1.88,,
OH-2020-President-Quinnipiac-Sep,Quinnipiac University Poll,Quinnipiac,2020-President-OH,2020,President,OH,"September 17-21, 2020",2020-09-21,43,1085,LV,48.0,47.0,-1.05,8.15,9.2,Race,Black,Black,93.8,6.2,93.8,91.9,2.57,1.88,,
OH-2020-President-Quinnipiac-Sep,Quinnipiac University Poll,Quinnipiac,2020-President-OH,2020,President,OH,"September 17-21, 2020",2020-09-21,43,1085,LV,48.0,47.0,-1.05,8.15,9.2,Race,White,White,45.3,54.7,45.3,39.4,2.57,1.88,,
OH-2022-Senate-BaldwinWallace,Baldwin Wallace University Community Research Institute (Ohio Pulse Poll 2; SurveyUSA),BaldwinWallace,2022-Senate-OH,2022,Senate,OH,"October 20-23, 2022",2022-10-23,16,1068,LV,52.2,47.8,-4.4,6.11,10.51,Age,18-49,18-49,53.8,46.2,,,,1.87,regional_univ,
OH-2022-Senate-BaldwinWallace,Baldwin Wallace University Community Research Institute (Ohio Pulse Poll 2; SurveyUSA),BaldwinWallace,2022-Senate-OH,2022,Senate,OH,"October 20-23, 2022",2022-10-23,16,1068,LV,52.2,47.8,-4.4,6.11,10.51,Age,50+,50+,51.0,49.0,,,,1.87,regional_univ,
OH-2022-Senate-BaldwinWallace,Baldwin Wallace University Community Research Institute (Ohio Pulse Poll 2; SurveyUSA),BaldwinWallace,2022-Senate-OH,2022,Senate,OH,"October 20-23, 2022",2022-10-23,16,1068,LV,52.2,47.8,-4.4,6.11,10.51,Education,B.A.+,B.A.+,61.1,38.9,61.1,52.3,0.05,1.87,regional_univ,
OH-2022-Senate-BaldwinWallace,Baldwin Wallace University Community Research Institute (Ohio Pulse Poll 2; SurveyUSA),BaldwinWallace,2022-Senate-OH,2022,Senate,OH,"October 20-23, 2022",2022-10-23,16,1068,LV,52.2,47.8,-4.4,6.11,10.51,Education,No B.A.,No B.A.,49.9,50.1,49.9,42.8,0.05,1.87,regional_univ,
OH-2022-Senate-BaldwinWallace,Baldwin Wallace University Community Research Institute (Ohio Pulse Poll 2; SurveyUSA),BaldwinWallace,2022-Senate-OH,2022,Senate,OH,"October 20-23, 2022",2022-10-23,16,1068,LV,52.2,47.8,-4.4,6.11,10.51,Gender,Men,Men,45.4,54.6,45.4,41.4,0.38,1.87,regional_univ,
OH-2022-Senate-BaldwinWallace,Baldwin Wallace University Community Research Institute (Ohio Pulse Poll 2; SurveyUSA),BaldwinWallace,2022-Senate-OH,2022,Senate,OH,"October 20-23, 2022",2022-10-23,16,1068,LV,52.2,47.8,-4.4,6.11,10.51,Gender,Women,Women,59.0,41.0,59.0,53.0,0.38,1.87,regional_univ,
OH-2022-Senate-BaldwinWallace,Baldwin Wallace University Community Research Institute (Ohio Pulse Poll 2; SurveyUSA),BaldwinWallace,2022-Senate-OH,2022,Senate,OH,"October 20-23, 2022",2022-10-23,16,1068,LV,52.2,47.8,-4.4,6.11,10.51,Race,Black,Black,83.5,16.5,83.5,86.9,5.19,1.87,regional_univ,
OH-2022-Senate-BaldwinWallace,Baldwin Wallace University Community Research Institute (Ohio Pulse Poll 2; SurveyUSA),BaldwinWallace,2022-Senate-OH,2022,Senate,OH,"October 20-23, 2022",2022-10-23,16,1068,LV,52.2,47.8,-4.4,6.11,10.51,Race,Other,Other,42.9,57.1,,,5.19,1.87,regional_univ,
OH-2022-Senate-BaldwinWallace,Baldwin Wallace University Community Research Institute (Ohio Pulse Poll 2; SurveyUSA),BaldwinWallace,2022-Senate-OH,2022,Senate,OH,"October 20-23, 2022",2022-10-23,16,1068,LV,52.2,47.8,-4.4,6.11,10.51,Race,White,White,48.9,51.1,48.9,40.4,5.19,1.87,regional_univ,
OH-2024-President-Emerson,Emerson College Polling / The Hill,Emerson,2024-President-OH,2024,President,OH,"October 30-November 2, 2024",2024-11-02,3,900,LV,42.0,54.0,12.5,11.31,1.19,Age,18-29,18-29,55.8,44.2,,,,2.9,,
OH-2024-President-Emerson,Emerson College Polling / The Hill,Emerson,2024-President-OH,2024,President,OH,"October 30-November 2, 2024",2024-11-02,3,900,LV,42.0,54.0,12.5,11.31,1.19,Age,30-39,30-39,52.6,47.4,,,,2.9,,
OH-2024-President-Emerson,Emerson College Polling / The Hill,Emerson,2024-President-OH,2024,President,OH,"October 30-November 2, 2024",2024-11-02,3,900,LV,42.0,54.0,12.5,11.31,1.19,Age,40-49,40-49,48.1,51.9,,,,2.9,,
OH-2024-President-Emerson,Emerson College Polling / The Hill,Emerson,2024-President-OH,2024,President,OH,"October 30-November 2, 2024",2024-11-02,3,900,LV,42.0,54.0,12.5,11.31,1.19,Age,50-59,50-59,37.7,62.3,,,,2.9,,
OH-2024-President-Emerson,Emerson College Polling / The Hill,Emerson,2024-President-OH,2024,President,OH,"October 30-November 2, 2024",2024-11-02,3,900,LV,42.0,54.0,12.5,11.31,1.19,Age,60-69,60-69,36.8,63.2,,,,2.9,,
OH-2024-President-Emerson,Emerson College Polling / The Hill,Emerson,2024-President-OH,2024,President,OH,"October 30-November 2, 2024",2024-11-02,3,900,LV,42.0,54.0,12.5,11.31,1.19,Age,70+,70+,38.1,61.9,,,,2.9,,
OH-2024-President-Emerson,Emerson College Polling / The Hill,Emerson,2024-President-OH,2024,President,OH,"October 30-November 2, 2024",2024-11-02,3,900,LV,42.0,54.0,12.5,11.31,1.19,Education,B.A.+,B.A.+,52.7,47.3,52.7,54.8,2.18,2.9,,
OH-2024-President-Emerson,Emerson College Polling / The Hill,Emerson,2024-President-OH,2024,President,OH,"October 30-November 2, 2024",2024-11-02,3,900,LV,42.0,54.0,12.5,11.31,1.19,Education,No B.A.,No B.A.,39.8,60.2,39.8,37.9,2.18,2.9,,
OH-2024-President-Emerson,Emerson College Polling / The Hill,Emerson,2024-President-OH,2024,President,OH,"October 30-November 2, 2024",2024-11-02,3,900,LV,42.0,54.0,12.5,11.31,1.19,Gender,Men,Men,38.2,61.8,38.2,39.4,0.81,2.9,,
OH-2024-President-Emerson,Emerson College Polling / The Hill,Emerson,2024-President-OH,2024,President,OH,"October 30-November 2, 2024",2024-11-02,3,900,LV,42.0,54.0,12.5,11.31,1.19,Gender,Women,Women,49.6,50.4,49.6,49.5,0.81,2.9,,
OH-2024-President-Emerson,Emerson College Polling / The Hill,Emerson,2024-President-OH,2024,President,OH,"October 30-November 2, 2024",2024-11-02,3,900,LV,42.0,54.0,12.5,11.31,1.19,Race,Black,Black,83.0,17.0,83.0,89.9,5.72,2.9,,
OH-2024-President-Emerson,Emerson College Polling / The Hill,Emerson,2024-President-OH,2024,President,OH,"October 30-November 2, 2024",2024-11-02,3,900,LV,42.0,54.0,12.5,11.31,1.19,Race,Hispanic,Hispanic,58.3,41.7,58.3,47.4,5.72,2.9,,
OH-2024-President-Emerson,Emerson College Polling / The Hill,Emerson,2024-President-OH,2024,President,OH,"October 30-November 2, 2024",2024-11-02,3,900,LV,42.0,54.0,12.5,11.31,1.19,Race,Other,Other,54.0,46.0,,,5.72,2.9,,
OH-2024-President-Emerson,Emerson College Polling / The Hill,Emerson,2024-President-OH,2024,President,OH,"October 30-November 2, 2024",2024-11-02,3,900,LV,42.0,54.0,12.5,11.31,1.19,Race,White,White,37.9,62.1,37.9,39.4,5.72,2.9,,
OH-2024-Senate-Emerson,Emerson College Polling / The Hill,Emerson,2024-Senate-OH,2024,Senate,OH,"October 30-November 2, 2024",2024-11-02,3,900,LV,45.0,48.0,3.23,3.75,0.52,Age,18-29,18-29,59.5,40.5,,,,1.56,,
OH-2024-Senate-Emerson,Emerson College Polling / The Hill,Emerson,2024-Senate-OH,2024,Senate,OH,"October 30-November 2, 2024",2024-11-02,3,900,LV,45.0,48.0,3.23,3.75,0.52,Age,30-39,30-39,54.5,45.5,,,,1.56,,
OH-2024-Senate-Emerson,Emerson College Polling / The Hill,Emerson,2024-Senate-OH,2024,Senate,OH,"October 30-November 2, 2024",2024-11-02,3,900,LV,45.0,48.0,3.23,3.75,0.52,Age,40-49,40-49,54.1,45.9,,,,1.56,,
OH-2024-Senate-Emerson,Emerson College Polling / The Hill,Emerson,2024-Senate-OH,2024,Senate,OH,"October 30-November 2, 2024",2024-11-02,3,900,LV,45.0,48.0,3.23,3.75,0.52,Age,50-59,50-59,41.3,58.7,,,,1.56,,
OH-2024-Senate-Emerson,Emerson College Polling / The Hill,Emerson,2024-Senate-OH,2024,Senate,OH,"October 30-November 2, 2024",2024-11-02,3,900,LV,45.0,48.0,3.23,3.75,0.52,Age,60-69,60-69,39.8,60.2,,,,1.56,,
OH-2024-Senate-Emerson,Emerson College Polling / The Hill,Emerson,2024-Senate-OH,2024,Senate,OH,"October 30-November 2, 2024",2024-11-02,3,900,LV,45.0,48.0,3.23,3.75,0.52,Age,70+,70+,41.4,58.6,,,,1.56,,
OH-2024-Senate-Emerson,Emerson College Polling / The Hill,Emerson,2024-Senate-OH,2024,Senate,OH,"October 30-November 2, 2024",2024-11-02,3,900,LV,45.0,48.0,3.23,3.75,0.52,Education,B.A.+,B.A.+,53.2,46.8,53.2,56.5,2.76,1.56,,
OH-2024-Senate-Emerson,Emerson College Polling / The Hill,Emerson,2024-Senate-OH,2024,Senate,OH,"October 30-November 2, 2024",2024-11-02,3,900,LV,45.0,48.0,3.23,3.75,0.52,Education,No B.A.,No B.A.,45.0,55.0,45.0,42.7,2.76,1.56,,
OH-2024-Senate-Emerson,Emerson College Polling / The Hill,Emerson,2024-Senate-OH,2024,Senate,OH,"October 30-November 2, 2024",2024-11-02,3,900,LV,45.0,48.0,3.23,3.75,0.52,Gender,Men,Men,42.0,58.0,42.0,42.7,0.4,1.56,,
OH-2024-Senate-Emerson,Emerson College Polling / The Hill,Emerson,2024-Senate-OH,2024,Senate,OH,"October 30-November 2, 2024",2024-11-02,3,900,LV,45.0,48.0,3.23,3.75,0.52,Gender,Women,Women,53.1,46.9,53.1,53.1,0.4,1.56,,
OH-2024-Senate-Emerson,Emerson College Polling / The Hill,Emerson,2024-Senate-OH,2024,Senate,OH,"October 30-November 2, 2024",2024-11-02,3,900,LV,45.0,48.0,3.23,3.75,0.52,Race,Black,Black,85.6,14.4,85.6,89.9,1.53,1.56,,
OH-2024-Senate-Emerson,Emerson College Polling / The Hill,Emerson,2024-Senate-OH,2024,Senate,OH,"October 30-November 2, 2024",2024-11-02,3,900,LV,45.0,48.0,3.23,3.75,0.52,Race,Hispanic,Hispanic,51.7,48.3,51.7,50.0,1.53,1.56,,
OH-2024-Senate-Emerson,Emerson College Polling / The Hill,Emerson,2024-Senate-OH,2024,Senate,OH,"October 30-November 2, 2024",2024-11-02,3,900,LV,45.0,48.0,3.23,3.75,0.52,Race,Other,Other,54.0,46.0,,,1.53,1.56,,
OH-2024-Senate-Emerson,Emerson College Polling / The Hill,Emerson,2024-Senate-OH,2024,Senate,OH,"October 30-November 2, 2024",2024-11-02,3,900,LV,45.0,48.0,3.23,3.75,0.52,Race,White,White,42.1,57.9,42.1,43.3,1.53,1.56,,
PA-2020-President-Monmouth-Sep,Monmouth University Polling Institute,Monmouth,2020-President-PA,2020,President,PA,"August 28-31, 2020",2020-08-31,64,400,RV,49.0,45.0,-4.26,-1.2,3.06,Age,18-49,18-49,55.1,44.9,,,,5.65,,
PA-2020-President-Monmouth-Sep,Monmouth University Polling Institute,Monmouth,2020-President-PA,2020,President,PA,"August 28-31, 2020",2020-08-31,64,400,RV,49.0,45.0,-4.26,-1.2,3.06,Age,50-64,50-64,45.5,54.5,,,,5.65,,
PA-2020-President-Monmouth-Sep,Monmouth University Polling Institute,Monmouth,2020-President-PA,2020,President,PA,"August 28-31, 2020",2020-08-31,64,400,RV,49.0,45.0,-4.26,-1.2,3.06,Age,65+,65+,55.8,44.2,,,,5.65,,
PA-2020-President-Monmouth-Sep,Monmouth University Polling Institute,Monmouth,2020-President-PA,2020,President,PA,"August 28-31, 2020",2020-08-31,64,400,RV,49.0,45.0,-4.26,-1.2,3.06,Education,Wht B.A.+,Wht B.A.+,59.2,40.8,,,,5.65,,
PA-2020-President-Monmouth-Sep,Monmouth University Polling Institute,Monmouth,2020-President-PA,2020,President,PA,"August 28-31, 2020",2020-08-31,64,400,RV,49.0,45.0,-4.26,-1.2,3.06,Education,Wht no B.A.,Wht no B.A.,38.0,62.0,,,,5.65,,
PA-2020-President-Monmouth-Sep,Monmouth University Polling Institute,Monmouth,2020-President-PA,2020,President,PA,"August 28-31, 2020",2020-08-31,64,400,RV,49.0,45.0,-4.26,-1.2,3.06,Gender,Men,Men,39.8,60.2,39.8,44.4,5.65,5.65,,
PA-2020-President-Monmouth-Sep,Monmouth University Polling Institute,Monmouth,2020-President-PA,2020,President,PA,"August 28-31, 2020",2020-08-31,64,400,RV,49.0,45.0,-4.26,-1.2,3.06,Gender,Women,Women,62.8,37.2,62.8,55.6,5.65,5.65,,
PA-2020-President-Quinnipiac-Oct07,Quinnipiac University Poll,Quinnipiac,2020-President-PA,2020,President,PA,"October 1-5, 2020",2020-10-05,29,1211,LV,54.0,41.0,-13.68,-1.2,12.48,Age,18-34,18-34,61.7,38.3,,,,2.81,,
PA-2020-President-Quinnipiac-Oct07,Quinnipiac University Poll,Quinnipiac,2020-President-PA,2020,President,PA,"October 1-5, 2020",2020-10-05,29,1211,LV,54.0,41.0,-13.68,-1.2,12.48,Age,35-49,35-49,62.1,37.9,,,,2.81,,
PA-2020-President-Quinnipiac-Oct07,Quinnipiac University Poll,Quinnipiac,2020-President-PA,2020,President,PA,"October 1-5, 2020",2020-10-05,29,1211,LV,54.0,41.0,-13.68,-1.2,12.48,Age,50-64,50-64,46.4,53.6,,,,2.81,,
PA-2020-President-Quinnipiac-Oct07,Quinnipiac University Poll,Quinnipiac,2020-President-PA,2020,President,PA,"October 1-5, 2020",2020-10-05,29,1211,LV,54.0,41.0,-13.68,-1.2,12.48,Age,65+,65+,59.8,40.2,,,,2.81,,
PA-2020-President-Quinnipiac-Oct07,Quinnipiac University Poll,Quinnipiac,2020-President-PA,2020,President,PA,"October 1-5, 2020",2020-10-05,29,1211,LV,54.0,41.0,-13.68,-1.2,12.48,Education,Wht B.A.+,Wht B.A.+,64.3,35.7,,,,2.81,,
PA-2020-President-Quinnipiac-Oct07,Quinnipiac University Poll,Quinnipiac,2020-President-PA,2020,President,PA,"October 1-5, 2020",2020-10-05,29,1211,LV,54.0,41.0,-13.68,-1.2,12.48,Education,Wht no B.A.,Wht no B.A.,45.8,54.2,,,,2.81,,
PA-2020-President-Quinnipiac-Oct07,Quinnipiac University Poll,Quinnipiac,2020-President-PA,2020,President,PA,"October 1-5, 2020",2020-10-05,29,1211,LV,54.0,41.0,-13.68,-1.2,12.48,Gender,Men,Men,46.8,53.2,46.8,44.4,2.81,2.81,,
PA-2020-President-Quinnipiac-Oct07,Quinnipiac University Poll,Quinnipiac,2020-President-PA,2020,President,PA,"October 1-5, 2020",2020-10-05,29,1211,LV,54.0,41.0,-13.68,-1.2,12.48,Gender,Women,Women,65.6,34.4,65.6,55.6,2.81,2.81,,
PA-2020-President-Quinnipiac-Oct29,Quinnipiac University Poll,Quinnipiac,2020-President-PA,2020,President,PA,"October 23-27, 2020",2020-10-27,7,1324,LV,51.0,44.0,-7.37,-1.2,6.17,Age,18-34,18-34,58.3,41.7,,,,1.33,,
PA-2020-President-Quinnipiac-Oct29,Quinnipiac University Poll,Quinnipiac,2020-President-PA,2020,President,PA,"October 23-27, 2020",2020-10-27,7,1324,LV,51.0,44.0,-7.37,-1.2,6.17,Age,35-49,35-49,48.9,51.1,,,,1.33,,
PA-2020-President-Quinnipiac-Oct29,Quinnipiac University Poll,Quinnipiac,2020-President-PA,2020,President,PA,"October 23-27, 2020",2020-10-27,7,1324,LV,51.0,44.0,-7.37,-1.2,6.17,Age,50-64,50-64,53.1,46.9,,,,1.33,,
PA-2020-President-Quinnipiac-Oct29,Quinnipiac University Poll,Quinnipiac,2020-President-PA,2020,President,PA,"October 23-27, 2020",2020-10-27,7,1324,LV,51.0,44.0,-7.37,-1.2,6.17,Age,65+,65+,55.1,44.9,,,,1.33,,
PA-2020-President-Quinnipiac-Oct29,Quinnipiac University Poll,Quinnipiac,2020-President-PA,2020,President,PA,"October 23-27, 2020",2020-10-27,7,1324,LV,51.0,44.0,-7.37,-1.2,6.17,Education,Wht B.A.+,Wht B.A.+,64.6,35.4,,,,1.33,,
PA-2020-President-Quinnipiac-Oct29,Quinnipiac University Poll,Quinnipiac,2020-President-PA,2020,President,PA,"October 23-27, 2020",2020-10-27,7,1324,LV,51.0,44.0,-7.37,-1.2,6.17,Education,Wht no B.A.,Wht no B.A.,41.2,58.8,,,,1.33,,
PA-2020-President-Quinnipiac-Oct29,Quinnipiac University Poll,Quinnipiac,2020-President-PA,2020,President,PA,"October 23-27, 2020",2020-10-27,7,1324,LV,51.0,44.0,-7.37,-1.2,6.17,Gender,Men,Men,46.3,53.7,46.3,44.4,1.33,1.33,,
PA-2020-President-Quinnipiac-Oct29,Quinnipiac University Poll,Quinnipiac,2020-President-PA,2020,President,PA,"October 23-27, 2020",2020-10-27,7,1324,LV,51.0,44.0,-7.37,-1.2,6.17,Gender,Women,Women,61.1,38.9,61.1,55.6,1.33,1.33,,
PA-2020-President-Quinnipiac-Sep,Quinnipiac University Poll,Quinnipiac,2020-President-PA,2020,President,PA,"August 28-September 1, 2020",2020-09-01,63,1107,LV,52.0,44.0,-8.33,-1.2,7.13,Age,18-34,18-34,66.3,33.7,,,,0.45,,
PA-2020-President-Quinnipiac-Sep,Quinnipiac University Poll,Quinnipiac,2020-President-PA,2020,President,PA,"August 28-September 1, 2020",2020-09-01,63,1107,LV,52.0,44.0,-8.33,-1.2,7.13,Age,35-49,35-49,50.0,50.0,,,,0.45,,
PA-2020-President-Quinnipiac-Sep,Quinnipiac University Poll,Quinnipiac,2020-President-PA,2020,President,PA,"August 28-September 1, 2020",2020-09-01,63,1107,LV,52.0,44.0,-8.33,-1.2,7.13,Age,50-64,50-64,47.9,52.1,,,,0.45,,
PA-2020-President-Quinnipiac-Sep,Quinnipiac University Poll,Quinnipiac,2020-President-PA,2020,President,PA,"August 28-September 1, 2020",2020-09-01,63,1107,LV,52.0,44.0,-8.33,-1.2,7.13,Age,65+,65+,57.0,43.0,,,,0.45,,
PA-2020-President-Quinnipiac-Sep,Quinnipiac University Poll,Quinnipiac,2020-President-PA,2020,President,PA,"August 28-September 1, 2020",2020-09-01,63,1107,LV,52.0,44.0,-8.33,-1.2,7.13,Education,Wht B.A.+,Wht B.A.+,63.5,36.5,,,,0.45,,
PA-2020-President-Quinnipiac-Sep,Quinnipiac University Poll,Quinnipiac,2020-President-PA,2020,President,PA,"August 28-September 1, 2020",2020-09-01,63,1107,LV,52.0,44.0,-8.33,-1.2,7.13,Education,Wht no B.A.,Wht no B.A.,42.3,57.7,,,,0.45,,
PA-2020-President-Quinnipiac-Sep,Quinnipiac University Poll,Quinnipiac,2020-President-PA,2020,President,PA,"August 28-September 1, 2020",2020-09-01,63,1107,LV,52.0,44.0,-8.33,-1.2,7.13,Gender,Men,Men,48.4,51.6,48.4,44.4,0.45,0.45,,
PA-2020-President-Quinnipiac-Sep,Quinnipiac University Poll,Quinnipiac,2020-President-PA,2020,President,PA,"August 28-September 1, 2020",2020-09-01,63,1107,LV,52.0,44.0,-8.33,-1.2,7.13,Gender,Women,Women,59.4,40.6,59.4,55.6,0.45,0.45,,
PA-2022-Governor-Emerson,Emerson College Polling / The Hill,Emerson,2022-Governor-PA,2022,Governor,PA,"October 28-31, 2022",2022-10-31,8,1000,LV,50.0,41.0,-9.89,-15.04,5.15,Age,18-34,18-34,67.5,32.5,,,,2.35,,
PA-2022-Governor-Emerson,Emerson College Polling / The Hill,Emerson,2022-Governor-PA,2022,Governor,PA,"October 28-31, 2022",2022-10-31,8,1000,LV,50.0,41.0,-9.89,-15.04,5.15,Age,35-49,35-49,56.5,43.5,,,,2.35,,
PA-2022-Governor-Emerson,Emerson College Polling / The Hill,Emerson,2022-Governor-PA,2022,Governor,PA,"October 28-31, 2022",2022-10-31,8,1000,LV,50.0,41.0,-9.89,-15.04,5.15,Age,50-64,50-64,50.8,49.2,,,,2.35,,
PA-2022-Governor-Emerson,Emerson College Polling / The Hill,Emerson,2022-Governor-PA,2022,Governor,PA,"October 28-31, 2022",2022-10-31,8,1000,LV,50.0,41.0,-9.89,-15.04,5.15,Age,65+,65+,51.3,48.7,,,,2.35,,
PA-2022-Governor-Emerson,Emerson College Polling / The Hill,Emerson,2022-Governor-PA,2022,Governor,PA,"October 28-31, 2022",2022-10-31,8,1000,LV,50.0,41.0,-9.89,-15.04,5.15,Education,B.A.+,B.A.+,60.2,39.8,60.2,64.7,2.11,2.35,,
PA-2022-Governor-Emerson,Emerson College Polling / The Hill,Emerson,2022-Governor-PA,2022,Governor,PA,"October 28-31, 2022",2022-10-31,8,1000,LV,50.0,41.0,-9.89,-15.04,5.15,Education,No B.A.,No B.A.,51.9,48.1,51.9,51.3,2.11,2.35,,
PA-2022-Governor-Emerson,Emerson College Polling / The Hill,Emerson,2022-Governor-PA,2022,Governor,PA,"October 28-31, 2022",2022-10-31,8,1000,LV,50.0,41.0,-9.89,-15.04,5.15,Gender,Men,Men,51.7,48.3,51.7,49.0,3.3,2.35,,
PA-2022-Governor-Emerson,Emerson College Polling / The Hill,Emerson,2022-Governor-PA,2022,Governor,PA,"October 28-31, 2022",2022-10-31,8,1000,LV,50.0,41.0,-9.89,-15.04,5.15,Gender,Women,Women,58.2,41.8,58.2,63.0,3.3,2.35,,
PA-2022-Governor-Emerson,Emerson College Polling / The Hill,Emerson,2022-Governor-PA,2022,Governor,PA,"October 28-31, 2022",2022-10-31,8,1000,LV,50.0,41.0,-9.89,-15.04,5.15,Race,Black,Black,88.6,11.4,88.6,92.0,1.65,2.35,,
PA-2022-Governor-Emerson,Emerson College Polling / The Hill,Emerson,2022-Governor-PA,2022,Governor,PA,"October 28-31, 2022",2022-10-31,8,1000,LV,50.0,41.0,-9.89,-15.04,5.15,Race,Hispanic,Hispanic,66.3,33.7,66.3,74.2,1.65,2.35,,
PA-2022-Governor-Emerson,Emerson College Polling / The Hill,Emerson,2022-Governor-PA,2022,Governor,PA,"October 28-31, 2022",2022-10-31,8,1000,LV,50.0,41.0,-9.89,-15.04,5.15,Race,White,White,49.0,51.0,49.0,51.0,1.65,2.35,,
PA-2022-Governor-F&M,Franklin & Marshall College Poll,F&M,2022-Governor-PA,2022,Governor,PA,"October 14-23, 2022",2022-10-23,16,620,RV,56.0,33.0,-25.84,-15.04,10.8,Age,35-54,35-54,59.8,40.2,,,,2.19,,
PA-2022-Governor-F&M,Franklin & Marshall College Poll,F&M,2022-Governor-PA,2022,Governor,PA,"October 14-23, 2022",2022-10-23,16,620,RV,56.0,33.0,-25.84,-15.04,10.8,Age,Over 55,Over 55,61.5,38.5,,,,2.19,,
PA-2022-Governor-F&M,Franklin & Marshall College Poll,F&M,2022-Governor-PA,2022,Governor,PA,"October 14-23, 2022",2022-10-23,16,620,RV,56.0,33.0,-25.84,-15.04,10.8,Age,Under 35,Under 35,80.7,19.3,,,,2.19,,
PA-2022-Governor-F&M,Franklin & Marshall College Poll,F&M,2022-Governor-PA,2022,Governor,PA,"October 14-23, 2022",2022-10-23,16,620,RV,56.0,33.0,-25.84,-15.04,10.8,Education,B.A.+,B.A.+,73.3,26.7,73.3,64.7,1.37,2.19,,
PA-2022-Governor-F&M,Franklin & Marshall College Poll,F&M,2022-Governor-PA,2022,Governor,PA,"October 14-23, 2022",2022-10-23,16,620,RV,56.0,33.0,-25.84,-15.04,10.8,Education,No B.A.,No B.A.,54.9,45.1,54.9,51.3,1.37,2.19,,
PA-2022-Governor-F&M,Franklin & Marshall College Poll,F&M,2022-Governor-PA,2022,Governor,PA,"October 14-23, 2022",2022-10-23,16,620,RV,56.0,33.0,-25.84,-15.04,10.8,Gender,Men,Men,50.6,49.4,50.6,49.0,3.0,2.19,,
PA-2022-Governor-F&M,Franklin & Marshall College Poll,F&M,2022-Governor-PA,2022,Governor,PA,"October 14-23, 2022",2022-10-23,16,620,RV,56.0,33.0,-25.84,-15.04,10.8,Gender,Women,Women,73.6,26.4,73.6,63.0,3.0,2.19,,
PA-2022-Governor-F&M,Franklin & Marshall College Poll,F&M,2022-Governor-PA,2022,Governor,PA,"October 14-23, 2022",2022-10-23,16,620,RV,56.0,33.0,-25.84,-15.04,10.8,Race,Nonwhite,Nonwhite,69.5,30.5,,,,2.19,,
PA-2022-Governor-F&M,Franklin & Marshall College Poll,F&M,2022-Governor-PA,2022,Governor,PA,"October 14-23, 2022",2022-10-23,16,620,RV,56.0,33.0,-25.84,-15.04,10.8,Race,White,White,62.2,37.8,,,,2.19,,
PA-2022-Senate-Emerson,Emerson College Polling / The Hill,Emerson,2022-Senate-PA,2022,Senate,PA,"October 28-31, 2022",2022-10-31,8,1000,LV,46.0,48.0,2.13,-5.04,7.17,Age,18-34,18-34,63.7,36.3,,,,2.07,,
PA-2022-Senate-Emerson,Emerson College Polling / The Hill,Emerson,2022-Senate-PA,2022,Senate,PA,"October 28-31, 2022",2022-10-31,8,1000,LV,46.0,48.0,2.13,-5.04,7.17,Age,35-49,35-49,51.0,49.0,,,,2.07,,
PA-2022-Senate-Emerson,Emerson College Polling / The Hill,Emerson,2022-Senate-PA,2022,Senate,PA,"October 28-31, 2022",2022-10-31,8,1000,LV,46.0,48.0,2.13,-5.04,7.17,Age,50-64,50-64,43.8,56.2,,,,2.07,,
PA-2022-Senate-Emerson,Emerson College Polling / The Hill,Emerson,2022-Senate-PA,2022,Senate,PA,"October 28-31, 2022",2022-10-31,8,1000,LV,46.0,48.0,2.13,-5.04,7.17,Age,65+,65+,44.5,55.5,,,,2.07,,
PA-2022-Senate-Emerson,Emerson College Polling / The Hill,Emerson,2022-Senate-PA,2022,Senate,PA,"October 28-31, 2022",2022-10-31,8,1000,LV,46.0,48.0,2.13,-5.04,7.17,Education,B.A.+,B.A.+,52.1,47.9,52.1,59.0,3.27,2.07,,
PA-2022-Senate-Emerson,Emerson College Polling / The Hill,Emerson,2022-Senate-PA,2022,Senate,PA,"October 28-31, 2022",2022-10-31,8,1000,LV,46.0,48.0,2.13,-5.04,7.17,Education,No B.A.,No B.A.,47.4,52.6,47.4,47.0,3.27,2.07,,
PA-2022-Senate-Emerson,Emerson College Polling / The Hill,Emerson,2022-Senate-PA,2022,Senate,PA,"October 28-31, 2022",2022-10-31,8,1000,LV,46.0,48.0,2.13,-5.04,7.17,Gender,Men,Men,44.6,55.4,44.6,44.9,2.09,2.07,,
PA-2022-Senate-Emerson,Emerson College Polling / The Hill,Emerson,2022-Senate-PA,2022,Senate,PA,"October 28-31, 2022",2022-10-31,8,1000,LV,46.0,48.0,2.13,-5.04,7.17,Gender,Women,Women,53.1,46.9,53.1,58.2,2.09,2.07,,
PA-2022-Senate-Emerson,Emerson College Polling / The Hill,Emerson,2022-Senate-PA,2022,Senate,PA,"October 28-31, 2022",2022-10-31,8,1000,LV,46.0,48.0,2.13,-5.04,7.17,Race,Black,Black,83.6,16.4,83.6,91.9,0.84,2.07,,
PA-2022-Senate-Emerson,Emerson College Polling / The Hill,Emerson,2022-Senate-PA,2022,Senate,PA,"October 28-31, 2022",2022-10-31,8,1000,LV,46.0,48.0,2.13,-5.04,7.17,Race,Hispanic,Hispanic,61.2,38.8,61.2,69.4,0.84,2.07,,
PA-2022-Senate-Emerson,Emerson College Polling / The Hill,Emerson,2022-Senate-PA,2022,Senate,PA,"October 28-31, 2022",2022-10-31,8,1000,LV,46.0,48.0,2.13,-5.04,7.17,Race,Other,Other,44.7,55.3,,,0.84,2.07,,
PA-2022-Senate-Emerson,Emerson College Polling / The Hill,Emerson,2022-Senate-PA,2022,Senate,PA,"October 28-31, 2022",2022-10-31,8,1000,LV,46.0,48.0,2.13,-5.04,7.17,Race,White,White,42.7,57.3,42.7,45.9,0.84,2.07,,
PA-2022-Senate-F&M,Franklin & Marshall College Poll,F&M,2022-Senate-PA,2022,Senate,PA,"October 14-23, 2022",2022-10-23,16,620,RV,48.0,43.0,-5.49,-5.04,0.45,Age,35-54,35-54,44.6,55.4,,,,2.85,,
PA-2022-Senate-F&M,Franklin & Marshall College Poll,F&M,2022-Senate-PA,2022,Senate,PA,"October 14-23, 2022",2022-10-23,16,620,RV,48.0,43.0,-5.49,-5.04,0.45,Age,Over 55,Over 55,51.1,48.9,,,,2.85,,
PA-2022-Senate-F&M,Franklin & Marshall College Poll,F&M,2022-Senate-PA,2022,Senate,PA,"October 14-23, 2022",2022-10-23,16,620,RV,48.0,43.0,-5.49,-5.04,0.45,Age,Under 35,Under 35,82.2,17.8,,,,2.85,,
PA-2022-Senate-F&M,Franklin & Marshall College Poll,F&M,2022-Senate-PA,2022,Senate,PA,"October 14-23, 2022",2022-10-23,16,620,RV,48.0,43.0,-5.49,-5.04,0.45,Education,B.A.+,B.A.+,62.9,37.1,62.9,59.0,2.93,2.85,,
PA-2022-Senate-F&M,Franklin & Marshall College Poll,F&M,2022-Senate-PA,2022,Senate,PA,"October 14-23, 2022",2022-10-23,16,620,RV,48.0,43.0,-5.49,-5.04,0.45,Education,No B.A.,No B.A.,44.5,55.5,44.5,47.0,2.93,2.85,,
PA-2022-Senate-F&M,Franklin & Marshall College Poll,F&M,2022-Senate-PA,2022,Senate,PA,"October 14-23, 2022",2022-10-23,16,620,RV,48.0,43.0,-5.49,-5.04,0.45,Gender,Men,Men,42.7,57.3,42.7,44.9,2.78,2.85,,
PA-2022-Senate-F&M,Franklin & Marshall College Poll,F&M,2022-Senate-PA,2022,Senate,PA,"October 14-23, 2022",2022-10-23,16,620,RV,48.0,43.0,-5.49,-5.04,0.45,Gender,Women,Women,62.0,38.0,62.0,58.2,2.78,2.85,,
PA-2022-Senate-F&M,Franklin & Marshall College Poll,F&M,2022-Senate-PA,2022,Senate,PA,"October 14-23, 2022",2022-10-23,16,620,RV,48.0,43.0,-5.49,-5.04,0.45,Race,Nonwhite,Nonwhite,63.2,36.8,,,,2.85,,
PA-2022-Senate-F&M,Franklin & Marshall College Poll,F&M,2022-Senate-PA,2022,Senate,PA,"October 14-23, 2022",2022-10-23,16,620,RV,48.0,43.0,-5.49,-5.04,0.45,Race,White,White,50.5,49.5,,,,2.85,,
PA-2022-Senate-NYTSiena-Oct,New York Times / Siena College,NYT/Siena,2022-Senate-PA,2022,Senate,PA,"October 24-26, 2022",2022-10-26,13,620,LV,49.0,44.0,-5.38,-5.04,0.34,Age,18-29,18-29,67.4,32.6,67.4,71.9,6.64,2.17,,
PA-2022-Senate-NYTSiena-Oct,New York Times / Siena College,NYT/Siena,2022-Senate-PA,2022,Senate,PA,"October 24-26, 2022",2022-10-26,13,620,LV,49.0,44.0,-5.38,-5.04,0.34,Age,30-44,30-44,60.6,39.4,60.6,56.6,6.64,2.17,,
PA-2022-Senate-NYTSiena-Oct,New York Times / Siena College,NYT/Siena,2022-Senate-PA,2022,Senate,PA,"October 24-26, 2022",2022-10-26,13,620,LV,49.0,44.0,-5.38,-5.04,0.34,Age,45-64,45-64,43.6,56.4,43.6,45.5,6.64,2.17,,
PA-2022-Senate-NYTSiena-Oct,New York Times / Siena College,NYT/Siena,2022-Senate-PA,2022,Senate,PA,"October 24-26, 2022",2022-10-26,13,620,LV,49.0,44.0,-5.38,-5.04,0.34,Age,65+,65+,53.3,46.7,53.3,46.5,6.64,2.17,,
PA-2022-Senate-NYTSiena-Oct,New York Times / Siena College,NYT/Siena,2022-Senate-PA,2022,Senate,PA,"October 24-26, 2022",2022-10-26,13,620,LV,49.0,44.0,-5.38,-5.04,0.34,Education,B.A.+,B.A.+,61.7,38.3,61.7,59.0,0.97,2.17,,
PA-2022-Senate-NYTSiena-Oct,New York Times / Siena College,NYT/Siena,2022-Senate-PA,2022,Senate,PA,"October 24-26, 2022",2022-10-26,13,620,LV,49.0,44.0,-5.38,-5.04,0.34,Education,No B.A.,No B.A.,47.3,52.7,47.3,47.0,0.97,2.17,,
PA-2022-Senate-NYTSiena-Oct,New York Times / Siena College,NYT/Siena,2022-Senate-PA,2022,Senate,PA,"October 24-26, 2022",2022-10-26,13,620,LV,49.0,44.0,-5.38,-5.04,0.34,Gender,Men,Men,45.7,54.3,45.7,44.9,0.04,2.17,,
PA-2022-Senate-NYTSiena-Oct,New York Times / Siena College,NYT/Siena,2022-Senate-PA,2022,Senate,PA,"October 24-26, 2022",2022-10-26,13,620,LV,49.0,44.0,-5.38,-5.04,0.34,Gender,Women,Women,59.1,40.9,59.1,58.2,0.04,2.17,,
PA-2022-Senate-NYTSiena-Oct,New York Times / Siena College,NYT/Siena,2022-Senate-PA,2022,Senate,PA,"October 24-26, 2022",2022-10-26,13,620,LV,49.0,44.0,-5.38,-5.04,0.34,Race,Black,Black,93.5,6.5,93.5,91.9,1.03,2.17,,
PA-2022-Senate-NYTSiena-Oct,New York Times / Siena College,NYT/Siena,2022-Senate-PA,2022,Senate,PA,"October 24-26, 2022",2022-10-26,13,620,LV,49.0,44.0,-5.38,-5.04,0.34,Race,Other,Other,62.5,37.5,,,1.03,2.17,,
PA-2022-Senate-NYTSiena-Oct,New York Times / Siena College,NYT/Siena,2022-Senate-PA,2022,Senate,PA,"October 24-26, 2022",2022-10-26,13,620,LV,49.0,44.0,-5.38,-5.04,0.34,Race,White,White,48.9,51.1,48.9,45.9,1.03,2.17,,
PA-2022-Senate-Suffolk,Suffolk University / USA TODAY Network,Suffolk,2022-Senate-PA,2022,Senate,PA,"October 27-30, 2022",2022-10-30,9,500,LV,51.0,49.0,-2.0,-5.04,3.04,Age,18-34,18-34,60.9,39.1,,,,1.64,midsize,
PA-2022-Senate-Suffolk,Suffolk University / USA TODAY Network,Suffolk,2022-Senate-PA,2022,Senate,PA,"October 27-30, 2022",2022-10-30,9,500,LV,51.0,49.0,-2.0,-5.04,3.04,Age,35-44,35-44,50.8,49.2,,,,1.64,midsize,
PA-2022-Senate-Suffolk,Suffolk University / USA TODAY Network,Suffolk,2022-Senate-PA,2022,Senate,PA,"October 27-30, 2022",2022-10-30,9,500,LV,51.0,49.0,-2.0,-5.04,3.04,Age,45-54,45-54,51.1,48.9,,,,1.64,midsize,
PA-2022-Senate-Suffolk,Suffolk University / USA TODAY Network,Suffolk,2022-Senate-PA,2022,Senate,PA,"October 27-30, 2022",2022-10-30,9,500,LV,51.0,49.0,-2.0,-5.04,3.04,Age,55-64,55-64,41.8,58.2,,,,1.64,midsize,
PA-2022-Senate-Suffolk,Suffolk University / USA TODAY Network,Suffolk,2022-Senate-PA,2022,Senate,PA,"October 27-30, 2022",2022-10-30,9,500,LV,51.0,49.0,-2.0,-5.04,3.04,Age,65+,65+,50.0,50.0,,,,1.64,midsize,
PA-2022-Senate-Suffolk,Suffolk University / USA TODAY Network,Suffolk,2022-Senate-PA,2022,Senate,PA,"October 27-30, 2022",2022-10-30,9,500,LV,51.0,49.0,-2.0,-5.04,3.04,Gender,Men,Men,41.4,58.6,41.4,44.9,2.57,1.64,midsize,
PA-2022-Senate-Suffolk,Suffolk University / USA TODAY Network,Suffolk,2022-Senate-PA,2022,Senate,PA,"October 27-30, 2022",2022-10-30,9,500,LV,51.0,49.0,-2.0,-5.04,3.04,Gender,Women,Women,59.6,40.4,59.6,58.2,2.57,1.64,midsize,
PA-2022-Senate-Suffolk,Suffolk University / USA TODAY Network,Suffolk,2022-Senate-PA,2022,Senate,PA,"October 27-30, 2022",2022-10-30,9,500,LV,51.0,49.0,-2.0,-5.04,3.04,Race,Black,Black,89.8,10.2,89.8,91.9,0.71,1.64,midsize,
PA-2022-Senate-Suffolk,Suffolk University / USA TODAY Network,Suffolk,2022-Senate-PA,2022,Senate,PA,"October 27-30, 2022",2022-10-30,9,500,LV,51.0,49.0,-2.0,-5.04,3.04,Race,Other,Other,47.1,52.9,,,0.71,1.64,midsize,
PA-2022-Senate-Suffolk,Suffolk University / USA TODAY Network,Suffolk,2022-Senate-PA,2022,Senate,PA,"October 27-30, 2022",2022-10-30,9,500,LV,51.0,49.0,-2.0,-5.04,3.04,Race,White,White,46.3,53.7,46.3,45.9,0.71,1.64,midsize,
PA-2024-President-DataForProgress,Data for Progress,DfP,2024-President-PA,2024,President,PA,"October 25-31, 2024",2024-10-31,5,908,LV,51.0,49.0,-2.0,1.73,3.73,Age,45+,45+,42.9,57.1,,,,4.57,midsize,
PA-2024-President-DataForProgress,Data for Progress,DfP,2024-President-PA,2024,President,PA,"October 25-31, 2024",2024-10-31,5,908,LV,51.0,49.0,-2.0,1.73,3.73,Age,Under 45,Under 45,64.3,35.7,,,,4.57,midsize,
PA-2024-President-DataForProgress,Data for Progress,DfP,2024-President-PA,2024,President,PA,"October 25-31, 2024",2024-10-31,5,908,LV,51.0,49.0,-2.0,1.73,3.73,Education,B.A.+,B.A.+,59.2,40.8,59.2,60.4,3.2,4.57,midsize,
PA-2024-President-DataForProgress,Data for Progress,DfP,2024-President-PA,2024,President,PA,"October 25-31, 2024",2024-10-31,5,908,LV,51.0,49.0,-2.0,1.73,3.73,Education,No B.A.,No B.A.,46.5,53.5,46.5,41.6,3.2,4.57,midsize,
PA-2024-President-DataForProgress,Data for Progress,DfP,2024-President-PA,2024,President,PA,"October 25-31, 2024",2024-10-31,5,908,LV,51.0,49.0,-2.0,1.73,3.73,Gender,Men,Men,47.4,52.6,47.4,41.4,4.46,4.57,midsize,
PA-2024-President-DataForProgress,Data for Progress,DfP,2024-President-PA,2024,President,PA,"October 25-31, 2024",2024-10-31,5,908,LV,51.0,49.0,-2.0,1.73,3.73,Gender,Women,Women,53.5,46.5,53.5,56.0,4.46,4.57,midsize,
PA-2024-President-DataForProgress,Data for Progress,DfP,2024-President-PA,2024,President,PA,"October 25-31, 2024",2024-10-31,5,908,LV,51.0,49.0,-2.0,1.73,3.73,Race,Black,Black,82.7,17.3,82.7,89.9,6.06,4.57,midsize,
PA-2024-President-DataForProgress,Data for Progress,DfP,2024-President-PA,2024,President,PA,"October 25-31, 2024",2024-10-31,5,908,LV,51.0,49.0,-2.0,1.73,3.73,Race,Hispanic,Hispanic,65.0,35.0,65.0,59.0,6.06,4.57,midsize,
PA-2024-President-DataForProgress,Data for Progress,DfP,2024-President-PA,2024,President,PA,"October 25-31, 2024",2024-10-31,5,908,LV,51.0,49.0,-2.0,1.73,3.73,Race,White,White,48.0,52.0,48.0,44.0,6.06,4.57,midsize,
PA-2024-President-F&M,Franklin & Marshall College Poll,F&M,2024-President-PA,2024,President,PA,"October 9-20, 2024",2024-10-20,16,794,RV,48.0,44.0,-4.35,1.73,6.08,Age,35-54,35-54,51.1,48.9,,,,2.23,,
PA-2024-President-F&M,Franklin & Marshall College Poll,F&M,2024-President-PA,2024,President,PA,"October 9-20, 2024",2024-10-20,16,794,RV,48.0,44.0,-4.35,1.73,6.08,Age,Over 55,Over 55,45.4,54.6,,,,2.23,,
PA-2024-President-F&M,Franklin & Marshall College Poll,F&M,2024-President-PA,2024,President,PA,"October 9-20, 2024",2024-10-20,16,794,RV,48.0,44.0,-4.35,1.73,6.08,Age,Under 35,Under 35,70.8,29.2,,,,2.23,,
PA-2024-President-F&M,Franklin & Marshall College Poll,F&M,2024-President-PA,2024,President,PA,"October 9-20, 2024",2024-10-20,16,794,RV,48.0,44.0,-4.35,1.73,6.08,Education,B.A.+,B.A.+,65.6,34.4,65.6,60.4,1.59,2.23,,
PA-2024-President-F&M,Franklin & Marshall College Poll,F&M,2024-President-PA,2024,President,PA,"October 9-20, 2024",2024-10-20,16,794,RV,48.0,44.0,-4.35,1.73,6.08,Education,No B.A.,No B.A.,42.3,57.7,42.3,41.6,1.59,2.23,,
PA-2024-President-F&M,Franklin & Marshall College Poll,F&M,2024-President-PA,2024,President,PA,"October 9-20, 2024",2024-10-20,16,794,RV,48.0,44.0,-4.35,1.73,6.08,Gender,Men,Men,46.7,53.3,46.7,41.4,2.87,2.23,,
PA-2024-President-F&M,Franklin & Marshall College Poll,F&M,2024-President-PA,2024,President,PA,"October 9-20, 2024",2024-10-20,16,794,RV,48.0,44.0,-4.35,1.73,6.08,Gender,Women,Women,56.2,43.8,56.2,56.0,2.87,2.23,,
PA-2024-President-F&M,Franklin & Marshall College Poll,F&M,2024-President-PA,2024,President,PA,"October 9-20, 2024",2024-10-20,16,794,RV,48.0,44.0,-4.35,1.73,6.08,Race,Nonwhite,Nonwhite,56.4,43.6,,,,2.23,,
PA-2024-President-F&M,Franklin & Marshall College Poll,F&M,2024-President-PA,2024,President,PA,"October 9-20, 2024",2024-10-20,16,794,RV,48.0,44.0,-4.35,1.73,6.08,Race,White,White,51.1,48.9,,,,2.23,,
PA-2024-President-Fox,Fox News / Beacon Research (D) & Shaw & Company Research (R),Fox News,2024-President-PA,2024,President,PA,"October 24-28, 2024",2024-10-28,8,1057,LV,48.0,48.0,0.0,1.73,1.73,Age,45+,45+,48.5,51.5,,,,4.99,,
PA-2024-President-Fox,Fox News / Beacon Research (D) & Shaw & Company Research (R),Fox News,2024-President-PA,2024,President,PA,"October 24-28, 2024",2024-10-28,8,1057,LV,48.0,48.0,0.0,1.73,1.73,Age,65+,65+,52.6,47.4,,,,4.99,,
PA-2024-President-Fox,Fox News / Beacon Research (D) & Shaw & Company Research (R),Fox News,2024-President-PA,2024,President,PA,"October 24-28, 2024",2024-10-28,8,1057,LV,48.0,48.0,0.0,1.73,1.73,Age,Under 35,Under 35,60.0,40.0,,,,4.99,,
PA-2024-President-Fox,Fox News / Beacon Research (D) & Shaw & Company Research (R),Fox News,2024-President-PA,2024,President,PA,"October 24-28, 2024",2024-10-28,8,1057,LV,48.0,48.0,0.0,1.73,1.73,Age,Under 45,Under 45,54.8,45.2,,,,4.99,,
PA-2024-President-Fox,Fox News / Beacon Research (D) & Shaw & Company Research (R),Fox News,2024-President-PA,2024,President,PA,"October 24-28, 2024",2024-10-28,8,1057,LV,48.0,48.0,0.0,1.73,1.73,Education,B.A.+,B.A.+,55.7,44.3,55.7,60.4,4.6,4.99,,
PA-2024-President-Fox,Fox News / Beacon Research (D) & Shaw & Company Research (R),Fox News,2024-President-PA,2024,President,PA,"October 24-28, 2024",2024-10-28,8,1057,LV,48.0,48.0,0.0,1.73,1.73,Education,No B.A.,No B.A.,46.3,53.7,46.3,41.6,4.6,4.99,,
PA-2024-President-Fox,Fox News / Beacon Research (D) & Shaw & Company Research (R),Fox News,2024-President-PA,2024,President,PA,"October 24-28, 2024",2024-10-28,8,1057,LV,48.0,48.0,0.0,1.73,1.73,Gender,Men,Men,47.9,52.1,47.9,41.4,5.39,4.99,,
PA-2024-President-Fox,Fox News / Beacon Research (D) & Shaw & Company Research (R),Fox News,2024-President-PA,2024,President,PA,"October 24-28, 2024",2024-10-28,8,1057,LV,48.0,48.0,0.0,1.73,1.73,Gender,Women,Women,52.1,47.9,52.1,56.0,5.39,4.99,,
PA-2024-President-Fox,Fox News / Beacon Research (D) & Shaw & Company Research (R),Fox News,2024-President-PA,2024,President,PA,"October 24-28, 2024",2024-10-28,8,1057,LV,48.0,48.0,0.0,1.73,1.73,Race,Other,Other,73.1,26.9,,,,4.99,,
PA-2024-President-Fox,Fox News / Beacon Research (D) & Shaw & Company Research (R),Fox News,2024-President-PA,2024,President,PA,"October 24-28, 2024",2024-10-28,8,1057,LV,48.0,48.0,0.0,1.73,1.73,Race,White,White,48.5,51.5,,,,4.99,,
PA-2024-President-InsiderAdvantage,InsiderAdvantage,InsiderAdvantage,2024-President-PA,2024,President,PA,"November 1-2, 2024",2024-11-02,3,800,LV,49.5,50.5,1.0,1.73,0.73,Age,18-39,18-39,55.7,44.3,,,,2.87,trafalgar_is,
PA-2024-President-InsiderAdvantage,InsiderAdvantage,InsiderAdvantage,2024-President-PA,2024,President,PA,"November 1-2, 2024",2024-11-02,3,800,LV,49.5,50.5,1.0,1.73,0.73,Age,40-64,40-64,45.5,54.5,,,,2.87,trafalgar_is,
PA-2024-President-InsiderAdvantage,InsiderAdvantage,InsiderAdvantage,2024-President-PA,2024,President,PA,"November 1-2, 2024",2024-11-02,3,800,LV,49.5,50.5,1.0,1.73,0.73,Age,65 or over,65 or over,51.8,48.2,,,,2.87,trafalgar_is,
PA-2024-President-InsiderAdvantage,InsiderAdvantage,InsiderAdvantage,2024-President-PA,2024,President,PA,"November 1-2, 2024",2024-11-02,3,800,LV,49.5,50.5,1.0,1.73,0.73,Gender,Men,Men,41.8,58.2,41.8,41.4,0.03,2.87,trafalgar_is,
PA-2024-President-InsiderAdvantage,InsiderAdvantage,InsiderAdvantage,2024-President-PA,2024,President,PA,"November 1-2, 2024",2024-11-02,3,800,LV,49.5,50.5,1.0,1.73,0.73,Gender,Women,Women,56.6,43.4,56.6,56.0,0.03,2.87,trafalgar_is,
PA-2024-President-InsiderAdvantage,InsiderAdvantage,InsiderAdvantage,2024-President-PA,2024,President,PA,"November 1-2, 2024",2024-11-02,3,800,LV,49.5,50.5,1.0,1.73,0.73,Race,Black,Black,78.6,21.4,78.6,89.9,5.7,2.87,trafalgar_is,
PA-2024-President-InsiderAdvantage,InsiderAdvantage,InsiderAdvantage,2024-President-PA,2024,President,PA,"November 1-2, 2024",2024-11-02,3,800,LV,49.5,50.5,1.0,1.73,0.73,Race,Hispanic,Hispanic,49.7,50.3,49.7,59.0,5.7,2.87,trafalgar_is,
PA-2024-President-InsiderAdvantage,InsiderAdvantage,InsiderAdvantage,2024-President-PA,2024,President,PA,"November 1-2, 2024",2024-11-02,3,800,LV,49.5,50.5,1.0,1.73,0.73,Race,Other,Other,40.1,59.9,,,5.7,2.87,trafalgar_is,
PA-2024-President-InsiderAdvantage,InsiderAdvantage,InsiderAdvantage,2024-President-PA,2024,President,PA,"November 1-2, 2024",2024-11-02,3,800,LV,49.5,50.5,1.0,1.73,0.73,Race,White,White,46.9,53.1,46.9,44.0,5.7,2.87,trafalgar_is,
PA-2024-President-Muhlenberg,Muhlenberg College Institute of Public Opinion / The Morning Call,Muhlenberg,2024-President-PA,2024,President,PA,"October 27-30, 2024",2024-10-30,6,460,LV,51.0,49.0,-2.0,1.73,3.73,Age,18-29,18-29,60.0,40.0,,,,1.35,ras_pa,
PA-2024-President-Muhlenberg,Muhlenberg College Institute of Public Opinion / The Morning Call,Muhlenberg,2024-President-PA,2024,President,PA,"October 27-30, 2024",2024-10-30,6,460,LV,51.0,49.0,-2.0,1.73,3.73,Age,30-49,30-49,56.8,43.2,,,,1.35,ras_pa,
PA-2024-President-Muhlenberg,Muhlenberg College Institute of Public Opinion / The Morning Call,Muhlenberg,2024-President-PA,2024,President,PA,"October 27-30, 2024",2024-10-30,6,460,LV,51.0,49.0,-2.0,1.73,3.73,Age,50-65,50-65,42.6,57.4,,,,1.35,ras_pa,
PA-2024-President-Muhlenberg,Muhlenberg College Institute of Public Opinion / The Morning Call,Muhlenberg,2024-President-PA,2024,President,PA,"October 27-30, 2024",2024-10-30,6,460,LV,51.0,49.0,-2.0,1.73,3.73,Age,Over 65,Over 65,49.0,51.0,,,,1.35,ras_pa,
PA-2024-President-Muhlenberg,Muhlenberg College Institute of Public Opinion / The Morning Call,Muhlenberg,2024-President-PA,2024,President,PA,"October 27-30, 2024",2024-10-30,6,460,LV,51.0,49.0,-2.0,1.73,3.73,Education,B.A.+,B.A.+,63.2,36.8,63.2,60.4,0.14,1.35,ras_pa,
PA-2024-President-Muhlenberg,Muhlenberg College Institute of Public Opinion / The Morning Call,Muhlenberg,2024-President-PA,2024,President,PA,"October 27-30, 2024",2024-10-30,6,460,LV,51.0,49.0,-2.0,1.73,3.73,Education,No B.A.,No B.A.,43.8,56.2,43.8,41.6,0.14,1.35,ras_pa,
PA-2024-President-Muhlenberg,Muhlenberg College Institute of Public Opinion / The Morning Call,Muhlenberg,2024-President-PA,2024,President,PA,"October 27-30, 2024",2024-10-30,6,460,LV,51.0,49.0,-2.0,1.73,3.73,Gender,Men,Men,45.3,54.7,45.3,41.4,2.56,1.35,ras_pa,
PA-2024-President-Muhlenberg,Muhlenberg College Institute of Public Opinion / The Morning Call,Muhlenberg,2024-President-PA,2024,President,PA,"October 27-30, 2024",2024-10-30,6,460,LV,51.0,49.0,-2.0,1.73,3.73,Gender,Women,Women,55.2,44.8,55.2,56.0,2.56,1.35,ras_pa,
PA-2024-President-Muhlenberg,Muhlenberg College Institute of Public Opinion / The Morning Call,Muhlenberg,2024-President-PA,2024,President,PA,"October 27-30, 2024",2024-10-30,6,460,LV,51.0,49.0,-2.0,1.73,3.73,Race,Nonwhite,Nonwhite,71.0,29.0,,,,1.35,ras_pa,
PA-2024-President-Muhlenberg,Muhlenberg College Institute of Public Opinion / The Morning Call,Muhlenberg,2024-President-PA,2024,President,PA,"October 27-30, 2024",2024-10-30,6,460,LV,51.0,49.0,-2.0,1.73,3.73,Race,White,White,44.3,55.7,,,,1.35,ras_pa,
PA-2024-President-NYTSiena-earlyOct,New York Times / Siena College,NYT/Siena,2024-President-PA,2024,President,PA,"October 7-10, 2024",2024-10-10,26,857,LV,50.0,47.0,-3.09,1.73,4.82,Age,18-29,18-29,52.6,47.4,52.6,55.3,5.19,2.96,,
PA-2024-President-NYTSiena-earlyOct,New York Times / Siena College,NYT/Siena,2024-President-PA,2024,President,PA,"October 7-10, 2024",2024-10-10,26,857,LV,50.0,47.0,-3.09,1.73,4.82,Age,30-44,30-44,56.8,43.2,56.8,50.8,5.19,2.96,,
PA-2024-President-NYTSiena-earlyOct,New York Times / Siena College,NYT/Siena,2024-President-PA,2024,President,PA,"October 7-10, 2024",2024-10-10,26,857,LV,50.0,47.0,-3.09,1.73,4.82,Age,45-64,45-64,48.5,51.5,48.5,45.5,5.19,2.96,,
PA-2024-President-NYTSiena-earlyOct,New York Times / Siena College,NYT/Siena,2024-President-PA,2024,President,PA,"October 7-10, 2024",2024-10-10,26,857,LV,50.0,47.0,-3.09,1.73,4.82,Age,65+,65+,53.1,46.9,53.1,48.0,5.19,2.96,,
PA-2024-President-NYTSiena-earlyOct,New York Times / Siena College,NYT/Siena,2024-President-PA,2024,President,PA,"October 7-10, 2024",2024-10-10,26,857,LV,50.0,47.0,-3.09,1.73,4.82,Education,B.A.+,B.A.+,60.8,39.2,60.8,60.4,2.49,2.96,,
PA-2024-President-NYTSiena-earlyOct,New York Times / Siena College,NYT/Siena,2024-President-PA,2024,President,PA,"October 7-10, 2024",2024-10-10,26,857,LV,50.0,47.0,-3.09,1.73,4.82,Education,No B.A.,No B.A.,46.4,53.6,46.4,41.6,2.49,2.96,,
PA-2024-President-NYTSiena-earlyOct,New York Times / Siena College,NYT/Siena,2024-President-PA,2024,President,PA,"October 7-10, 2024",2024-10-10,26,857,LV,50.0,47.0,-3.09,1.73,4.82,Gender,Men,Men,43.3,56.7,43.3,41.4,0.27,2.96,,
PA-2024-President-NYTSiena-earlyOct,New York Times / Siena College,NYT/Siena,2024-President-PA,2024,President,PA,"October 7-10, 2024",2024-10-10,26,857,LV,50.0,47.0,-3.09,1.73,4.82,Gender,Women,Women,59.2,40.8,59.2,56.0,0.27,2.96,,
PA-2024-President-NYTSiena-earlyOct,New York Times / Siena College,NYT/Siena,2024-President-PA,2024,President,PA,"October 7-10, 2024",2024-10-10,26,857,LV,50.0,47.0,-3.09,1.73,4.82,Race,Black,Black,83.5,16.5,83.5,89.9,3.88,2.96,,
PA-2024-President-NYTSiena-earlyOct,New York Times / Siena College,NYT/Siena,2024-President-PA,2024,President,PA,"October 7-10, 2024",2024-10-10,26,857,LV,50.0,47.0,-3.09,1.73,4.82,Race,Other,Other,56.8,43.2,,,3.88,2.96,,
PA-2024-President-NYTSiena-earlyOct,New York Times / Siena College,NYT/Siena,2024-President-PA,2024,President,PA,"October 7-10, 2024",2024-10-10,26,857,LV,50.0,47.0,-3.09,1.73,4.82,Race,White,White,48.5,51.5,48.5,44.0,3.88,2.96,,
PA-2024-President-NYTSiena-lateOct,New York Times / Siena College,NYT/Siena,2024-President-PA,2024,President,PA,"October 29 - November 2, 2024",2024-11-02,3,1527,LV,48.0,48.0,0.0,1.73,1.73,Age,18-29,18-29,52.6,47.4,52.6,55.3,5.85,3.47,,
PA-2024-President-NYTSiena-lateOct,New York Times / Siena College,NYT/Siena,2024-President-PA,2024,President,PA,"October 29 - November 2, 2024",2024-11-02,3,1527,LV,48.0,48.0,0.0,1.73,1.73,Age,30-44,30-44,48.0,52.0,48.0,50.8,5.85,3.47,,
PA-2024-President-NYTSiena-lateOct,New York Times / Siena College,NYT/Siena,2024-President-PA,2024,President,PA,"October 29 - November 2, 2024",2024-11-02,3,1527,LV,48.0,48.0,0.0,1.73,1.73,Age,45-64,45-64,49.0,51.0,49.0,45.5,5.85,3.47,,
PA-2024-President-NYTSiena-lateOct,New York Times / Siena College,NYT/Siena,2024-President-PA,2024,President,PA,"October 29 - November 2, 2024",2024-11-02,3,1527,LV,48.0,48.0,0.0,1.73,1.73,Age,65+,65+,51.0,49.0,51.0,48.0,5.85,3.47,,
PA-2024-President-NYTSiena-lateOct,New York Times / Siena College,NYT/Siena,2024-President-PA,2024,President,PA,"October 29 - November 2, 2024",2024-11-02,3,1527,LV,48.0,48.0,0.0,1.73,1.73,Education,B.A.+,B.A.+,66.0,34.0,66.0,60.4,3.06,3.47,,
PA-2024-President-NYTSiena-lateOct,New York Times / Siena College,NYT/Siena,2024-President-PA,2024,President,PA,"October 29 - November 2, 2024",2024-11-02,3,1527,LV,48.0,48.0,0.0,1.73,1.73,Education,No B.A.,No B.A.,40.0,60.0,40.0,41.6,3.06,3.47,,
PA-2024-President-NYTSiena-lateOct,New York Times / Siena College,NYT/Siena,2024-President-PA,2024,President,PA,"October 29 - November 2, 2024",2024-11-02,3,1527,LV,48.0,48.0,0.0,1.73,1.73,Gender,Men,Men,44.8,55.2,44.8,41.4,2.56,3.47,,
PA-2024-President-NYTSiena-lateOct,New York Times / Siena College,NYT/Siena,2024-President-PA,2024,President,PA,"October 29 - November 2, 2024",2024-11-02,3,1527,LV,48.0,48.0,0.0,1.73,1.73,Gender,Women,Women,54.6,45.4,54.6,56.0,2.56,3.47,,
PA-2024-President-NYTSiena-lateOct,New York Times / Siena College,NYT/Siena,2024-President-PA,2024,President,PA,"October 29 - November 2, 2024",2024-11-02,3,1527,LV,48.0,48.0,0.0,1.73,1.73,Race,Black,Black,83.3,16.7,83.3,89.9,2.42,3.47,,
PA-2024-President-NYTSiena-lateOct,New York Times / Siena College,NYT/Siena,2024-President-PA,2024,President,PA,"October 29 - November 2, 2024",2024-11-02,3,1527,LV,48.0,48.0,0.0,1.73,1.73,Race,Other,Other,62.0,38.0,,,2.42,3.47,,
PA-2024-President-NYTSiena-lateOct,New York Times / Siena College,NYT/Siena,2024-President-PA,2024,President,PA,"October 29 - November 2, 2024",2024-11-02,3,1527,LV,48.0,48.0,0.0,1.73,1.73,Race,White,White,45.4,54.6,45.4,44.0,2.42,3.47,,
PA-2024-President-Quinnipiac-Oct09,Quinnipiac University Poll,Quinnipiac,2024-President-PA,2024,President,PA,"October 3-7, 2024",2024-10-07,29,1412,LV,49.0,46.0,-3.16,1.73,4.89,Age,18-34,18-34,58.7,41.3,,,,0.7,,
PA-2024-President-Quinnipiac-Oct09,Quinnipiac University Poll,Quinnipiac,2024-President-PA,2024,President,PA,"October 3-7, 2024",2024-10-07,29,1412,LV,49.0,46.0,-3.16,1.73,4.89,Age,35-49,35-49,54.5,45.5,,,,0.7,,
PA-2024-President-Quinnipiac-Oct09,Quinnipiac University Poll,Quinnipiac,2024-President-PA,2024,President,PA,"October 3-7, 2024",2024-10-07,29,1412,LV,49.0,46.0,-3.16,1.73,4.89,Age,50-64,50-64,43.4,56.6,,,,0.7,,
PA-2024-President-Quinnipiac-Oct09,Quinnipiac University Poll,Quinnipiac,2024-President-PA,2024,President,PA,"October 3-7, 2024",2024-10-07,29,1412,LV,49.0,46.0,-3.16,1.73,4.89,Age,65+,65+,56.1,43.9,,,,0.7,,
PA-2024-President-Quinnipiac-Oct09,Quinnipiac University Poll,Quinnipiac,2024-President-PA,2024,President,PA,"October 3-7, 2024",2024-10-07,29,1412,LV,49.0,46.0,-3.16,1.73,4.89,Education,Wht B.A.+,Wht B.A.+,64.6,35.4,,,,0.7,,
PA-2024-President-Quinnipiac-Oct09,Quinnipiac University Poll,Quinnipiac,2024-President-PA,2024,President,PA,"October 3-7, 2024",2024-10-07,29,1412,LV,49.0,46.0,-3.16,1.73,4.89,Education,Wht no B.A.,Wht no B.A.,35.1,64.9,,,,0.7,,
PA-2024-President-Quinnipiac-Oct09,Quinnipiac University Poll,Quinnipiac,2024-President-PA,2024,President,PA,"October 3-7, 2024",2024-10-07,29,1412,LV,49.0,46.0,-3.16,1.73,4.89,Gender,Men,Men,44.1,55.9,44.1,41.4,0.72,0.7,,
PA-2024-President-Quinnipiac-Oct09,Quinnipiac University Poll,Quinnipiac,2024-President-PA,2024,President,PA,"October 3-7, 2024",2024-10-07,29,1412,LV,49.0,46.0,-3.16,1.73,4.89,Gender,Women,Women,57.9,42.1,57.9,56.0,0.72,0.7,,
PA-2024-President-Quinnipiac-Oct09,Quinnipiac University Poll,Quinnipiac,2024-President-PA,2024,President,PA,"October 3-7, 2024",2024-10-07,29,1412,LV,49.0,46.0,-3.16,1.73,4.89,Race,Black,Black,90.7,9.3,90.7,89.9,0.69,0.7,,
PA-2024-President-Quinnipiac-Oct09,Quinnipiac University Poll,Quinnipiac,2024-President-PA,2024,President,PA,"October 3-7, 2024",2024-10-07,29,1412,LV,49.0,46.0,-3.16,1.73,4.89,Race,White,White,45.8,54.2,45.8,44.0,0.69,0.7,,
PA-2024-President-Quinnipiac-Oct30,Quinnipiac University Poll,Quinnipiac,2024-President-PA,2024,President,PA,"October 24-28, 2024",2024-10-28,8,2186,LV,46.0,47.0,1.08,1.73,0.65,Age,18-34,18-34,60.0,40.0,,,,2.1,,
PA-2024-President-Quinnipiac-Oct30,Quinnipiac University Poll,Quinnipiac,2024-President-PA,2024,President,PA,"October 24-28, 2024",2024-10-28,8,2186,LV,46.0,47.0,1.08,1.73,0.65,Age,35-49,35-49,45.7,54.3,,,,2.1,,
PA-2024-President-Quinnipiac-Oct30,Quinnipiac University Poll,Quinnipiac,2024-President-PA,2024,President,PA,"October 24-28, 2024",2024-10-28,8,2186,LV,46.0,47.0,1.08,1.73,0.65,Age,50-64,50-64,44.3,55.7,,,,2.1,,
PA-2024-President-Quinnipiac-Oct30,Quinnipiac University Poll,Quinnipiac,2024-President-PA,2024,President,PA,"October 24-28, 2024",2024-10-28,8,2186,LV,46.0,47.0,1.08,1.73,0.65,Age,65+,65+,50.5,49.5,,,,2.1,,
PA-2024-President-Quinnipiac-Oct30,Quinnipiac University Poll,Quinnipiac,2024-President-PA,2024,President,PA,"October 24-28, 2024",2024-10-28,8,2186,LV,46.0,47.0,1.08,1.73,0.65,Education,Wht B.A.+,Wht B.A.+,59.4,40.6,,,,2.1,,
PA-2024-President-Quinnipiac-Oct30,Quinnipiac University Poll,Quinnipiac,2024-President-PA,2024,President,PA,"October 24-28, 2024",2024-10-28,8,2186,LV,46.0,47.0,1.08,1.73,0.65,Education,Wht no B.A.,Wht no B.A.,34.7,65.3,,,,2.1,,
PA-2024-President-Quinnipiac-Oct30,Quinnipiac University Poll,Quinnipiac,2024-President-PA,2024,President,PA,"October 24-28, 2024",2024-10-28,8,2186,LV,46.0,47.0,1.08,1.73,0.65,Gender,Men,Men,39.4,60.6,39.4,41.4,2.27,2.1,,
PA-2024-President-Quinnipiac-Oct30,Quinnipiac University Poll,Quinnipiac,2024-President-PA,2024,President,PA,"October 24-28, 2024",2024-10-28,8,2186,LV,46.0,47.0,1.08,1.73,0.65,Gender,Women,Women,58.5,41.5,58.5,56.0,2.27,2.1,,
PA-2024-President-Quinnipiac-Oct30,Quinnipiac University Poll,Quinnipiac,2024-President-PA,2024,President,PA,"October 24-28, 2024",2024-10-28,8,2186,LV,46.0,47.0,1.08,1.73,0.65,Race,Black,Black,82.8,17.2,82.8,89.9,1.94,2.1,,
PA-2024-President-Quinnipiac-Oct30,Quinnipiac University Poll,Quinnipiac,2024-President-PA,2024,President,PA,"October 24-28, 2024",2024-10-28,8,2186,LV,46.0,47.0,1.08,1.73,0.65,Race,White,White,44.2,55.8,44.2,44.0,1.94,2.1,,
PA-2024-President-Rasmussen,Rasmussen Reports / American Thinker,Rasmussen,2024-President-PA,2024,President,PA,"October 25-28, 2024",2024-10-28,8,849,LV,49.0,51.0,2.0,1.73,0.27,Age,18-29,18-29,51.1,48.9,,,,5.06,ras_pa,
PA-2024-President-Rasmussen,Rasmussen Reports / American Thinker,Rasmussen,2024-President-PA,2024,President,PA,"October 25-28, 2024",2024-10-28,8,849,LV,49.0,51.0,2.0,1.73,0.27,Age,30-39,30-39,49.5,50.5,,,,5.06,ras_pa,
PA-2024-President-Rasmussen,Rasmussen Reports / American Thinker,Rasmussen,2024-President-PA,2024,President,PA,"October 25-28, 2024",2024-10-28,8,849,LV,49.0,51.0,2.0,1.73,0.27,Age,40-49,40-49,53.1,46.9,,,,5.06,ras_pa,
PA-2024-President-Rasmussen,Rasmussen Reports / American Thinker,Rasmussen,2024-President-PA,2024,President,PA,"October 25-28, 2024",2024-10-28,8,849,LV,49.0,51.0,2.0,1.73,0.27,Age,50-64,50-64,45.5,54.5,,,,5.06,ras_pa,
PA-2024-President-Rasmussen,Rasmussen Reports / American Thinker,Rasmussen,2024-President-PA,2024,President,PA,"October 25-28, 2024",2024-10-28,8,849,LV,49.0,51.0,2.0,1.73,0.27,Age,65+,65+,48.5,51.5,,,,5.06,ras_pa,
PA-2024-President-Rasmussen,Rasmussen Reports / American Thinker,Rasmussen,2024-President-PA,2024,President,PA,"October 25-28, 2024",2024-10-28,8,849,LV,49.0,51.0,2.0,1.73,0.27,Education,B.A.+,B.A.+,48.1,51.9,48.1,60.4,10.28,5.06,ras_pa,
PA-2024-President-Rasmussen,Rasmussen Reports / American Thinker,Rasmussen,2024-President-PA,2024,President,PA,"October 25-28, 2024",2024-10-28,8,849,LV,49.0,51.0,2.0,1.73,0.27,Education,No B.A.,No B.A.,50.2,49.8,50.2,41.6,10.28,5.06,ras_pa,
PA-2024-President-Rasmussen,Rasmussen Reports / American Thinker,Rasmussen,2024-President-PA,2024,President,PA,"October 25-28, 2024",2024-10-28,8,849,LV,49.0,51.0,2.0,1.73,0.27,Gender,Men,Men,44.3,55.7,44.3,41.4,2.97,5.06,ras_pa,
PA-2024-President-Rasmussen,Rasmussen Reports / American Thinker,Rasmussen,2024-President-PA,2024,President,PA,"October 25-28, 2024",2024-10-28,8,849,LV,49.0,51.0,2.0,1.73,0.27,Gender,Women,Women,53.1,46.9,53.1,56.0,2.97,5.06,ras_pa,
PA-2024-President-Rasmussen,Rasmussen Reports / American Thinker,Rasmussen,2024-President-PA,2024,President,PA,"October 25-28, 2024",2024-10-28,8,849,LV,49.0,51.0,2.0,1.73,0.27,Race,Black,Black,82.3,17.7,82.3,89.9,1.93,5.06,ras_pa,
PA-2024-President-Rasmussen,Rasmussen Reports / American Thinker,Rasmussen,2024-President-PA,2024,President,PA,"October 25-28, 2024",2024-10-28,8,849,LV,49.0,51.0,2.0,1.73,0.27,Race,Hispanic / Other,Hispanic / Other,54.7,45.3,,,1.93,5.06,ras_pa,
PA-2024-President-Rasmussen,Rasmussen Reports / American Thinker,Rasmussen,2024-President-PA,2024,President,PA,"October 25-28, 2024",2024-10-28,8,849,LV,49.0,51.0,2.0,1.73,0.27,Race,White,White,43.9,56.1,43.9,44.0,1.93,5.06,ras_pa,
PA-2024-Senate-F&M,Franklin & Marshall College Poll,F&M,2024-Senate-PA,2024,Senate,PA,"October 9-20, 2024",2024-10-20,16,794,RV,49.0,42.0,-7.69,0.22,7.91,Age,35-54,35-54,53.4,46.6,,,,2.17,,
PA-2024-Senate-F&M,Franklin & Marshall College Poll,F&M,2024-Senate-PA,2024,Senate,PA,"October 9-20, 2024",2024-10-20,16,794,RV,49.0,42.0,-7.69,0.22,7.91,Age,Over 55,Over 55,46.8,53.2,,,,2.17,,
PA-2024-Senate-F&M,Franklin & Marshall College Poll,F&M,2024-Senate-PA,2024,Senate,PA,"October 9-20, 2024",2024-10-20,16,794,RV,49.0,42.0,-7.69,0.22,7.91,Age,Under 35,Under 35,72.2,27.8,,,,2.17,,
PA-2024-Senate-F&M,Franklin & Marshall College Poll,F&M,2024-Senate-PA,2024,Senate,PA,"October 9-20, 2024",2024-10-20,16,794,RV,49.0,42.0,-7.69,0.22,7.91,Education,B.A.+,B.A.+,65.5,34.5,65.5,60.4,0.96,2.17,,
PA-2024-Senate-F&M,Franklin & Marshall College Poll,F&M,2024-Senate-PA,2024,Senate,PA,"October 9-20, 2024",2024-10-20,16,794,RV,49.0,42.0,-7.69,0.22,7.91,Education,No B.A.,No B.A.,44.9,55.1,44.9,43.1,0.96,2.17,,
PA-2024-Senate-F&M,Franklin & Marshall College Poll,F&M,2024-Senate-PA,2024,Senate,PA,"October 9-20, 2024",2024-10-20,16,794,RV,49.0,42.0,-7.69,0.22,7.91,Gender,Men,Men,48.9,51.1,48.9,41.8,3.37,2.17,,
PA-2024-Senate-F&M,Franklin & Marshall College Poll,F&M,2024-Senate-PA,2024,Senate,PA,"October 9-20, 2024",2024-10-20,16,794,RV,49.0,42.0,-7.69,0.22,7.91,Gender,Women,Women,57.8,42.2,57.8,56.7,3.37,2.17,,
PA-2024-Senate-F&M,Franklin & Marshall College Poll,F&M,2024-Senate-PA,2024,Senate,PA,"October 9-20, 2024",2024-10-20,16,794,RV,49.0,42.0,-7.69,0.22,7.91,Race,Nonwhite,Nonwhite,62.2,37.8,,,,2.17,,
PA-2024-Senate-F&M,Franklin & Marshall College Poll,F&M,2024-Senate-PA,2024,Senate,PA,"October 9-20, 2024",2024-10-20,16,794,RV,49.0,42.0,-7.69,0.22,7.91,Race,White,White,51.7,48.3,,,,2.17,,
PA-2024-Senate-InsiderAdvantage,InsiderAdvantage,InsiderAdvantage,2024-Senate-PA,2024,Senate,PA,"November 1-2, 2024",2024-11-02,3,800,LV,50.5,49.5,-1.0,0.22,1.22,Age,18-39,18-39,61.3,38.7,,,,4.17,trafalgar_is,
PA-2024-Senate-InsiderAdvantage,InsiderAdvantage,InsiderAdvantage,2024-Senate-PA,2024,Senate,PA,"November 1-2, 2024",2024-11-02,3,800,LV,50.5,49.5,-1.0,0.22,1.22,Age,40-64,40-64,45.9,54.1,,,,4.17,trafalgar_is,
PA-2024-Senate-InsiderAdvantage,InsiderAdvantage,InsiderAdvantage,2024-Senate-PA,2024,Senate,PA,"November 1-2, 2024",2024-11-02,3,800,LV,50.5,49.5,-1.0,0.22,1.22,Age,65 or over,65 or over,52.1,47.9,,,,4.17,trafalgar_is,
PA-2024-Senate-InsiderAdvantage,InsiderAdvantage,InsiderAdvantage,2024-Senate-PA,2024,Senate,PA,"November 1-2, 2024",2024-11-02,3,800,LV,50.5,49.5,-1.0,0.22,1.22,Gender,Men,Men,44.2,55.8,44.2,41.8,1.44,4.17,trafalgar_is,
PA-2024-Senate-InsiderAdvantage,InsiderAdvantage,InsiderAdvantage,2024-Senate-PA,2024,Senate,PA,"November 1-2, 2024",2024-11-02,3,800,LV,50.5,49.5,-1.0,0.22,1.22,Gender,Women,Women,56.5,43.5,56.5,56.7,1.44,4.17,trafalgar_is,
PA-2024-Senate-InsiderAdvantage,InsiderAdvantage,InsiderAdvantage,2024-Senate-PA,2024,Senate,PA,"November 1-2, 2024",2024-11-02,3,800,LV,50.5,49.5,-1.0,0.22,1.22,Race,Black,Black,76.9,23.1,76.9,89.9,6.89,4.17,trafalgar_is,
PA-2024-Senate-InsiderAdvantage,InsiderAdvantage,InsiderAdvantage,2024-Senate-PA,2024,Senate,PA,"November 1-2, 2024",2024-11-02,3,800,LV,50.5,49.5,-1.0,0.22,1.22,Race,Hispanic,Hispanic,50.6,49.4,50.6,55.7,6.89,4.17,trafalgar_is,
PA-2024-Senate-InsiderAdvantage,InsiderAdvantage,InsiderAdvantage,2024-Senate-PA,2024,Senate,PA,"November 1-2, 2024",2024-11-02,3,800,LV,50.5,49.5,-1.0,0.22,1.22,Race,Other,Other,46.6,53.4,,,6.89,4.17,trafalgar_is,
PA-2024-Senate-InsiderAdvantage,InsiderAdvantage,InsiderAdvantage,2024-Senate-PA,2024,Senate,PA,"November 1-2, 2024",2024-11-02,3,800,LV,50.5,49.5,-1.0,0.22,1.22,Race,White,White,47.6,52.4,47.6,44.9,6.89,4.17,trafalgar_is,
PA-2024-Senate-Muhlenberg,Muhlenberg College Institute of Public Opinion / The Morning Call,Muhlenberg,2024-Senate-PA,2024,Senate,PA,"October 27-30, 2024",2024-10-30,6,460,LV,51.6,48.4,-3.2,0.22,3.42,Age,18-29,18-29,57.6,42.4,,,,1.29,ras_pa,
PA-2024-Senate-Muhlenberg,Muhlenberg College Institute of Public Opinion / The Morning Call,Muhlenberg,2024-Senate-PA,2024,Senate,PA,"October 27-30, 2024",2024-10-30,6,460,LV,51.6,48.4,-3.2,0.22,3.42,Age,30-49,30-49,59.1,40.9,,,,1.29,ras_pa,
PA-2024-Senate-Muhlenberg,Muhlenberg College Institute of Public Opinion / The Morning Call,Muhlenberg,2024-Senate-PA,2024,Senate,PA,"October 27-30, 2024",2024-10-30,6,460,LV,51.6,48.4,-3.2,0.22,3.42,Age,50-65,50-65,39.8,60.2,,,,1.29,ras_pa,
PA-2024-Senate-Muhlenberg,Muhlenberg College Institute of Public Opinion / The Morning Call,Muhlenberg,2024-Senate-PA,2024,Senate,PA,"October 27-30, 2024",2024-10-30,6,460,LV,51.6,48.4,-3.2,0.22,3.42,Age,Over 65,Over 65,53.6,46.4,,,,1.29,ras_pa,
PA-2024-Senate-Muhlenberg,Muhlenberg College Institute of Public Opinion / The Morning Call,Muhlenberg,2024-Senate-PA,2024,Senate,PA,"October 27-30, 2024",2024-10-30,6,460,LV,51.6,48.4,-3.2,0.22,3.42,Education,B.A.+,B.A.+,62.8,37.2,62.8,60.4,0.01,1.29,ras_pa,
PA-2024-Senate-Muhlenberg,Muhlenberg College Institute of Public Opinion / The Morning Call,Muhlenberg,2024-Senate-PA,2024,Senate,PA,"October 27-30, 2024",2024-10-30,6,460,LV,51.6,48.4,-3.2,0.22,3.42,Education,No B.A.,No B.A.,44.8,55.2,44.8,43.1,0.01,1.29,ras_pa,
PA-2024-Senate-Muhlenberg,Muhlenberg College Institute of Public Opinion / The Morning Call,Muhlenberg,2024-Senate-PA,2024,Senate,PA,"October 27-30, 2024",2024-10-30,6,460,LV,51.6,48.4,-3.2,0.22,3.42,Gender,Men,Men,45.8,54.2,45.8,41.8,2.58,1.29,ras_pa,
PA-2024-Senate-Muhlenberg,Muhlenberg College Institute of Public Opinion / The Morning Call,Muhlenberg,2024-Senate-PA,2024,Senate,PA,"October 27-30, 2024",2024-10-30,6,460,LV,51.6,48.4,-3.2,0.22,3.42,Gender,Women,Women,55.9,44.1,55.9,56.7,2.58,1.29,ras_pa,
PA-2024-Senate-Muhlenberg,Muhlenberg College Institute of Public Opinion / The Morning Call,Muhlenberg,2024-Senate-PA,2024,Senate,PA,"October 27-30, 2024",2024-10-30,6,460,LV,51.6,48.4,-3.2,0.22,3.42,Race,Nonwhite,Nonwhite,68.0,32.0,,,,1.29,ras_pa,
PA-2024-Senate-Muhlenberg,Muhlenberg College Institute of Public Opinion / The Morning Call,Muhlenberg,2024-Senate-PA,2024,Senate,PA,"October 27-30, 2024",2024-10-30,6,460,LV,51.6,48.4,-3.2,0.22,3.42,Race,White,White,45.8,54.2,,,,1.29,ras_pa,
PA-2024-Senate-NYTSiena-earlyOct,New York Times / Siena College,NYT/Siena,2024-Senate-PA,2024,Senate,PA,"October 7-10, 2024",2024-10-10,26,857,LV,48.0,44.0,-4.35,0.22,4.57,Age,18-29,18-29,51.2,48.8,51.2,56.8,6.0,3.22,,
PA-2024-Senate-NYTSiena-earlyOct,New York Times / Siena College,NYT/Siena,2024-Senate-PA,2024,Senate,PA,"October 7-10, 2024",2024-10-10,26,857,LV,48.0,44.0,-4.35,0.22,4.57,Age,30-44,30-44,58.9,41.1,58.9,52.6,6.0,3.22,,
PA-2024-Senate-NYTSiena-earlyOct,New York Times / Siena College,NYT/Siena,2024-Senate-PA,2024,Senate,PA,"October 7-10, 2024",2024-10-10,26,857,LV,48.0,44.0,-4.35,0.22,4.57,Age,45-64,45-64,50.5,49.5,50.5,44.8,6.0,3.22,,
PA-2024-Senate-NYTSiena-earlyOct,New York Times / Siena College,NYT/Siena,2024-Senate-PA,2024,Senate,PA,"October 7-10, 2024",2024-10-10,26,857,LV,48.0,44.0,-4.35,0.22,4.57,Age,65+,65+,51.1,48.9,51.1,48.5,6.0,3.22,,
PA-2024-Senate-NYTSiena-earlyOct,New York Times / Siena College,NYT/Siena,2024-Senate-PA,2024,Senate,PA,"October 7-10, 2024",2024-10-10,26,857,LV,48.0,44.0,-4.35,0.22,4.57,Education,B.A.+,B.A.+,58.1,41.9,58.1,60.4,3.82,3.22,,
PA-2024-Senate-NYTSiena-earlyOct,New York Times / Siena College,NYT/Siena,2024-Senate-PA,2024,Senate,PA,"October 7-10, 2024",2024-10-10,26,857,LV,48.0,44.0,-4.35,0.22,4.57,Education,No B.A.,No B.A.,48.4,51.6,48.4,43.1,3.82,3.22,,
PA-2024-Senate-NYTSiena-earlyOct,New York Times / Siena College,NYT/Siena,2024-Senate-PA,2024,Senate,PA,"October 7-10, 2024",2024-10-10,26,857,LV,48.0,44.0,-4.35,0.22,4.57,Gender,Men,Men,44.1,55.9,44.1,41.8,0.19,3.22,,
PA-2024-Senate-NYTSiena-earlyOct,New York Times / Siena College,NYT/Siena,2024-Senate-PA,2024,Senate,PA,"October 7-10, 2024",2024-10-10,26,857,LV,48.0,44.0,-4.35,0.22,4.57,Gender,Women,Women,59.3,40.7,59.3,56.7,0.19,3.22,,
PA-2024-Senate-NYTSiena-earlyOct,New York Times / Siena College,NYT/Siena,2024-Senate-PA,2024,Senate,PA,"October 7-10, 2024",2024-10-10,26,857,LV,48.0,44.0,-4.35,0.22,4.57,Race,Black,Black,85.4,14.6,85.4,89.9,2.87,3.22,,
PA-2024-Senate-NYTSiena-earlyOct,New York Times / Siena College,NYT/Siena,2024-Senate-PA,2024,Senate,PA,"October 7-10, 2024",2024-10-10,26,857,LV,48.0,44.0,-4.35,0.22,4.57,Race,Other,Other,58.3,41.7,,,2.87,3.22,,
PA-2024-Senate-NYTSiena-earlyOct,New York Times / Siena College,NYT/Siena,2024-Senate-PA,2024,Senate,PA,"October 7-10, 2024",2024-10-10,26,857,LV,48.0,44.0,-4.35,0.22,4.57,Race,White,White,48.4,51.6,48.4,44.9,2.87,3.22,,
PA-2024-Senate-NYTSiena-lateOct,New York Times / Siena College,NYT/Siena,2024-Senate-PA,2024,Senate,PA,"October 29 - November 2, 2024",2024-11-02,3,1527,LV,50.0,45.0,-5.26,0.22,5.48,Age,18-29,18-29,54.7,45.3,54.7,56.8,6.33,3.12,,
PA-2024-Senate-NYTSiena-lateOct,New York Times / Siena College,NYT/Siena,2024-Senate-PA,2024,Senate,PA,"October 29 - November 2, 2024",2024-11-02,3,1527,LV,50.0,45.0,-5.26,0.22,5.48,Age,30-44,30-44,52.1,47.9,52.1,52.6,6.33,3.12,,
PA-2024-Senate-NYTSiena-lateOct,New York Times / Siena College,NYT/Siena,2024-Senate-PA,2024,Senate,PA,"October 29 - November 2, 2024",2024-11-02,3,1527,LV,50.0,45.0,-5.26,0.22,5.48,Age,45-64,45-64,52.6,47.4,52.6,44.8,6.33,3.12,,
PA-2024-Senate-NYTSiena-lateOct,New York Times / Siena College,NYT/Siena,2024-Senate-PA,2024,Senate,PA,"October 29 - November 2, 2024",2024-11-02,3,1527,LV,50.0,45.0,-5.26,0.22,5.48,Age,65+,65+,52.1,47.9,52.1,48.5,6.33,3.12,,
PA-2024-Senate-NYTSiena-lateOct,New York Times / Siena College,NYT/Siena,2024-Senate-PA,2024,Senate,PA,"October 29 - November 2, 2024",2024-11-02,3,1527,LV,50.0,45.0,-5.26,0.22,5.48,Education,B.A.+,B.A.+,65.3,34.7,65.3,60.4,1.26,3.12,,
PA-2024-Senate-NYTSiena-lateOct,New York Times / Siena College,NYT/Siena,2024-Senate-PA,2024,Senate,PA,"October 29 - November 2, 2024",2024-11-02,3,1527,LV,50.0,45.0,-5.26,0.22,5.48,Education,No B.A.,No B.A.,44.2,55.8,44.2,43.1,1.26,3.12,,
PA-2024-Senate-NYTSiena-lateOct,New York Times / Siena College,NYT/Siena,2024-Senate-PA,2024,Senate,PA,"October 29 - November 2, 2024",2024-11-02,3,1527,LV,50.0,45.0,-5.26,0.22,5.48,Gender,Men,Men,47.9,52.1,47.9,41.8,3.07,3.12,,
PA-2024-Senate-NYTSiena-lateOct,New York Times / Siena College,NYT/Siena,2024-Senate-PA,2024,Senate,PA,"October 29 - November 2, 2024",2024-11-02,3,1527,LV,50.0,45.0,-5.26,0.22,5.48,Gender,Women,Women,57.3,42.7,57.3,56.7,3.07,3.12,,
PA-2024-Senate-NYTSiena-lateOct,New York Times / Siena College,NYT/Siena,2024-Senate-PA,2024,Senate,PA,"October 29 - November 2, 2024",2024-11-02,3,1527,LV,50.0,45.0,-5.26,0.22,5.48,Race,Black,Black,87.5,12.5,87.5,89.9,1.83,3.12,,
PA-2024-Senate-NYTSiena-lateOct,New York Times / Siena College,NYT/Siena,2024-Senate-PA,2024,Senate,PA,"October 29 - November 2, 2024",2024-11-02,3,1527,LV,50.0,45.0,-5.26,0.22,5.48,Race,Other,Other,66.7,33.3,,,1.83,3.12,,
PA-2024-Senate-NYTSiena-lateOct,New York Times / Siena College,NYT/Siena,2024-Senate-PA,2024,Senate,PA,"October 29 - November 2, 2024",2024-11-02,3,1527,LV,50.0,45.0,-5.26,0.22,5.48,Race,White,White,47.4,52.6,47.4,44.9,1.83,3.12,,
PA-2024-Senate-Quinnipiac-Oct09,Quinnipiac University Poll,Quinnipiac,2024-Senate-PA,2024,Senate,PA,"October 3-7, 2024",2024-10-07,29,1412,LV,51.0,43.0,-8.51,0.22,8.73,Age,18-34,18-34,63.3,36.7,,,,1.78,,
PA-2024-Senate-Quinnipiac-Oct09,Quinnipiac University Poll,Quinnipiac,2024-Senate-PA,2024,Senate,PA,"October 3-7, 2024",2024-10-07,29,1412,LV,51.0,43.0,-8.51,0.22,8.73,Age,35-49,35-49,58.1,41.9,,,,1.78,,
PA-2024-Senate-Quinnipiac-Oct09,Quinnipiac University Poll,Quinnipiac,2024-Senate-PA,2024,Senate,PA,"October 3-7, 2024",2024-10-07,29,1412,LV,51.0,43.0,-8.51,0.22,8.73,Age,50-64,50-64,45.9,54.1,,,,1.78,,
PA-2024-Senate-Quinnipiac-Oct09,Quinnipiac University Poll,Quinnipiac,2024-Senate-PA,2024,Senate,PA,"October 3-7, 2024",2024-10-07,29,1412,LV,51.0,43.0,-8.51,0.22,8.73,Age,65+,65+,56.7,43.3,,,,1.78,,
PA-2024-Senate-Quinnipiac-Oct09,Quinnipiac University Poll,Quinnipiac,2024-Senate-PA,2024,Senate,PA,"October 3-7, 2024",2024-10-07,29,1412,LV,51.0,43.0,-8.51,0.22,8.73,Education,Wht B.A.+,Wht B.A.+,65.7,34.3,,,,1.78,,
PA-2024-Senate-Quinnipiac-Oct09,Quinnipiac University Poll,Quinnipiac,2024-Senate-PA,2024,Senate,PA,"October 3-7, 2024",2024-10-07,29,1412,LV,51.0,43.0,-8.51,0.22,8.73,Education,Wht no B.A.,Wht no B.A.,37.5,62.5,,,,1.78,,
PA-2024-Senate-Quinnipiac-Oct09,Quinnipiac University Poll,Quinnipiac,2024-Senate-PA,2024,Senate,PA,"October 3-7, 2024",2024-10-07,29,1412,LV,51.0,43.0,-8.51,0.22,8.73,Gender,Men,Men,48.4,51.6,48.4,41.8,2.57,1.78,,
PA-2024-Senate-Quinnipiac-Oct09,Quinnipiac University Poll,Quinnipiac,2024-Senate-PA,2024,Senate,PA,"October 3-7, 2024",2024-10-07,29,1412,LV,51.0,43.0,-8.51,0.22,8.73,Gender,Women,Women,59.1,40.9,59.1,56.7,2.57,1.78,,
PA-2024-Senate-Quinnipiac-Oct09,Quinnipiac University Poll,Quinnipiac,2024-Senate-PA,2024,Senate,PA,"October 3-7, 2024",2024-10-07,29,1412,LV,51.0,43.0,-8.51,0.22,8.73,Race,Black,Black,92.9,7.1,92.9,89.9,0.99,1.78,,
PA-2024-Senate-Quinnipiac-Oct09,Quinnipiac University Poll,Quinnipiac,2024-Senate-PA,2024,Senate,PA,"October 3-7, 2024",2024-10-07,29,1412,LV,51.0,43.0,-8.51,0.22,8.73,Race,White,White,48.5,51.5,48.5,44.9,0.99,1.78,,
PA-2024-Senate-Quinnipiac-Oct30,Quinnipiac University Poll,Quinnipiac,2024-Senate-PA,2024,Senate,PA,"October 24-28, 2024",2024-10-28,8,2186,LV,50.0,47.0,-3.09,0.22,3.31,Age,18-34,18-34,62.9,37.1,,,,1.32,,
PA-2024-Senate-Quinnipiac-Oct30,Quinnipiac University Poll,Quinnipiac,2024-Senate-PA,2024,Senate,PA,"October 24-28, 2024",2024-10-28,8,2186,LV,50.0,47.0,-3.09,0.22,3.31,Age,35-49,35-49,46.3,53.7,,,,1.32,,
PA-2024-Senate-Quinnipiac-Oct30,Quinnipiac University Poll,Quinnipiac,2024-Senate-PA,2024,Senate,PA,"October 24-28, 2024",2024-10-28,8,2186,LV,50.0,47.0,-3.09,0.22,3.31,Age,50-64,50-64,46.4,53.6,,,,1.32,,
PA-2024-Senate-Quinnipiac-Oct30,Quinnipiac University Poll,Quinnipiac,2024-Senate-PA,2024,Senate,PA,"October 24-28, 2024",2024-10-28,8,2186,LV,50.0,47.0,-3.09,0.22,3.31,Age,65+,65+,52.0,48.0,,,,1.32,,
PA-2024-Senate-Quinnipiac-Oct30,Quinnipiac University Poll,Quinnipiac,2024-Senate-PA,2024,Senate,PA,"October 24-28, 2024",2024-10-28,8,2186,LV,50.0,47.0,-3.09,0.22,3.31,Education,Wht B.A.+,Wht B.A.+,59.2,40.8,,,,1.32,,
PA-2024-Senate-Quinnipiac-Oct30,Quinnipiac University Poll,Quinnipiac,2024-Senate-PA,2024,Senate,PA,"October 24-28, 2024",2024-10-28,8,2186,LV,50.0,47.0,-3.09,0.22,3.31,Education,Wht no B.A.,Wht no B.A.,37.5,62.5,,,,1.32,,
PA-2024-Senate-Quinnipiac-Oct30,Quinnipiac University Poll,Quinnipiac,2024-Senate-PA,2024,Senate,PA,"October 24-28, 2024",2024-10-28,8,2186,LV,50.0,47.0,-3.09,0.22,3.31,Gender,Men,Men,42.7,57.3,42.7,41.8,0.8,1.32,,
PA-2024-Senate-Quinnipiac-Oct30,Quinnipiac University Poll,Quinnipiac,2024-Senate-PA,2024,Senate,PA,"October 24-28, 2024",2024-10-28,8,2186,LV,50.0,47.0,-3.09,0.22,3.31,Gender,Women,Women,59.8,40.2,59.8,56.7,0.8,1.32,,
PA-2024-Senate-Quinnipiac-Oct30,Quinnipiac University Poll,Quinnipiac,2024-Senate-PA,2024,Senate,PA,"October 24-28, 2024",2024-10-28,8,2186,LV,50.0,47.0,-3.09,0.22,3.31,Race,Black,Black,85.6,14.4,85.6,89.9,1.84,1.32,,
PA-2024-Senate-Quinnipiac-Oct30,Quinnipiac University Poll,Quinnipiac,2024-Senate-PA,2024,Senate,PA,"October 24-28, 2024",2024-10-28,8,2186,LV,50.0,47.0,-3.09,0.22,3.31,Race,White,White,46.4,53.6,46.4,44.9,1.84,1.32,,
PA-2024-Senate-Rasmussen,Rasmussen Reports / American Thinker,Rasmussen,2024-Senate-PA,2024,Senate,PA,"October 25-28, 2024",2024-10-28,8,849,LV,50.0,50.0,0.0,0.22,0.22,Age,18-29,18-29,42.4,57.6,,,,5.53,ras_pa,
PA-2024-Senate-Rasmussen,Rasmussen Reports / American Thinker,Rasmussen,2024-Senate-PA,2024,Senate,PA,"October 25-28, 2024",2024-10-28,8,849,LV,50.0,50.0,0.0,0.22,0.22,Age,30-39,30-39,53.1,46.9,,,,5.53,ras_pa,
PA-2024-Senate-Rasmussen,Rasmussen Reports / American Thinker,Rasmussen,2024-Senate-PA,2024,Senate,PA,"October 25-28, 2024",2024-10-28,8,849,LV,50.0,50.0,0.0,0.22,0.22,Age,40-49,40-49,62.0,38.0,,,,5.53,ras_pa,
PA-2024-Senate-Rasmussen,Rasmussen Reports / American Thinker,Rasmussen,2024-Senate-PA,2024,Senate,PA,"October 25-28, 2024",2024-10-28,8,849,LV,50.0,50.0,0.0,0.22,0.22,Age,50-64,50-64,46.9,53.1,,,,5.53,ras_pa,
PA-2024-Senate-Rasmussen,Rasmussen Reports / American Thinker,Rasmussen,2024-Senate-PA,2024,Senate,PA,"October 25-28, 2024",2024-10-28,8,849,LV,50.0,50.0,0.0,0.22,0.22,Age,65+,65+,49.5,50.5,,,,5.53,ras_pa,
PA-2024-Senate-Rasmussen,Rasmussen Reports / American Thinker,Rasmussen,2024-Senate-PA,2024,Senate,PA,"October 25-28, 2024",2024-10-28,8,849,LV,50.0,50.0,0.0,0.22,0.22,Education,B.A.+,B.A.+,50.9,49.1,50.9,60.4,8.17,5.53,ras_pa,
PA-2024-Senate-Rasmussen,Rasmussen Reports / American Thinker,Rasmussen,2024-Senate-PA,2024,Senate,PA,"October 25-28, 2024",2024-10-28,8,849,LV,50.0,50.0,0.0,0.22,0.22,Education,No B.A.,No B.A.,50.5,49.5,50.5,43.1,8.17,5.53,ras_pa,
PA-2024-Senate-Rasmussen,Rasmussen Reports / American Thinker,Rasmussen,2024-Senate-PA,2024,Senate,PA,"October 25-28, 2024",2024-10-28,8,849,LV,50.0,50.0,0.0,0.22,0.22,Gender,Men,Men,45.3,54.7,45.3,41.8,2.44,5.53,ras_pa,
PA-2024-Senate-Rasmussen,Rasmussen Reports / American Thinker,Rasmussen,2024-Senate-PA,2024,Senate,PA,"October 25-28, 2024",2024-10-28,8,849,LV,50.0,50.0,0.0,0.22,0.22,Gender,Women,Women,55.6,44.4,55.6,56.7,2.44,5.53,ras_pa,
PA-2024-Senate-Rasmussen,Rasmussen Reports / American Thinker,Rasmussen,2024-Senate-PA,2024,Senate,PA,"October 25-28, 2024",2024-10-28,8,849,LV,50.0,50.0,0.0,0.22,0.22,Race,Black,Black,72.3,27.7,72.3,89.9,5.99,5.53,ras_pa,
PA-2024-Senate-Rasmussen,Rasmussen Reports / American Thinker,Rasmussen,2024-Senate-PA,2024,Senate,PA,"October 25-28, 2024",2024-10-28,8,849,LV,50.0,50.0,0.0,0.22,0.22,Race,Hispanic / Other,Hispanic / Other,57.0,43.0,,,5.99,5.53,ras_pa,
PA-2024-Senate-Rasmussen,Rasmussen Reports / American Thinker,Rasmussen,2024-Senate-PA,2024,Senate,PA,"October 25-28, 2024",2024-10-28,8,849,LV,50.0,50.0,0.0,0.22,0.22,Race,White,White,46.8,53.2,46.8,44.9,5.99,5.53,ras_pa,
TX-2020-President-Hobby,"Hobby School of Public Affairs, University of Houston (YouGov panel)",Hobby,2020-President-TX,2020,President,TX,"October 13-20, 2020",2020-10-20,14,1000,LV,47.2,52.8,5.6,5.66,0.06,Age,Generation X,Generation X,46.3,53.7,,,,0.71,regional_univ,
TX-2020-President-Hobby,"Hobby School of Public Affairs, University of Houston (YouGov panel)",Hobby,2020-President-TX,2020,President,TX,"October 13-20, 2020",2020-10-20,14,1000,LV,47.2,52.8,5.6,5.66,0.06,Age,Millennials & Gen Z,Millennials & Gen Z,59.8,40.2,,,,0.71,regional_univ,
TX-2020-President-Hobby,"Hobby School of Public Affairs, University of Houston (YouGov panel)",Hobby,2020-President-TX,2020,President,TX,"October 13-20, 2020",2020-10-20,14,1000,LV,47.2,52.8,5.6,5.66,0.06,Age,Silent/Boomers,Silent/Boomers,39.5,60.5,,,,0.71,regional_univ,
TX-2020-President-Hobby,"Hobby School of Public Affairs, University of Houston (YouGov panel)",Hobby,2020-President-TX,2020,President,TX,"October 13-20, 2020",2020-10-20,14,1000,LV,47.2,52.8,5.6,5.66,0.06,Education,Wht B.A.+,Wht B.A.+,40.5,59.5,,,,0.71,regional_univ,
TX-2020-President-Hobby,"Hobby School of Public Affairs, University of Houston (YouGov panel)",Hobby,2020-President-TX,2020,President,TX,"October 13-20, 2020",2020-10-20,14,1000,LV,47.2,52.8,5.6,5.66,0.06,Education,Wht No B.A.,Wht No B.A.,26.6,73.4,,,,0.71,regional_univ,
TX-2020-President-Hobby,"Hobby School of Public Affairs, University of Houston (YouGov panel)",Hobby,2020-President-TX,2020,President,TX,"October 13-20, 2020",2020-10-20,14,1000,LV,47.2,52.8,5.6,5.66,0.06,Gender,Men,Men,42.1,57.9,42.1,41.2,0.38,0.71,regional_univ,
TX-2020-President-Hobby,"Hobby School of Public Affairs, University of Houston (YouGov panel)",Hobby,2020-President-TX,2020,President,TX,"October 13-20, 2020",2020-10-20,14,1000,LV,47.2,52.8,5.6,5.66,0.06,Gender,Women,Women,51.8,48.2,51.8,51.5,0.38,0.71,regional_univ,
TX-2020-President-Hobby,"Hobby School of Public Affairs, University of Houston (YouGov panel)",Hobby,2020-President-TX,2020,President,TX,"October 13-20, 2020",2020-10-20,14,1000,LV,47.2,52.8,5.6,5.66,0.06,Race,Black,Black,87.7,12.3,87.7,90.9,1.03,0.71,regional_univ,
TX-2020-President-Hobby,"Hobby School of Public Affairs, University of Houston (YouGov panel)",Hobby,2020-President-TX,2020,President,TX,"October 13-20, 2020",2020-10-20,14,1000,LV,47.2,52.8,5.6,5.66,0.06,Race,Hispanic,Hispanic,59.5,40.5,59.5,58.6,1.03,0.71,regional_univ,
TX-2020-President-Hobby,"Hobby School of Public Affairs, University of Houston (YouGov panel)",Hobby,2020-President-TX,2020,President,TX,"October 13-20, 2020",2020-10-20,14,1000,LV,47.2,52.8,5.6,5.66,0.06,Race,White,White,32.7,67.3,32.7,33.3,1.03,0.71,regional_univ,
TX-2020-Senate-Hobby,"Hobby School of Public Affairs, University of Houston (YouGov panel)",Hobby,2020-Senate-TX,2020,Senate,TX,"October 13-20, 2020",2020-10-20,14,1000,LV,46.0,54.0,8.0,9.89,1.89,Age,Generation X,Generation X,45.6,54.4,,,,2.12,regional_univ,
TX-2020-Senate-Hobby,"Hobby School of Public Affairs, University of Houston (YouGov panel)",Hobby,2020-Senate-TX,2020,Senate,TX,"October 13-20, 2020",2020-10-20,14,1000,LV,46.0,54.0,8.0,9.89,1.89,Age,Millennials & Gen Z,Millennials & Gen Z,60.1,39.9,,,,2.12,regional_univ,
TX-2020-Senate-Hobby,"Hobby School of Public Affairs, University of Houston (YouGov panel)",Hobby,2020-Senate-TX,2020,Senate,TX,"October 13-20, 2020",2020-10-20,14,1000,LV,46.0,54.0,8.0,9.89,1.89,Age,Silent/Boomers,Silent/Boomers,37.8,62.2,,,,2.12,regional_univ,
TX-2020-Senate-Hobby,"Hobby School of Public Affairs, University of Houston (YouGov panel)",Hobby,2020-Senate-TX,2020,Senate,TX,"October 13-20, 2020",2020-10-20,14,1000,LV,46.0,54.0,8.0,9.89,1.89,Education,Wht B.A.+,Wht B.A.+,40.4,59.6,,,,2.12,regional_univ,
TX-2020-Senate-Hobby,"Hobby School of Public Affairs, University of Houston (YouGov panel)",Hobby,2020-Senate-TX,2020,Senate,TX,"October 13-20, 2020",2020-10-20,14,1000,LV,46.0,54.0,8.0,9.89,1.89,Education,Wht No B.A.,Wht No B.A.,25.9,74.1,,,,2.12,regional_univ,
TX-2020-Senate-Hobby,"Hobby School of Public Affairs, University of Houston (YouGov panel)",Hobby,2020-Senate-TX,2020,Senate,TX,"October 13-20, 2020",2020-10-20,14,1000,LV,46.0,54.0,8.0,9.89,1.89,Gender,Men,Men,41.3,58.7,41.3,39.8,0.52,2.12,regional_univ,
TX-2020-Senate-Hobby,"Hobby School of Public Affairs, University of Houston (YouGov panel)",Hobby,2020-Senate-TX,2020,Senate,TX,"October 13-20, 2020",2020-10-20,14,1000,LV,46.0,54.0,8.0,9.89,1.89,Gender,Women,Women,50.3,49.7,50.3,49.5,0.52,2.12,regional_univ,
TX-2020-Senate-Hobby,"Hobby School of Public Affairs, University of Houston (YouGov panel)",Hobby,2020-Senate-TX,2020,Senate,TX,"October 13-20, 2020",2020-10-20,14,1000,LV,46.0,54.0,8.0,9.89,1.89,Race,Black,Black,83.4,16.6,83.4,88.8,3.73,2.12,regional_univ,
TX-2020-Senate-Hobby,"Hobby School of Public Affairs, University of Houston (YouGov panel)",Hobby,2020-Senate-TX,2020,Senate,TX,"October 13-20, 2020",2020-10-20,14,1000,LV,46.0,54.0,8.0,9.89,1.89,Race,Hispanic,Hispanic,59.2,40.8,59.2,57.1,3.73,2.12,regional_univ,
TX-2020-Senate-Hobby,"Hobby School of Public Affairs, University of Houston (YouGov panel)",Hobby,2020-Senate-TX,2020,Senate,TX,"October 13-20, 2020",2020-10-20,14,1000,LV,46.0,54.0,8.0,9.89,1.89,Race,White,White,32.3,67.7,32.3,30.6,3.73,2.12,regional_univ,
TX-2022-Governor-Hobby,"Hobby School of Public Affairs, University of Houston (YouGov panel)",Hobby,2022-Governor-TX,2022,Governor,TX,"October 19-26, 2022",2022-10-26,13,1200,LV,43.0,57.0,14.0,11.08,2.92,Age,Generation X,Generation X,41.1,58.9,,,,2.96,regional_univ,
TX-2022-Governor-Hobby,"Hobby School of Public Affairs, University of Houston (YouGov panel)",Hobby,2022-Governor-TX,2022,Governor,TX,"October 19-26, 2022",2022-10-26,13,1200,LV,43.0,57.0,14.0,11.08,2.92,Age,Generation Z,Generation Z,71.9,28.1,,,,2.96,regional_univ,
TX-2022-Governor-Hobby,"Hobby School of Public Affairs, University of Houston (YouGov panel)",Hobby,2022-Governor-TX,2022,Governor,TX,"October 19-26, 2022",2022-10-26,13,1200,LV,43.0,57.0,14.0,11.08,2.92,Age,Millennials,Millennials,57.0,43.0,,,,2.96,regional_univ,
TX-2022-Governor-Hobby,"Hobby School of Public Affairs, University of Houston (YouGov panel)",Hobby,2022-Governor-TX,2022,Governor,TX,"October 19-26, 2022",2022-10-26,13,1200,LV,43.0,57.0,14.0,11.08,2.92,Age,Silent/Boomers,Silent/Boomers,33.0,67.0,,,,2.96,regional_univ,
TX-2022-Governor-Hobby,"Hobby School of Public Affairs, University of Houston (YouGov panel)",Hobby,2022-Governor-TX,2022,Governor,TX,"October 19-26, 2022",2022-10-26,13,1200,LV,43.0,57.0,14.0,11.08,2.92,Gender,Men,Men,37.9,62.1,37.9,41.4,1.84,2.96,regional_univ,
TX-2022-Governor-Hobby,"Hobby School of Public Affairs, University of Houston (YouGov panel)",Hobby,2022-Governor-TX,2022,Governor,TX,"October 19-26, 2022",2022-10-26,13,1200,LV,43.0,57.0,14.0,11.08,2.92,Gender,Women,Women,47.8,52.2,47.8,48.5,1.84,2.96,regional_univ,
TX-2022-Governor-Hobby,"Hobby School of Public Affairs, University of Houston (YouGov panel)",Hobby,2022-Governor-TX,2022,Governor,TX,"October 19-26, 2022",2022-10-26,13,1200,LV,43.0,57.0,14.0,11.08,2.92,Race,Black,Black,88.3,11.7,88.3,84.8,4.09,2.96,regional_univ,
TX-2022-Governor-Hobby,"Hobby School of Public Affairs, University of Houston (YouGov panel)",Hobby,2022-Governor-TX,2022,Governor,TX,"October 19-26, 2022",2022-10-26,13,1200,LV,43.0,57.0,14.0,11.08,2.92,Race,Latino,Latino,59.3,40.7,,,4.09,2.96,regional_univ,
TX-2022-Governor-Hobby,"Hobby School of Public Affairs, University of Houston (YouGov panel)",Hobby,2022-Governor-TX,2022,Governor,TX,"October 19-26, 2022",2022-10-26,13,1200,LV,43.0,57.0,14.0,11.08,2.92,Race,White,White,29.5,70.5,29.5,33.3,4.09,2.96,regional_univ,
TX-2024-President-Hobby-Oct,"Hobby School of Public Affairs, University of Houston (Texas Votes 2024; YouGov panel)",Hobby,2024-President-TX,2024,President,TX,"September 26 - October 10, 2024",2024-10-10,26,1329,LV,47.4,52.6,5.2,13.88,8.68,Age,Generation X,Generation X,45.9,54.1,,,,3.5,regional_univ,
TX-2024-President-Hobby-Oct,"Hobby School of Public Affairs, University of Houston (Texas Votes 2024; YouGov panel)",Hobby,2024-President-TX,2024,President,TX,"September 26 - October 10, 2024",2024-10-10,26,1329,LV,47.4,52.6,5.2,13.88,8.68,Age,Generation Z,Generation Z,61.6,38.4,,,,3.5,regional_univ,
TX-2024-President-Hobby-Oct,"Hobby School of Public Affairs, University of Houston (Texas Votes 2024; YouGov panel)",Hobby,2024-President-TX,2024,President,TX,"September 26 - October 10, 2024",2024-10-10,26,1329,LV,47.4,52.6,5.2,13.88,8.68,Age,Millennial,Millennial,58.9,41.1,,,,3.5,regional_univ,
TX-2024-President-Hobby-Oct,"Hobby School of Public Affairs, University of Houston (Texas Votes 2024; YouGov panel)",Hobby,2024-President-TX,2024,President,TX,"September 26 - October 10, 2024",2024-10-10,26,1329,LV,47.4,52.6,5.2,13.88,8.68,Age,Silent/Boomer,Silent/Boomer,36.5,63.5,,,,3.5,regional_univ,
TX-2024-President-Hobby-Oct,"Hobby School of Public Affairs, University of Houston (Texas Votes 2024; YouGov panel)",Hobby,2024-President-TX,2024,President,TX,"September 26 - October 10, 2024",2024-10-10,26,1329,LV,47.4,52.6,5.2,13.88,8.68,Education,B.A.+,B.A.+,53.1,46.9,53.1,49.6,2.04,3.5,regional_univ,
TX-2024-President-Hobby-Oct,"Hobby School of Public Affairs, University of Houston (Texas Votes 2024; YouGov panel)",Hobby,2024-President-TX,2024,President,TX,"September 26 - October 10, 2024",2024-10-10,26,1329,LV,47.4,52.6,5.2,13.88,8.68,Education,No B.A.,No B.A.,44.4,55.6,44.4,38.2,2.04,3.5,regional_univ,
TX-2024-President-Hobby-Oct,"Hobby School of Public Affairs, University of Houston (Texas Votes 2024; YouGov panel)",Hobby,2024-President-TX,2024,President,TX,"September 26 - October 10, 2024",2024-10-10,26,1329,LV,47.4,52.6,5.2,13.88,8.68,Gender,Men,Men,42.3,57.7,42.3,35.7,2.66,3.5,regional_univ,
TX-2024-President-Hobby-Oct,"Hobby School of Public Affairs, University of Houston (Texas Votes 2024; YouGov panel)",Hobby,2024-President-TX,2024,President,TX,"September 26 - October 10, 2024",2024-10-10,26,1329,LV,47.4,52.6,5.2,13.88,8.68,Gender,Women,Women,52.6,47.4,52.6,49.5,2.66,3.5,regional_univ,
TX-2024-President-Hobby-Oct,"Hobby School of Public Affairs, University of Houston (Texas Votes 2024; YouGov panel)",Hobby,2024-President-TX,2024,President,TX,"September 26 - October 10, 2024",2024-10-10,26,1329,LV,47.4,52.6,5.2,13.88,8.68,Race,Black,Black,85.7,14.3,85.7,87.8,5.81,3.5,regional_univ,
TX-2024-President-Hobby-Oct,"Hobby School of Public Affairs, University of Houston (Texas Votes 2024; YouGov panel)",Hobby,2024-President-TX,2024,President,TX,"September 26 - October 10, 2024",2024-10-10,26,1329,LV,47.4,52.6,5.2,13.88,8.68,Race,Latino,Latino,49.5,50.5,,,5.81,3.5,regional_univ,
TX-2024-President-Hobby-Oct,"Hobby School of Public Affairs, University of Houston (Texas Votes 2024; YouGov panel)",Hobby,2024-President-TX,2024,President,TX,"September 26 - October 10, 2024",2024-10-10,26,1329,LV,47.4,52.6,5.2,13.88,8.68,Race,White,White,38.8,61.2,38.8,33.3,5.81,3.5,regional_univ,
TX-2024-Senate-Hobby-Oct,"Hobby School of Public Affairs, University of Houston (Texas Votes 2024; YouGov panel)",Hobby,2024-Senate-TX,2024,Senate,TX,"September 26 - October 10, 2024",2024-10-10,26,1329,LV,47.9,52.1,4.2,8.71,4.51,Age,Generation X,Generation X,46.4,53.6,,,,2.19,regional_univ,
TX-2024-Senate-Hobby-Oct,"Hobby School of Public Affairs, University of Houston (Texas Votes 2024; YouGov panel)",Hobby,2024-Senate-TX,2024,Senate,TX,"September 26 - October 10, 2024",2024-10-10,26,1329,LV,47.9,52.1,4.2,8.71,4.51,Age,Generation Z,Generation Z,63.3,36.7,,,,2.19,regional_univ,
TX-2024-Senate-Hobby-Oct,"Hobby School of Public Affairs, University of Houston (Texas Votes 2024; YouGov panel)",Hobby,2024-Senate-TX,2024,Senate,TX,"September 26 - October 10, 2024",2024-10-10,26,1329,LV,47.9,52.1,4.2,8.71,4.51,Age,Millennial,Millennial,59.8,40.2,,,,2.19,regional_univ,
TX-2024-Senate-Hobby-Oct,"Hobby School of Public Affairs, University of Houston (Texas Votes 2024; YouGov panel)",Hobby,2024-Senate-TX,2024,Senate,TX,"September 26 - October 10, 2024",2024-10-10,26,1329,LV,47.9,52.1,4.2,8.71,4.51,Age,Silent/Boomer,Silent/Boomer,37.4,62.6,,,,2.19,regional_univ,
TX-2024-Senate-Hobby-Oct,"Hobby School of Public Affairs, University of Houston (Texas Votes 2024; YouGov panel)",Hobby,2024-Senate-TX,2024,Senate,TX,"September 26 - October 10, 2024",2024-10-10,26,1329,LV,47.9,52.1,4.2,8.71,4.51,Education,B.A.+,B.A.+,54.2,45.8,54.2,51.9,1.25,2.19,regional_univ,
TX-2024-Senate-Hobby-Oct,"Hobby School of Public Affairs, University of Houston (Texas Votes 2024; YouGov panel)",Hobby,2024-Senate-TX,2024,Senate,TX,"September 26 - October 10, 2024",2024-10-10,26,1329,LV,47.9,52.1,4.2,8.71,4.51,Education,No B.A.,No B.A.,44.5,55.5,44.5,40.5,1.25,2.19,regional_univ,
TX-2024-Senate-Hobby-Oct,"Hobby School of Public Affairs, University of Houston (Texas Votes 2024; YouGov panel)",Hobby,2024-Senate-TX,2024,Senate,TX,"September 26 - October 10, 2024",2024-10-10,26,1329,LV,47.9,52.1,4.2,8.71,4.51,Gender,Men,Men,42.3,57.7,42.3,38.8,1.13,2.19,regional_univ,
TX-2024-Senate-Hobby-Oct,"Hobby School of Public Affairs, University of Houston (Texas Votes 2024; YouGov panel)",Hobby,2024-Senate-TX,2024,Senate,TX,"September 26 - October 10, 2024",2024-10-10,26,1329,LV,47.9,52.1,4.2,8.71,4.51,Gender,Women,Women,53.7,46.3,53.7,51.5,1.13,2.19,regional_univ,
TX-2024-Senate-Hobby-Oct,"Hobby School of Public Affairs, University of Houston (Texas Votes 2024; YouGov panel)",Hobby,2024-Senate-TX,2024,Senate,TX,"September 26 - October 10, 2024",2024-10-10,26,1329,LV,47.9,52.1,4.2,8.71,4.51,Race,Black,Black,83.0,17.0,83.0,87.5,4.19,2.19,regional_univ,
TX-2024-Senate-Hobby-Oct,"Hobby School of Public Affairs, University of Houston (Texas Votes 2024; YouGov panel)",Hobby,2024-Senate-TX,2024,Senate,TX,"September 26 - October 10, 2024",2024-10-10,26,1329,LV,47.9,52.1,4.2,8.71,4.51,Race,Latino,Latino,51.6,48.4,,,4.19,2.19,regional_univ,
TX-2024-Senate-Hobby-Oct,"Hobby School of Public Affairs, University of Houston (Texas Votes 2024; YouGov panel)",Hobby,2024-Senate-TX,2024,Senate,TX,"September 26 - October 10, 2024",2024-10-10,26,1329,LV,47.9,52.1,4.2,8.71,4.51,Race,White,White,38.8,61.2,38.8,36.4,4.19,2.19,regional_univ,
WI-2020-President-Marquette,Marquette Law School Poll,Marquette,2020-President-WI,2020,President,WI,"October 21-25, 2020",2020-10-25,9,749,LV,48.0,43.0,-5.49,-0.64,4.85,Age,18-29,18-29,51.6,48.4,,,,4.45,,
WI-2020-President-Marquette,Marquette Law School Poll,Marquette,2020-President-WI,2020,President,WI,"October 21-25, 2020",2020-10-25,9,749,LV,48.0,43.0,-5.49,-0.64,4.85,Age,30-44,30-44,56.2,43.8,,,,4.45,,
WI-2020-President-Marquette,Marquette Law School Poll,Marquette,2020-President-WI,2020,President,WI,"October 21-25, 2020",2020-10-25,9,749,LV,48.0,43.0,-5.49,-0.64,4.85,Age,45-59,45-59,50.5,49.5,,,,4.45,,
WI-2020-President-Marquette,Marquette Law School Poll,Marquette,2020-President-WI,2020,President,WI,"October 21-25, 2020",2020-10-25,9,749,LV,48.0,43.0,-5.49,-0.64,4.85,Age,60+,60+,52.7,47.3,,,,4.45,,
WI-2020-President-Marquette,Marquette Law School Poll,Marquette,2020-President-WI,2020,President,WI,"October 21-25, 2020",2020-10-25,9,749,LV,48.0,43.0,-5.49,-0.64,4.85,Education,B.A.+,B.A.+,56.3,43.7,56.3,58.2,3.28,4.45,,
WI-2020-President-Marquette,Marquette Law School Poll,Marquette,2020-President-WI,2020,President,WI,"October 21-25, 2020",2020-10-25,9,749,LV,48.0,43.0,-5.49,-0.64,4.85,Education,No B.A.,No B.A.,51.5,48.5,51.5,46.6,3.28,4.45,,
WI-2020-President-Marquette,Marquette Law School Poll,Marquette,2020-President-WI,2020,President,WI,"October 21-25, 2020",2020-10-25,9,749,LV,48.0,43.0,-5.49,-0.64,4.85,Gender,Men,Men,44.0,56.0,44.0,44.9,2.1,4.45,,
WI-2020-President-Marquette,Marquette Law School Poll,Marquette,2020-President-WI,2020,President,WI,"October 21-25, 2020",2020-10-25,9,749,LV,48.0,43.0,-5.49,-0.64,4.85,Gender,Women,Women,60.4,39.6,60.4,56.6,2.1,4.45,,
WI-2020-President-Marquette,Marquette Law School Poll,Marquette,2020-President-WI,2020,President,WI,"October 21-25, 2020",2020-10-25,9,749,LV,48.0,43.0,-5.49,-0.64,4.85,Race,Black,Black,97.7,2.3,97.7,92.0,7.98,4.45,,
WI-2020-President-Marquette,Marquette Law School Poll,Marquette,2020-President-WI,2020,President,WI,"October 21-25, 2020",2020-10-25,9,749,LV,48.0,43.0,-5.49,-0.64,4.85,Race,Hispanic,Hispanic,44.0,56.0,44.0,61.9,7.98,4.45,,
WI-2020-President-Marquette,Marquette Law School Poll,Marquette,2020-President-WI,2020,President,WI,"October 21-25, 2020",2020-10-25,9,749,LV,48.0,43.0,-5.49,-0.64,4.85,Race,Other,Other,75.6,24.4,,,7.98,4.45,,
WI-2020-President-Marquette,Marquette Law School Poll,Marquette,2020-President-WI,2020,President,WI,"October 21-25, 2020",2020-10-25,9,749,LV,48.0,43.0,-5.49,-0.64,4.85,Race,White,White,51.1,48.9,51.1,46.9,7.98,4.45,,
WI-2022-Governor-Marquette,Marquette Law School Poll,Marquette,2022-Governor-WI,2022,Governor,WI,"October 24 - November 1, 2022",2022-11-01,7,679,LV,48.0,48.0,0.0,-3.43,3.43,Age,18-29,18-29,66.3,33.7,,,,2.45,,
WI-2022-Governor-Marquette,Marquette Law School Poll,Marquette,2022-Governor-WI,2022,Governor,WI,"October 24 - November 1, 2022",2022-11-01,7,679,LV,48.0,48.0,0.0,-3.43,3.43,Age,30-44,30-44,45.3,54.7,,,,2.45,,
WI-2022-Governor-Marquette,Marquette Law School Poll,Marquette,2022-Governor-WI,2022,Governor,WI,"October 24 - November 1, 2022",2022-11-01,7,679,LV,48.0,48.0,0.0,-3.43,3.43,Age,45-59,45-59,42.7,57.3,,,,2.45,,
WI-2022-Governor-Marquette,Marquette Law School Poll,Marquette,2022-Governor-WI,2022,Governor,WI,"October 24 - November 1, 2022",2022-11-01,7,679,LV,48.0,48.0,0.0,-3.43,3.43,Age,60+,60+,52.0,48.0,,,,2.45,,
WI-2022-Governor-Marquette,Marquette Law School Poll,Marquette,2022-Governor-WI,2022,Governor,WI,"October 24 - November 1, 2022",2022-11-01,7,679,LV,48.0,48.0,0.0,-3.43,3.43,Education,B.A.+,B.A.+,60.2,39.8,60.2,61.3,1.13,2.45,,
WI-2022-Governor-Marquette,Marquette Law School Poll,Marquette,2022-Governor-WI,2022,Governor,WI,"October 24 - November 1, 2022",2022-11-01,7,679,LV,48.0,48.0,0.0,-3.43,3.43,Education,No B.A.,No B.A.,42.5,57.5,42.5,45.4,1.13,2.45,,
WI-2022-Governor-Marquette,Marquette Law School Poll,Marquette,2022-Governor-WI,2022,Governor,WI,"October 24 - November 1, 2022",2022-11-01,7,679,LV,48.0,48.0,0.0,-3.43,3.43,Gender,Men,Men,40.4,59.6,40.4,45.5,3.58,2.45,,
WI-2022-Governor-Marquette,Marquette Law School Poll,Marquette,2022-Governor-WI,2022,Governor,WI,"October 24 - November 1, 2022",2022-11-01,7,679,LV,48.0,48.0,0.0,-3.43,3.43,Gender,Women,Women,58.2,41.8,58.2,56.6,3.58,2.45,,
WI-2022-Governor-Marquette,Marquette Law School Poll,Marquette,2022-Governor-WI,2022,Governor,WI,"October 24 - November 1, 2022",2022-11-01,7,679,LV,48.0,48.0,0.0,-3.43,3.43,Race,Black,Black,83.1,16.9,83.1,89.9,2.64,2.45,,
WI-2022-Governor-Marquette,Marquette Law School Poll,Marquette,2022-Governor-WI,2022,Governor,WI,"October 24 - November 1, 2022",2022-11-01,7,679,LV,48.0,48.0,0.0,-3.43,3.43,Race,Hispanic,Hispanic,69.1,30.9,69.1,76.0,2.64,2.45,,
WI-2022-Governor-Marquette,Marquette Law School Poll,Marquette,2022-Governor-WI,2022,Governor,WI,"October 24 - November 1, 2022",2022-11-01,7,679,LV,48.0,48.0,0.0,-3.43,3.43,Race,Other,Other,53.5,46.5,,,2.64,2.45,,
WI-2022-Governor-Marquette,Marquette Law School Poll,Marquette,2022-Governor-WI,2022,Governor,WI,"October 24 - November 1, 2022",2022-11-01,7,679,LV,48.0,48.0,0.0,-3.43,3.43,Race,White,White,48.5,51.5,48.5,47.5,2.64,2.45,,
WI-2022-Senate-Marquette,Marquette Law School Poll,Marquette,2022-Senate-WI,2022,Senate,WI,"October 24 - November 1, 2022",2022-11-01,7,679,LV,48.0,50.0,2.04,1.01,1.03,Age,18-29,18-29,68.0,32.0,,,,2.71,,
WI-2022-Senate-Marquette,Marquette Law School Poll,Marquette,2022-Senate-WI,2022,Senate,WI,"October 24 - November 1, 2022",2022-11-01,7,679,LV,48.0,50.0,2.04,1.01,1.03,Age,30-44,30-44,42.9,57.1,,,,2.71,,
WI-2022-Senate-Marquette,Marquette Law School Poll,Marquette,2022-Senate-WI,2022,Senate,WI,"October 24 - November 1, 2022",2022-11-01,7,679,LV,48.0,50.0,2.04,1.01,1.03,Age,45-59,45-59,44.4,55.6,,,,2.71,,
WI-2022-Senate-Marquette,Marquette Law School Poll,Marquette,2022-Senate-WI,2022,Senate,WI,"October 24 - November 1, 2022",2022-11-01,7,679,LV,48.0,50.0,2.04,1.01,1.03,Age,60+,60+,51.0,49.0,,,,2.71,,
WI-2022-Senate-Marquette,Marquette Law School Poll,Marquette,2022-Senate-WI,2022,Senate,WI,"October 24 - November 1, 2022",2022-11-01,7,679,LV,48.0,50.0,2.04,1.01,1.03,Education,B.A.+,B.A.+,58.6,41.4,58.6,59.3,0.24,2.71,,
WI-2022-Senate-Marquette,Marquette Law School Poll,Marquette,2022-Senate-WI,2022,Senate,WI,"October 24 - November 1, 2022",2022-11-01,7,679,LV,48.0,50.0,2.04,1.01,1.03,Education,No B.A.,No B.A.,42.5,57.5,42.5,43.4,0.24,2.71,,
WI-2022-Senate-Marquette,Marquette Law School Poll,Marquette,2022-Senate-WI,2022,Senate,WI,"October 24 - November 1, 2022",2022-11-01,7,679,LV,48.0,50.0,2.04,1.01,1.03,Gender,Men,Men,38.8,61.2,38.8,44.0,4.81,2.71,,
WI-2022-Senate-Marquette,Marquette Law School Poll,Marquette,2022-Senate-WI,2022,Senate,WI,"October 24 - November 1, 2022",2022-11-01,7,679,LV,48.0,50.0,2.04,1.01,1.03,Gender,Women,Women,58.6,41.4,58.6,54.5,4.81,2.71,,
WI-2022-Senate-Marquette,Marquette Law School Poll,Marquette,2022-Senate-WI,2022,Senate,WI,"October 24 - November 1, 2022",2022-11-01,7,679,LV,48.0,50.0,2.04,1.01,1.03,Race,Black,Black,87.0,13.0,87.0,90.0,3.07,2.71,,
WI-2022-Senate-Marquette,Marquette Law School Poll,Marquette,2022-Senate-WI,2022,Senate,WI,"October 24 - November 1, 2022",2022-11-01,7,679,LV,48.0,50.0,2.04,1.01,1.03,Race,Hispanic,Hispanic,64.0,36.0,64.0,74.0,3.07,2.71,,
WI-2022-Senate-Marquette,Marquette Law School Poll,Marquette,2022-Senate-WI,2022,Senate,WI,"October 24 - November 1, 2022",2022-11-01,7,679,LV,48.0,50.0,2.04,1.01,1.03,Race,Other,Other,66.0,34.0,,,3.07,2.71,,
WI-2022-Senate-Marquette,Marquette Law School Poll,Marquette,2022-Senate-WI,2022,Senate,WI,"October 24 - November 1, 2022",2022-11-01,7,679,LV,48.0,50.0,2.04,1.01,1.03,Race,White,White,46.9,53.1,46.9,45.0,3.07,2.71,,
WI-2024-President-Emerson,Emerson College Polling / The Hill,Emerson,2024-President-WI,2024,President,WI,"October 30-November 2, 2024",2024-11-02,3,800,LV,49.0,49.0,0.0,0.87,0.87,Age,18-29,18-29,65.5,34.5,,,,3.11,,
WI-2024-President-Emerson,Emerson College Polling / The Hill,Emerson,2024-President-WI,2024,President,WI,"October 30-November 2, 2024",2024-11-02,3,800,LV,49.0,49.0,0.0,0.87,0.87,Age,30-39,30-39,53.2,46.8,,,,3.11,,
WI-2024-President-Emerson,Emerson College Polling / The Hill,Emerson,2024-President-WI,2024,President,WI,"October 30-November 2, 2024",2024-11-02,3,800,LV,49.0,49.0,0.0,0.87,0.87,Age,40-49,40-49,46.5,53.5,,,,3.11,,
WI-2024-President-Emerson,Emerson College Polling / The Hill,Emerson,2024-President-WI,2024,President,WI,"October 30-November 2, 2024",2024-11-02,3,800,LV,49.0,49.0,0.0,0.87,0.87,Age,50-59,50-59,44.9,55.1,,,,3.11,,
WI-2024-President-Emerson,Emerson College Polling / The Hill,Emerson,2024-President-WI,2024,President,WI,"October 30-November 2, 2024",2024-11-02,3,800,LV,49.0,49.0,0.0,0.87,0.87,Age,60-69,60-69,46.3,53.7,,,,3.11,,
WI-2024-President-Emerson,Emerson College Polling / The Hill,Emerson,2024-President-WI,2024,President,WI,"October 30-November 2, 2024",2024-11-02,3,800,LV,49.0,49.0,0.0,0.87,0.87,Age,70+,70+,48.0,52.0,,,,3.11,,
WI-2024-President-Emerson,Emerson College Polling / The Hill,Emerson,2024-President-WI,2024,President,WI,"October 30-November 2, 2024",2024-11-02,3,800,LV,49.0,49.0,0.0,0.87,0.87,Education,B.A.+,B.A.+,57.6,42.4,57.6,58.8,1.26,3.11,,
WI-2024-President-Emerson,Emerson College Polling / The Hill,Emerson,2024-President-WI,2024,President,WI,"October 30-November 2, 2024",2024-11-02,3,800,LV,49.0,49.0,0.0,0.87,0.87,Education,No B.A.,No B.A.,45.6,54.4,45.6,44.2,1.26,3.11,,
WI-2024-President-Emerson,Emerson College Polling / The Hill,Emerson,2024-President-WI,2024,President,WI,"October 30-November 2, 2024",2024-11-02,3,800,LV,49.0,49.0,0.0,0.87,0.87,Gender,Men,Men,43.7,56.3,43.7,45.4,1.56,3.11,,
WI-2024-President-Emerson,Emerson College Polling / The Hill,Emerson,2024-President-WI,2024,President,WI,"October 30-November 2, 2024",2024-11-02,3,800,LV,49.0,49.0,0.0,0.87,0.87,Gender,Women,Women,55.4,44.6,55.4,54.0,1.56,3.11,,
WI-2024-President-Emerson,Emerson College Polling / The Hill,Emerson,2024-President-WI,2024,President,WI,"October 30-November 2, 2024",2024-11-02,3,800,LV,49.0,49.0,0.0,0.87,0.87,Race,Black,Black,90.9,9.1,90.9,77.0,6.52,3.11,,
WI-2024-President-Emerson,Emerson College Polling / The Hill,Emerson,2024-President-WI,2024,President,WI,"October 30-November 2, 2024",2024-11-02,3,800,LV,49.0,49.0,0.0,0.87,0.87,Race,Hispanic,Hispanic,57.3,42.7,57.3,61.2,6.52,3.11,,
WI-2024-President-Emerson,Emerson College Polling / The Hill,Emerson,2024-President-WI,2024,President,WI,"October 30-November 2, 2024",2024-11-02,3,800,LV,49.0,49.0,0.0,0.87,0.87,Race,White,White,46.1,53.9,46.1,46.5,6.52,3.11,,
WI-2024-President-InsiderAdvantage,InsiderAdvantage,InsiderAdvantage,2024-President-WI,2024,President,WI,"November 1-2, 2024",2024-11-02,3,800,LV,49.5,50.5,1.0,0.87,0.13,Age,18-39,18-39,52.1,47.9,,,,0.73,trafalgar_is,
WI-2024-President-InsiderAdvantage,InsiderAdvantage,InsiderAdvantage,2024-President-WI,2024,President,WI,"November 1-2, 2024",2024-11-02,3,800,LV,49.5,50.5,1.0,0.87,0.13,Age,40-64,40-64,49.6,50.4,,,,0.73,trafalgar_is,
WI-2024-President-InsiderAdvantage,InsiderAdvantage,InsiderAdvantage,2024-President-WI,2024,President,WI,"November 1-2, 2024",2024-11-02,3,800,LV,49.5,50.5,1.0,0.87,0.13,Age,65 or over,65 or over,48.2,51.8,,,,0.73,trafalgar_is,
WI-2024-President-InsiderAdvantage,InsiderAdvantage,InsiderAdvantage,2024-President-WI,2024,President,WI,"November 1-2, 2024",2024-11-02,3,800,LV,49.5,50.5,1.0,0.87,0.13,Gender,Men,Men,45.3,54.7,45.3,45.4,0.48,0.73,trafalgar_is,
WI-2024-President-InsiderAdvantage,InsiderAdvantage,InsiderAdvantage,2024-President-WI,2024,President,WI,"November 1-2, 2024",2024-11-02,3,800,LV,49.5,50.5,1.0,0.87,0.13,Gender,Women,Women,52.9,47.1,52.9,54.0,0.48,0.73,trafalgar_is,
WI-2024-President-InsiderAdvantage,InsiderAdvantage,InsiderAdvantage,2024-President-WI,2024,President,WI,"November 1-2, 2024",2024-11-02,3,800,LV,49.5,50.5,1.0,0.87,0.13,Race,Black,Black,79.7,20.3,79.7,77.0,0.99,0.73,trafalgar_is,
WI-2024-President-InsiderAdvantage,InsiderAdvantage,InsiderAdvantage,2024-President-WI,2024,President,WI,"November 1-2, 2024",2024-11-02,3,800,LV,49.5,50.5,1.0,0.87,0.13,Race,Other,Other,47.4,52.6,,,0.99,0.73,trafalgar_is,
WI-2024-President-InsiderAdvantage,InsiderAdvantage,InsiderAdvantage,2024-President-WI,2024,President,WI,"November 1-2, 2024",2024-11-02,3,800,LV,49.5,50.5,1.0,0.87,0.13,Race,White,White,46.1,53.9,46.1,46.5,0.99,0.73,trafalgar_is,
WI-2024-President-Marquette,Marquette Law School Poll,Marquette,2024-President-WI,2024,President,WI,"October 16-24, 2024",2024-10-24,12,753,LV,50.0,49.0,-1.01,0.87,1.88,Age,18-29,18-29,67.0,33.0,,,,4.34,,
WI-2024-President-Marquette,Marquette Law School Poll,Marquette,2024-President-WI,2024,President,WI,"October 16-24, 2024",2024-10-24,12,753,LV,50.0,49.0,-1.01,0.87,1.88,Age,30-44,30-44,54.0,46.0,,,,4.34,,
WI-2024-President-Marquette,Marquette Law School Poll,Marquette,2024-President-WI,2024,President,WI,"October 16-24, 2024",2024-10-24,12,753,LV,50.0,49.0,-1.01,0.87,1.88,Age,45-59,45-59,37.4,62.6,,,,4.34,,
WI-2024-President-Marquette,Marquette Law School Poll,Marquette,2024-President-WI,2024,President,WI,"October 16-24, 2024",2024-10-24,12,753,LV,50.0,49.0,-1.01,0.87,1.88,Age,60+,60+,51.0,49.0,,,,4.34,,
WI-2024-President-Marquette,Marquette Law School Poll,Marquette,2024-President-WI,2024,President,WI,"October 16-24, 2024",2024-10-24,12,753,LV,50.0,49.0,-1.01,0.87,1.88,Education,B.A.+,B.A.+,59.6,40.4,59.6,58.8,0.09,4.34,,
WI-2024-President-Marquette,Marquette Law School Poll,Marquette,2024-President-WI,2024,President,WI,"October 16-24, 2024",2024-10-24,12,753,LV,50.0,49.0,-1.01,0.87,1.88,Education,No B.A.,No B.A.,45.0,55.0,45.0,44.2,0.09,4.34,,
WI-2024-President-Marquette,Marquette Law School Poll,Marquette,2024-President-WI,2024,President,WI,"October 16-24, 2024",2024-10-24,12,753,LV,50.0,49.0,-1.01,0.87,1.88,Gender,Men,Men,42.4,57.6,42.4,45.4,3.84,4.34,,
WI-2024-President-Marquette,Marquette Law School Poll,Marquette,2024-President-WI,2024,President,WI,"October 16-24, 2024",2024-10-24,12,753,LV,50.0,49.0,-1.01,0.87,1.88,Gender,Women,Women,59.0,41.0,59.0,54.0,3.84,4.34,,
WI-2024-President-Marquette,Marquette Law School Poll,Marquette,2024-President-WI,2024,President,WI,"October 16-24, 2024",2024-10-24,12,753,LV,50.0,49.0,-1.01,0.87,1.88,Race,Black,Black,82.0,18.0,82.0,77.0,9.08,4.34,,
WI-2024-President-Marquette,Marquette Law School Poll,Marquette,2024-President-WI,2024,President,WI,"October 16-24, 2024",2024-10-24,12,753,LV,50.0,49.0,-1.01,0.87,1.88,Race,Hispanic,Hispanic,42.0,58.0,42.0,61.2,9.08,4.34,,
WI-2024-President-Marquette,Marquette Law School Poll,Marquette,2024-President-WI,2024,President,WI,"October 16-24, 2024",2024-10-24,12,753,LV,50.0,49.0,-1.01,0.87,1.88,Race,Other,Other,49.0,51.0,,,9.08,4.34,,
WI-2024-President-Marquette,Marquette Law School Poll,Marquette,2024-President-WI,2024,President,WI,"October 16-24, 2024",2024-10-24,12,753,LV,50.0,49.0,-1.01,0.87,1.88,Race,White,White,50.5,49.5,50.5,46.5,9.08,4.34,,
WI-2024-President-NYTSiena-lateOct,New York Times / Siena College,NYT/Siena,2024-President-WI,2024,President,WI,"October 25 - November 2, 2024",2024-11-02,3,1305,LV,49.0,47.0,-2.08,0.87,2.95,Age,18-29,18-29,58.5,41.5,58.5,50.1,7.44,4.12,,
WI-2024-President-NYTSiena-lateOct,New York Times / Siena College,NYT/Siena,2024-President-WI,2024,President,WI,"October 25 - November 2, 2024",2024-11-02,3,1305,LV,49.0,47.0,-2.08,0.87,2.95,Age,30-44,30-44,49.0,51.0,49.0,49.2,7.44,4.12,,
WI-2024-President-NYTSiena-lateOct,New York Times / Siena College,NYT/Siena,2024-President-WI,2024,President,WI,"October 25 - November 2, 2024",2024-11-02,3,1305,LV,49.0,47.0,-2.08,0.87,2.95,Age,45-64,45-64,49.0,51.0,49.0,41.0,7.44,4.12,,
WI-2024-President-NYTSiena-lateOct,New York Times / Siena College,NYT/Siena,2024-President-WI,2024,President,WI,"October 25 - November 2, 2024",2024-11-02,3,1305,LV,49.0,47.0,-2.08,0.87,2.95,Age,65+,65+,54.2,45.8,54.2,58.6,7.44,4.12,,
WI-2024-President-NYTSiena-lateOct,New York Times / Siena College,NYT/Siena,2024-President-WI,2024,President,WI,"October 25 - November 2, 2024",2024-11-02,3,1305,LV,49.0,47.0,-2.08,0.87,2.95,Education,B.A.+,B.A.+,65.3,34.7,65.3,58.8,2.78,4.12,,
WI-2024-President-NYTSiena-lateOct,New York Times / Siena College,NYT/Siena,2024-President-WI,2024,President,WI,"October 25 - November 2, 2024",2024-11-02,3,1305,LV,49.0,47.0,-2.08,0.87,2.95,Education,No B.A.,No B.A.,43.8,56.2,43.8,44.2,2.78,4.12,,
WI-2024-President-NYTSiena-lateOct,New York Times / Siena College,NYT/Siena,2024-President-WI,2024,President,WI,"October 25 - November 2, 2024",2024-11-02,3,1305,LV,49.0,47.0,-2.08,0.87,2.95,Gender,Men,Men,42.1,57.9,42.1,45.4,3.93,4.12,,
WI-2024-President-NYTSiena-lateOct,New York Times / Siena College,NYT/Siena,2024-President-WI,2024,President,WI,"October 25 - November 2, 2024",2024-11-02,3,1305,LV,49.0,47.0,-2.08,0.87,2.95,Gender,Women,Women,58.8,41.2,58.8,54.0,3.93,4.12,,
WI-2024-President-NYTSiena-lateOct,New York Times / Siena College,NYT/Siena,2024-President-WI,2024,President,WI,"October 25 - November 2, 2024",2024-11-02,3,1305,LV,49.0,47.0,-2.08,0.87,2.95,Race,Black,Black,91.7,8.3,91.7,77.0,2.35,4.12,,
WI-2024-President-NYTSiena-lateOct,New York Times / Siena College,NYT/Siena,2024-President-WI,2024,President,WI,"October 25 - November 2, 2024",2024-11-02,3,1305,LV,49.0,47.0,-2.08,0.87,2.95,Race,Other,Other,50.5,49.5,,,2.35,4.12,,
WI-2024-President-NYTSiena-lateOct,New York Times / Siena College,NYT/Siena,2024-President-WI,2024,President,WI,"October 25 - November 2, 2024",2024-11-02,3,1305,LV,49.0,47.0,-2.08,0.87,2.95,Race,White,White,50.0,50.0,50.0,46.5,2.35,4.12,,
WI-2024-President-Quinnipiac-Oct,Quinnipiac University Poll,Quinnipiac,2024-President-WI,2024,President,WI,"October 3-7, 2024",2024-10-07,29,1073,LV,46.0,48.0,2.13,0.87,1.26,Age,18-34,18-34,52.2,47.8,,,,4.45,,
WI-2024-President-Quinnipiac-Oct,Quinnipiac University Poll,Quinnipiac,2024-President-WI,2024,President,WI,"October 3-7, 2024",2024-10-07,29,1073,LV,46.0,48.0,2.13,0.87,1.26,Age,35-49,35-49,46.8,53.2,,,,4.45,,
WI-2024-President-Quinnipiac-Oct,Quinnipiac University Poll,Quinnipiac,2024-President-WI,2024,President,WI,"October 3-7, 2024",2024-10-07,29,1073,LV,46.0,48.0,2.13,0.87,1.26,Age,50-64,50-64,43.8,56.2,,,,4.45,,
WI-2024-President-Quinnipiac-Oct,Quinnipiac University Poll,Quinnipiac,2024-President-WI,2024,President,WI,"October 3-7, 2024",2024-10-07,29,1073,LV,46.0,48.0,2.13,0.87,1.26,Age,65+,65+,57.3,42.7,,,,4.45,,
WI-2024-President-Quinnipiac-Oct,Quinnipiac University Poll,Quinnipiac,2024-President-WI,2024,President,WI,"October 3-7, 2024",2024-10-07,29,1073,LV,46.0,48.0,2.13,0.87,1.26,Education,Wht B.A.+,Wht B.A.+,47.9,52.1,,,,4.45,,
WI-2024-President-Quinnipiac-Oct,Quinnipiac University Poll,Quinnipiac,2024-President-WI,2024,President,WI,"October 3-7, 2024",2024-10-07,29,1073,LV,46.0,48.0,2.13,0.87,1.26,Education,Wht no B.A.,Wht no B.A.,57.3,42.7,,,,4.45,,
WI-2024-President-Quinnipiac-Oct,Quinnipiac University Poll,Quinnipiac,2024-President-WI,2024,President,WI,"October 3-7, 2024",2024-10-07,29,1073,LV,46.0,48.0,2.13,0.87,1.26,Gender,Men,Men,39.8,60.2,39.8,45.4,4.45,4.45,,
WI-2024-President-Quinnipiac-Oct,Quinnipiac University Poll,Quinnipiac,2024-President-WI,2024,President,WI,"October 3-7, 2024",2024-10-07,29,1073,LV,46.0,48.0,2.13,0.87,1.26,Gender,Women,Women,56.8,43.2,56.8,54.0,4.45,4.45,,
WI-2024-President-Rasmussen,Rasmussen Reports / American Thinker,Rasmussen,2024-President-WI,2024,President,WI,"October 25-29, 2024",2024-10-29,7,818,LV,48.5,51.5,3.0,0.87,2.13,Age,18-29,18-29,58.1,41.9,,,,2.68,ras_pa,
WI-2024-President-Rasmussen,Rasmussen Reports / American Thinker,Rasmussen,2024-President-WI,2024,President,WI,"October 25-29, 2024",2024-10-29,7,818,LV,48.5,51.5,3.0,0.87,2.13,Age,30-39,30-39,55.2,44.8,,,,2.68,ras_pa,
WI-2024-President-Rasmussen,Rasmussen Reports / American Thinker,Rasmussen,2024-President-WI,2024,President,WI,"October 25-29, 2024",2024-10-29,7,818,LV,48.5,51.5,3.0,0.87,2.13,Age,40-49,40-49,47.9,52.1,,,,2.68,ras_pa,
WI-2024-President-Rasmussen,Rasmussen Reports / American Thinker,Rasmussen,2024-President-WI,2024,President,WI,"October 25-29, 2024",2024-10-29,7,818,LV,48.5,51.5,3.0,0.87,2.13,Age,50-64,50-64,41.8,58.2,,,,2.68,ras_pa,
WI-2024-President-Rasmussen,Rasmussen Reports / American Thinker,Rasmussen,2024-President-WI,2024,President,WI,"October 25-29, 2024",2024-10-29,7,818,LV,48.5,51.5,3.0,0.87,2.13,Age,65+,65+,48.5,51.5,,,,2.68,ras_pa,
WI-2024-President-Rasmussen,Rasmussen Reports / American Thinker,Rasmussen,2024-President-WI,2024,President,WI,"October 25-29, 2024",2024-10-29,7,818,LV,48.5,51.5,3.0,0.87,2.13,Education,B.A.+,B.A.+,54.8,45.2,54.8,58.8,1.33,2.68,ras_pa,
WI-2024-President-Rasmussen,Rasmussen Reports / American Thinker,Rasmussen,2024-President-WI,2024,President,WI,"October 25-29, 2024",2024-10-29,7,818,LV,48.5,51.5,3.0,0.87,2.13,Education,No B.A.,No B.A.,43.5,56.5,43.5,44.2,1.33,2.68,ras_pa,
WI-2024-President-Rasmussen,Rasmussen Reports / American Thinker,Rasmussen,2024-President-WI,2024,President,WI,"October 25-29, 2024",2024-10-29,7,818,LV,48.5,51.5,3.0,0.87,2.13,Gender,Men,Men,42.4,57.6,42.4,45.4,2.21,2.68,ras_pa,
WI-2024-President-Rasmussen,Rasmussen Reports / American Thinker,Rasmussen,2024-President-WI,2024,President,WI,"October 25-29, 2024",2024-10-29,7,818,LV,48.5,51.5,3.0,0.87,2.13,Gender,Women,Women,55.2,44.8,55.2,54.0,2.21,2.68,ras_pa,
WI-2024-President-Rasmussen,Rasmussen Reports / American Thinker,Rasmussen,2024-President-WI,2024,President,WI,"October 25-29, 2024",2024-10-29,7,818,LV,48.5,51.5,3.0,0.87,2.13,Race,Black,Black,67.4,32.6,67.4,77.0,4.49,2.68,ras_pa,
WI-2024-President-Rasmussen,Rasmussen Reports / American Thinker,Rasmussen,2024-President-WI,2024,President,WI,"October 25-29, 2024",2024-10-29,7,818,LV,48.5,51.5,3.0,0.87,2.13,Race,Hispanic,Hispanic,60.6,39.4,60.6,61.2,4.49,2.68,ras_pa,
WI-2024-President-Rasmussen,Rasmussen Reports / American Thinker,Rasmussen,2024-President-WI,2024,President,WI,"October 25-29, 2024",2024-10-29,7,818,LV,48.5,51.5,3.0,0.87,2.13,Race,Other,Other,42.4,57.6,,,4.49,2.68,ras_pa,
WI-2024-President-Rasmussen,Rasmussen Reports / American Thinker,Rasmussen,2024-President-WI,2024,President,WI,"October 25-29, 2024",2024-10-29,7,818,LV,48.5,51.5,3.0,0.87,2.13,Race,White,White,46.4,53.6,46.4,46.5,4.49,2.68,ras_pa,
WI-2024-Senate-Emerson,Emerson College Polling / The Hill,Emerson,2024-Senate-WI,2024,Senate,WI,"October 30-November 2, 2024",2024-11-02,3,800,LV,51.0,45.0,-6.25,-0.87,5.38,Age,18-29,18-29,69.9,30.1,,,,3.54,,
WI-2024-Senate-Emerson,Emerson College Polling / The Hill,Emerson,2024-Senate-WI,2024,Senate,WI,"October 30-November 2, 2024",2024-11-02,3,800,LV,51.0,45.0,-6.25,-0.87,5.38,Age,30-39,30-39,56.7,43.3,,,,3.54,,
WI-2024-Senate-Emerson,Emerson College Polling / The Hill,Emerson,2024-Senate-WI,2024,Senate,WI,"October 30-November 2, 2024",2024-11-02,3,800,LV,51.0,45.0,-6.25,-0.87,5.38,Age,40-49,40-49,52.7,47.3,,,,3.54,,
WI-2024-Senate-Emerson,Emerson College Polling / The Hill,Emerson,2024-Senate-WI,2024,Senate,WI,"October 30-November 2, 2024",2024-11-02,3,800,LV,51.0,45.0,-6.25,-0.87,5.38,Age,50-59,50-59,48.5,51.5,,,,3.54,,
WI-2024-Senate-Emerson,Emerson College Polling / The Hill,Emerson,2024-Senate-WI,2024,Senate,WI,"October 30-November 2, 2024",2024-11-02,3,800,LV,51.0,45.0,-6.25,-0.87,5.38,Age,60-69,60-69,46.9,53.1,,,,3.54,,
WI-2024-Senate-Emerson,Emerson College Polling / The Hill,Emerson,2024-Senate-WI,2024,Senate,WI,"October 30-November 2, 2024",2024-11-02,3,800,LV,51.0,45.0,-6.25,-0.87,5.38,Age,70+,70+,49.1,50.9,,,,3.54,,
WI-2024-Senate-Emerson,Emerson College Polling / The Hill,Emerson,2024-Senate-WI,2024,Senate,WI,"October 30-November 2, 2024",2024-11-02,3,800,LV,51.0,45.0,-6.25,-0.87,5.38,Education,B.A.+,B.A.+,57.8,42.2,57.8,58.4,2.36,3.54,,
WI-2024-Senate-Emerson,Emerson College Polling / The Hill,Emerson,2024-Senate-WI,2024,Senate,WI,"October 30-November 2, 2024",2024-11-02,3,800,LV,51.0,45.0,-6.25,-0.87,5.38,Education,No B.A.,No B.A.,49.8,50.2,49.8,45.7,2.36,3.54,,
WI-2024-Senate-Emerson,Emerson College Polling / The Hill,Emerson,2024-Senate-WI,2024,Senate,WI,"October 30-November 2, 2024",2024-11-02,3,800,LV,51.0,45.0,-6.25,-0.87,5.38,Gender,Men,Men,45.8,54.2,45.8,46.4,2.09,3.54,,
WI-2024-Senate-Emerson,Emerson College Polling / The Hill,Emerson,2024-Senate-WI,2024,Senate,WI,"October 30-November 2, 2024",2024-11-02,3,800,LV,51.0,45.0,-6.25,-0.87,5.38,Gender,Women,Women,59.2,40.8,59.2,55.1,2.09,3.54,,
WI-2024-Senate-Emerson,Emerson College Polling / The Hill,Emerson,2024-Senate-WI,2024,Senate,WI,"October 30-November 2, 2024",2024-11-02,3,800,LV,51.0,45.0,-6.25,-0.87,5.38,Race,Black,Black,94.8,5.2,94.8,77.0,6.16,3.54,,
WI-2024-Senate-Emerson,Emerson College Polling / The Hill,Emerson,2024-Senate-WI,2024,Senate,WI,"October 30-November 2, 2024",2024-11-02,3,800,LV,51.0,45.0,-6.25,-0.87,5.38,Race,Hispanic,Hispanic,60.9,39.1,60.9,64.9,6.16,3.54,,
WI-2024-Senate-Emerson,Emerson College Polling / The Hill,Emerson,2024-Senate-WI,2024,Senate,WI,"October 30-November 2, 2024",2024-11-02,3,800,LV,51.0,45.0,-6.25,-0.87,5.38,Race,White,White,49.5,50.5,49.5,46.9,6.16,3.54,,
WI-2024-Senate-InsiderAdvantage,InsiderAdvantage,InsiderAdvantage,2024-Senate-WI,2024,Senate,WI,"November 1-2, 2024",2024-11-02,3,800,LV,49.5,50.5,1.0,-0.87,1.87,Age,18-39,18-39,52.3,47.7,,,,0.9,trafalgar_is,
WI-2024-Senate-InsiderAdvantage,InsiderAdvantage,InsiderAdvantage,2024-Senate-WI,2024,Senate,WI,"November 1-2, 2024",2024-11-02,3,800,LV,49.5,50.5,1.0,-0.87,1.87,Age,40-64,40-64,50.6,49.4,,,,0.9,trafalgar_is,
WI-2024-Senate-InsiderAdvantage,InsiderAdvantage,InsiderAdvantage,2024-Senate-WI,2024,Senate,WI,"November 1-2, 2024",2024-11-02,3,800,LV,49.5,50.5,1.0,-0.87,1.87,Age,65 or over,65 or over,46.9,53.1,,,,0.9,trafalgar_is,
WI-2024-Senate-InsiderAdvantage,InsiderAdvantage,InsiderAdvantage,2024-Senate-WI,2024,Senate,WI,"November 1-2, 2024",2024-11-02,3,800,LV,49.5,50.5,1.0,-0.87,1.87,Gender,Men,Men,44.5,55.5,44.5,46.4,0.76,0.9,trafalgar_is,
WI-2024-Senate-InsiderAdvantage,InsiderAdvantage,InsiderAdvantage,2024-Senate-WI,2024,Senate,WI,"November 1-2, 2024",2024-11-02,3,800,LV,49.5,50.5,1.0,-0.87,1.87,Gender,Women,Women,54.5,45.5,54.5,55.1,0.76,0.9,trafalgar_is,
WI-2024-Senate-InsiderAdvantage,InsiderAdvantage,InsiderAdvantage,2024-Senate-WI,2024,Senate,WI,"November 1-2, 2024",2024-11-02,3,800,LV,49.5,50.5,1.0,-0.87,1.87,Race,Black,Black,79.9,20.1,79.9,77.0,1.03,0.9,trafalgar_is,
WI-2024-Senate-InsiderAdvantage,InsiderAdvantage,InsiderAdvantage,2024-Senate-WI,2024,Senate,WI,"November 1-2, 2024",2024-11-02,3,800,LV,49.5,50.5,1.0,-0.87,1.87,Race,Other,Other,44.2,55.8,,,1.03,0.9,trafalgar_is,
WI-2024-Senate-InsiderAdvantage,InsiderAdvantage,InsiderAdvantage,2024-Senate-WI,2024,Senate,WI,"November 1-2, 2024",2024-11-02,3,800,LV,49.5,50.5,1.0,-0.87,1.87,Race,White,White,46.6,53.4,46.6,46.9,1.03,0.9,trafalgar_is,
WI-2024-Senate-Marquette,Marquette Law School Poll,Marquette,2024-Senate-WI,2024,Senate,WI,"October 16-24, 2024",2024-10-24,12,753,LV,51.0,49.0,-2.0,-0.87,1.13,Age,18-29,18-29,60.6,39.4,,,,3.49,,
WI-2024-Senate-Marquette,Marquette Law School Poll,Marquette,2024-Senate-WI,2024,Senate,WI,"October 16-24, 2024",2024-10-24,12,753,LV,51.0,49.0,-2.0,-0.87,1.13,Age,30-44,30-44,58.0,42.0,,,,3.49,,
WI-2024-Senate-Marquette,Marquette Law School Poll,Marquette,2024-Senate-WI,2024,Senate,WI,"October 16-24, 2024",2024-10-24,12,753,LV,51.0,49.0,-2.0,-0.87,1.13,Age,45-59,45-59,39.0,61.0,,,,3.49,,
WI-2024-Senate-Marquette,Marquette Law School Poll,Marquette,2024-Senate-WI,2024,Senate,WI,"October 16-24, 2024",2024-10-24,12,753,LV,51.0,49.0,-2.0,-0.87,1.13,Age,60+,60+,50.0,50.0,,,,3.49,,
WI-2024-Senate-Marquette,Marquette Law School Poll,Marquette,2024-Senate-WI,2024,Senate,WI,"October 16-24, 2024",2024-10-24,12,753,LV,51.0,49.0,-2.0,-0.87,1.13,Education,B.A.+,B.A.+,58.0,42.0,58.0,58.4,0.58,3.49,,
WI-2024-Senate-Marquette,Marquette Law School Poll,Marquette,2024-Senate-WI,2024,Senate,WI,"October 16-24, 2024",2024-10-24,12,753,LV,51.0,49.0,-2.0,-0.87,1.13,Education,No B.A.,No B.A.,46.5,53.5,46.5,45.7,0.58,3.49,,
WI-2024-Senate-Marquette,Marquette Law School Poll,Marquette,2024-Senate-WI,2024,Senate,WI,"October 16-24, 2024",2024-10-24,12,753,LV,51.0,49.0,-2.0,-0.87,1.13,Gender,Men,Men,43.0,57.0,43.0,46.4,3.13,3.49,,
WI-2024-Senate-Marquette,Marquette Law School Poll,Marquette,2024-Senate-WI,2024,Senate,WI,"October 16-24, 2024",2024-10-24,12,753,LV,51.0,49.0,-2.0,-0.87,1.13,Gender,Women,Women,58.0,42.0,58.0,55.1,3.13,3.49,,
WI-2024-Senate-Marquette,Marquette Law School Poll,Marquette,2024-Senate-WI,2024,Senate,WI,"October 16-24, 2024",2024-10-24,12,753,LV,51.0,49.0,-2.0,-0.87,1.13,Race,Black,Black,95.0,5.0,95.0,77.0,6.75,3.49,,
WI-2024-Senate-Marquette,Marquette Law School Poll,Marquette,2024-Senate-WI,2024,Senate,WI,"October 16-24, 2024",2024-10-24,12,753,LV,51.0,49.0,-2.0,-0.87,1.13,Race,Hispanic,Hispanic,59.0,41.0,59.0,64.9,6.75,3.49,,
WI-2024-Senate-Marquette,Marquette Law School Poll,Marquette,2024-Senate-WI,2024,Senate,WI,"October 16-24, 2024",2024-10-24,12,753,LV,51.0,49.0,-2.0,-0.87,1.13,Race,Other,Other,53.0,47.0,,,6.75,3.49,,
WI-2024-Senate-Marquette,Marquette Law School Poll,Marquette,2024-Senate-WI,2024,Senate,WI,"October 16-24, 2024",2024-10-24,12,753,LV,51.0,49.0,-2.0,-0.87,1.13,Race,White,White,49.0,51.0,49.0,46.9,6.75,3.49,,
WI-2024-Senate-NYTSiena-lateOct,New York Times / Siena College,NYT/Siena,2024-Senate-WI,2024,Senate,WI,"October 25 - November 2, 2024",2024-11-02,3,1305,LV,50.0,46.0,-4.17,-0.87,3.3,Age,18-29,18-29,61.3,38.7,61.3,55.3,5.11,3.26,,
WI-2024-Senate-NYTSiena-lateOct,New York Times / Siena College,NYT/Siena,2024-Senate-WI,2024,Senate,WI,"October 25 - November 2, 2024",2024-11-02,3,1305,LV,50.0,46.0,-4.17,-0.87,3.3,Age,30-44,30-44,50.0,50.0,50.0,50.6,5.11,3.26,,
WI-2024-Senate-NYTSiena-lateOct,New York Times / Siena College,NYT/Siena,2024-Senate-WI,2024,Senate,WI,"October 25 - November 2, 2024",2024-11-02,3,1305,LV,50.0,46.0,-4.17,-0.87,3.3,Age,45-64,45-64,50.5,49.5,50.5,39.8,5.11,3.26,,
WI-2024-Senate-NYTSiena-lateOct,New York Times / Siena College,NYT/Siena,2024-Senate-WI,2024,Senate,WI,"October 25 - November 2, 2024",2024-11-02,3,1305,LV,50.0,46.0,-4.17,-0.87,3.3,Age,65+,65+,54.2,45.8,54.2,58.2,5.11,3.26,,
WI-2024-Senate-NYTSiena-lateOct,New York Times / Siena College,NYT/Siena,2024-Senate-WI,2024,Senate,WI,"October 25 - November 2, 2024",2024-11-02,3,1305,LV,50.0,46.0,-4.17,-0.87,3.3,Education,B.A.+,B.A.+,65.3,34.7,65.3,58.4,3.56,3.26,,
WI-2024-Senate-NYTSiena-lateOct,New York Times / Siena College,NYT/Siena,2024-Senate-WI,2024,Senate,WI,"October 25 - November 2, 2024",2024-11-02,3,1305,LV,50.0,46.0,-4.17,-0.87,3.3,Education,No B.A.,No B.A.,44.2,55.8,44.2,45.7,3.56,3.26,,
WI-2024-Senate-NYTSiena-lateOct,New York Times / Siena College,NYT/Siena,2024-Senate-WI,2024,Senate,WI,"October 25 - November 2, 2024",2024-11-02,3,1305,LV,50.0,46.0,-4.17,-0.87,3.3,Gender,Men,Men,43.2,56.8,43.2,46.4,3.6,3.26,,
WI-2024-Senate-NYTSiena-lateOct,New York Times / Siena College,NYT/Siena,2024-Senate-WI,2024,Senate,WI,"October 25 - November 2, 2024",2024-11-02,3,1305,LV,50.0,46.0,-4.17,-0.87,3.3,Gender,Women,Women,59.4,40.6,59.4,55.1,3.6,3.26,,
WI-2024-Senate-NYTSiena-lateOct,New York Times / Siena College,NYT/Siena,2024-Senate-WI,2024,Senate,WI,"October 25 - November 2, 2024",2024-11-02,3,1305,LV,50.0,46.0,-4.17,-0.87,3.3,Race,Black,Black,86.5,13.5,86.5,77.0,0.78,3.26,,
WI-2024-Senate-NYTSiena-lateOct,New York Times / Siena College,NYT/Siena,2024-Senate-WI,2024,Senate,WI,"October 25 - November 2, 2024",2024-11-02,3,1305,LV,50.0,46.0,-4.17,-0.87,3.3,Race,Other,Other,57.0,43.0,,,0.78,3.26,,
WI-2024-Senate-NYTSiena-lateOct,New York Times / Siena College,NYT/Siena,2024-Senate-WI,2024,Senate,WI,"October 25 - November 2, 2024",2024-11-02,3,1305,LV,50.0,46.0,-4.17,-0.87,3.3,Race,White,White,51.0,49.0,51.0,46.9,0.78,3.26,,
WI-2024-Senate-Quinnipiac-Oct,Quinnipiac University Poll,Quinnipiac,2024-Senate-WI,2024,Senate,WI,"October 3-7, 2024",2024-10-07,29,1073,LV,50.0,46.0,-4.17,-0.87,3.3,Age,18-34,18-34,59.8,40.2,,,,3.93,,
WI-2024-Senate-Quinnipiac-Oct,Quinnipiac University Poll,Quinnipiac,2024-Senate-WI,2024,Senate,WI,"October 3-7, 2024",2024-10-07,29,1073,LV,50.0,46.0,-4.17,-0.87,3.3,Age,35-49,35-49,48.5,51.5,,,,3.93,,
WI-2024-Senate-Quinnipiac-Oct,Quinnipiac University Poll,Quinnipiac,2024-Senate-WI,2024,Senate,WI,"October 3-7, 2024",2024-10-07,29,1073,LV,50.0,46.0,-4.17,-0.87,3.3,Age,50-64,50-64,47.5,52.5,,,,3.93,,
WI-2024-Senate-Quinnipiac-Oct,Quinnipiac University Poll,Quinnipiac,2024-Senate-WI,2024,Senate,WI,"October 3-7, 2024",2024-10-07,29,1073,LV,50.0,46.0,-4.17,-0.87,3.3,Age,65+,65+,57.1,42.9,,,,3.93,,
WI-2024-Senate-Quinnipiac-Oct,Quinnipiac University Poll,Quinnipiac,2024-Senate-WI,2024,Senate,WI,"October 3-7, 2024",2024-10-07,29,1073,LV,50.0,46.0,-4.17,-0.87,3.3,Education,Wht B.A.+,Wht B.A.+,51.0,49.0,,,,3.93,,
WI-2024-Senate-Quinnipiac-Oct,Quinnipiac University Poll,Quinnipiac,2024-Senate-WI,2024,Senate,WI,"October 3-7, 2024",2024-10-07,29,1073,LV,50.0,46.0,-4.17,-0.87,3.3,Education,Wht no B.A.,Wht no B.A.,63.7,36.3,,,,3.93,,
WI-2024-Senate-Quinnipiac-Oct,Quinnipiac University Poll,Quinnipiac,2024-Senate-WI,2024,Senate,WI,"October 3-7, 2024",2024-10-07,29,1073,LV,50.0,46.0,-4.17,-0.87,3.3,Gender,Men,Men,43.2,56.8,43.2,46.4,3.93,3.93,,
WI-2024-Senate-Quinnipiac-Oct,Quinnipiac University Poll,Quinnipiac,2024-Senate-WI,2024,Senate,WI,"October 3-7, 2024",2024-10-07,29,1073,LV,50.0,46.0,-4.17,-0.87,3.3,Gender,Women,Women,60.2,39.8,60.2,55.1,3.93,3.93,,
WI-2024-Senate-Rasmussen,Rasmussen Reports / American Thinker,Rasmussen,2024-Senate-WI,2024,Senate,WI,"October 25-29, 2024",2024-10-29,7,818,LV,50.0,50.0,0.0,-0.87,0.87,Age,18-29,18-29,60.5,39.5,,,,2.51,ras_pa,
WI-2024-Senate-Rasmussen,Rasmussen Reports / American Thinker,Rasmussen,2024-Senate-WI,2024,Senate,WI,"October 25-29, 2024",2024-10-29,7,818,LV,50.0,50.0,0.0,-0.87,0.87,Age,30-39,30-39,53.8,46.2,,,,2.51,ras_pa,
WI-2024-Senate-Rasmussen,Rasmussen Reports / American Thinker,Rasmussen,2024-Senate-WI,2024,Senate,WI,"October 25-29, 2024",2024-10-29,7,818,LV,50.0,50.0,0.0,-0.87,0.87,Age,40-49,40-49,51.6,48.4,,,,2.51,ras_pa,
WI-2024-Senate-Rasmussen,Rasmussen Reports / American Thinker,Rasmussen,2024-Senate-WI,2024,Senate,WI,"October 25-29, 2024",2024-10-29,7,818,LV,50.0,50.0,0.0,-0.87,0.87,Age,50-64,50-64,42.7,57.3,,,,2.51,ras_pa,
WI-2024-Senate-Rasmussen,Rasmussen Reports / American Thinker,Rasmussen,2024-Senate-WI,2024,Senate,WI,"October 25-29, 2024",2024-10-29,7,818,LV,50.0,50.0,0.0,-0.87,0.87,Age,65+,65+,49.0,51.0,,,,2.51,ras_pa,
WI-2024-Senate-Rasmussen,Rasmussen Reports / American Thinker,Rasmussen,2024-Senate-WI,2024,Senate,WI,"October 25-29, 2024",2024-10-29,7,818,LV,50.0,50.0,0.0,-0.87,0.87,Education,B.A.+,B.A.+,55.9,44.1,55.9,58.4,0.12,2.51,ras_pa,
WI-2024-Senate-Rasmussen,Rasmussen Reports / American Thinker,Rasmussen,2024-Senate-WI,2024,Senate,WI,"October 25-29, 2024",2024-10-29,7,818,LV,50.0,50.0,0.0,-0.87,0.87,Education,No B.A.,No B.A.,44.0,56.0,44.0,45.7,0.12,2.51,ras_pa,
WI-2024-Senate-Rasmussen,Rasmussen Reports / American Thinker,Rasmussen,2024-Senate-WI,2024,Senate,WI,"October 25-29, 2024",2024-10-29,7,818,LV,50.0,50.0,0.0,-0.87,0.87,Gender,Men,Men,43.4,56.6,43.4,46.4,2.05,2.51,ras_pa,
WI-2024-Senate-Rasmussen,Rasmussen Reports / American Thinker,Rasmussen,2024-Senate-WI,2024,Senate,WI,"October 25-29, 2024",2024-10-29,7,818,LV,50.0,50.0,0.0,-0.87,0.87,Gender,Women,Women,56.0,44.0,56.0,55.1,2.05,2.51,ras_pa,
WI-2024-Senate-Rasmussen,Rasmussen Reports / American Thinker,Rasmussen,2024-Senate-WI,2024,Senate,WI,"October 25-29, 2024",2024-10-29,7,818,LV,50.0,50.0,0.0,-0.87,0.87,Race,Black,Black,67.1,32.9,67.1,77.0,5.37,2.51,ras_pa,
WI-2024-Senate-Rasmussen,Rasmussen Reports / American Thinker,Rasmussen,2024-Senate-WI,2024,Senate,WI,"October 25-29, 2024",2024-10-29,7,818,LV,50.0,50.0,0.0,-0.87,0.87,Race,Hispanic,Hispanic,67.0,33.0,67.0,64.9,5.37,2.51,ras_pa,
WI-2024-Senate-Rasmussen,Rasmussen Reports / American Thinker,Rasmussen,2024-Senate-WI,2024,Senate,WI,"October 25-29, 2024",2024-10-29,7,818,LV,50.0,50.0,0.0,-0.87,0.87,Race,Other,Other,40.0,60.0,,,5.37,2.51,ras_pa,
WI-2024-Senate-Rasmussen,Rasmussen Reports / American Thinker,Rasmussen,2024-Senate-WI,2024,Senate,WI,"October 25-29, 2024",2024-10-29,7,818,LV,50.0,50.0,0.0,-0.87,0.87,Race,White,White,47.9,52.1,47.9,46.9,5.37,2.51,ras_pa,
2024-President-IN|Emerson indiana-september-2024-poll-trump-57-har,Emerson College Polling,Emerson,emerson_1DyXtvKL_IN_President_crosst,2024,President,IN,,2024-09-13,53,1000,LV,41.2,58.8,17.62,,,Race,Hispanic,Hispanic,54.27,45.73,,,,,emerson_sheets,2024-09-12
2024-President-IN|Emerson indiana-september-2024-poll-trump-57-har,Emerson College Polling,Emerson,emerson_1DyXtvKL_IN_President_crosst,2024,President,IN,,2024-09-13,53,1000,LV,41.2,58.8,17.62,,,Race,White,White,36.72,63.28,,,,,emerson_sheets,2024-09-12
2024-President-IN|Emerson indiana-september-2024-poll-trump-57-har,Emerson College Polling,Emerson,emerson_1DyXtvKL_IN_President_crosst,2024,President,IN,,2024-09-13,53,1000,LV,41.2,58.8,17.62,,,Race,Black,Black,86.33,13.67,,,,,emerson_sheets,2024-09-12
2024-President-IN|Emerson indiana-september-2024-poll-trump-57-har,Emerson College Polling,Emerson,emerson_1DyXtvKL_IN_President_crosst,2024,President,IN,,2024-09-13,53,1000,LV,41.2,58.8,17.62,,,Race,Asian,Asian,15.12,84.88,,,,,emerson_sheets,2024-09-12
2024-President-IN|Emerson indiana-september-2024-poll-trump-57-har,Emerson College Polling,Emerson,emerson_1DyXtvKL_IN_President_crosst,2024,President,IN,,2024-09-13,53,1000,LV,41.2,58.8,17.62,,,Race,Other,Other,31.82,68.18,,,,,emerson_sheets,2024-09-12
2024-President-IN|Emerson indiana-september-2024-poll-trump-57-har,Emerson College Polling,Emerson,emerson_1DyXtvKL_IN_President_crosst,2024,President,IN,,2024-09-13,53,1000,LV,41.2,58.8,17.62,,,Age,18-29 years,18-29 years,45.5,54.5,,,,,emerson_sheets,2024-09-12
2024-President-IN|Emerson indiana-september-2024-poll-trump-57-har,Emerson College Polling,Emerson,emerson_1DyXtvKL_IN_President_crosst,2024,President,IN,,2024-09-13,53,1000,LV,41.2,58.8,17.62,,,Age,30-39 years,30-39 years,48.89,51.11,,,,,emerson_sheets,2024-09-12
2024-President-IN|Emerson indiana-september-2024-poll-trump-57-har,Emerson College Polling,Emerson,emerson_1DyXtvKL_IN_President_crosst,2024,President,IN,,2024-09-13,53,1000,LV,41.2,58.8,17.62,,,Age,40-49 years,40-49,37.39,62.61,,,,,emerson_sheets,2024-09-12
2024-President-IN|Emerson indiana-september-2024-poll-trump-57-har,Emerson College Polling,Emerson,emerson_1DyXtvKL_IN_President_crosst,2024,President,IN,,2024-09-13,53,1000,LV,41.2,58.8,17.62,,,Age,50-59 years,50-59,37.13,62.87,,,,,emerson_sheets,2024-09-12
2024-President-IN|Emerson indiana-september-2024-poll-trump-57-har,Emerson College Polling,Emerson,emerson_1DyXtvKL_IN_President_crosst,2024,President,IN,,2024-09-13,53,1000,LV,41.2,58.8,17.62,,,Age,60-69 years,60-69,38.62,61.38,,,,,emerson_sheets,2024-09-12
2024-President-IN|Emerson indiana-september-2024-poll-trump-57-har,Emerson College Polling,Emerson,emerson_1DyXtvKL_IN_President_crosst,2024,President,IN,,2024-09-13,53,1000,LV,41.2,58.8,17.62,,,Age,70 or more years,70 or more years,41.77,58.23,,,,,emerson_sheets,2024-09-12
2024-President-IN|Emerson indiana-september-2024-poll-trump-57-har,Emerson College Polling,Emerson,emerson_1DyXtvKL_IN_President_crosst,2024,President,IN,,2024-09-13,53,1000,LV,41.2,58.8,17.62,,,Education,HSorLess,HSorLess,39.09,60.91,,,,,emerson_sheets,2024-09-12
2024-President-IN|Emerson indiana-september-2024-poll-trump-57-har,Emerson College Polling,Emerson,emerson_1DyXtvKL_IN_President_crosst,2024,President,IN,,2024-09-13,53,1000,LV,41.2,58.8,17.62,,,Education,SomeCollege,SomeCollege,36.76,63.24,,,,,emerson_sheets,2024-09-12
2024-President-IN|Emerson indiana-september-2024-poll-trump-57-har,Emerson College Polling,Emerson,emerson_1DyXtvKL_IN_President_crosst,2024,President,IN,,2024-09-13,53,1000,LV,41.2,58.8,17.62,,,Education,BA,BA,48.67,51.33,,,,,emerson_sheets,2024-09-12
2024-President-IN|Emerson indiana-september-2024-poll-trump-57-har,Emerson College Polling,Emerson,emerson_1DyXtvKL_IN_President_crosst,2024,President,IN,,2024-09-13,53,1000,LV,41.2,58.8,17.62,,,Gender,Male,Male,37.14,62.86,,,,,emerson_sheets,2024-09-12
2024-President-IN|Emerson indiana-september-2024-poll-trump-57-har,Emerson College Polling,Emerson,emerson_1DyXtvKL_IN_President_crosst,2024,President,IN,,2024-09-13,53,1000,LV,41.2,58.8,17.62,,,Gender,Female,Female,44.6,55.4,,,,,emerson_sheets,2024-09-12
2024-President-IN|Emerson indiana-september-2024-poll-trump-57-har,Emerson College Polling,Emerson,emerson_1DyXtvKL_IN_President_crosst,2024,President,IN,,2024-09-13,53,1000,LV,41.2,58.8,17.62,,,Gender,Nonbinary,Nonbinary,91.11,8.89,,,,,emerson_sheets,2024-09-12
2024-President-IN|Emerson indiana-september-2024-poll-trump-57-har,Emerson College Polling,Emerson,emerson_1DyXtvKL_IN_President_crosst,2024,President,IN,,2024-09-13,53,1000,LV,41.2,58.8,17.5,,,Race,Hispanic,Hispanic,54.27,45.73,,,,,emerson_sheets,2024-09-12
2024-President-IN|Emerson indiana-september-2024-poll-trump-57-har,Emerson College Polling,Emerson,emerson_1DyXtvKL_IN_President_crosst,2024,President,IN,,2024-09-13,53,1000,LV,41.2,58.8,17.5,,,Race,White,White,36.82,63.18,,,,,emerson_sheets,2024-09-12
2024-President-IN|Emerson indiana-september-2024-poll-trump-57-har,Emerson College Polling,Emerson,emerson_1DyXtvKL_IN_President_crosst,2024,President,IN,,2024-09-13,53,1000,LV,41.2,58.8,17.5,,,Race,Black,Black,84.94,15.06,,,,,emerson_sheets,2024-09-12
2024-President-IN|Emerson indiana-september-2024-poll-trump-57-har,Emerson College Polling,Emerson,emerson_1DyXtvKL_IN_President_crosst,2024,President,IN,,2024-09-13,53,1000,LV,41.2,58.8,17.5,,,Race,Asian,Asian,15.12,84.88,,,,,emerson_sheets,2024-09-12
2024-President-IN|Emerson indiana-september-2024-poll-trump-57-har,Emerson College Polling,Emerson,emerson_1DyXtvKL_IN_President_crosst,2024,President,IN,,2024-09-13,53,1000,LV,41.2,58.8,17.5,,,Race,Other,Other,34.53,65.47,,,,,emerson_sheets,2024-09-12
2024-President-IN|Emerson indiana-september-2024-poll-trump-57-har,Emerson College Polling,Emerson,emerson_1DyXtvKL_IN_President_crosst,2024,President,IN,,2024-09-13,53,1000,LV,41.2,58.8,17.5,,,Age,18-29 years,18-29 years,45.88,54.12,,,,,emerson_sheets,2024-09-12
2024-President-IN|Emerson indiana-september-2024-poll-trump-57-har,Emerson College Polling,Emerson,emerson_1DyXtvKL_IN_President_crosst,2024,President,IN,,2024-09-13,53,1000,LV,41.2,58.8,17.5,,,Age,30-39 years,30-39 years,48.95,51.05,,,,,emerson_sheets,2024-09-12
2024-President-IN|Emerson indiana-september-2024-poll-trump-57-har,Emerson College Polling,Emerson,emerson_1DyXtvKL_IN_President_crosst,2024,President,IN,,2024-09-13,53,1000,LV,41.2,58.8,17.5,,,Age,40-49 years,40-49,37.34,62.66,,,,,emerson_sheets,2024-09-12
2024-President-IN|Emerson indiana-september-2024-poll-trump-57-har,Emerson College Polling,Emerson,emerson_1DyXtvKL_IN_President_crosst,2024,President,IN,,2024-09-13,53,1000,LV,41.2,58.8,17.5,,,Age,50-59 years,50-59,37.59,62.41,,,,,emerson_sheets,2024-09-12
2024-President-IN|Emerson indiana-september-2024-poll-trump-57-har,Emerson College Polling,Emerson,emerson_1DyXtvKL_IN_President_crosst,2024,President,IN,,2024-09-13,53,1000,LV,41.2,58.8,17.5,,,Age,60-69 years,60-69,38.64,61.36,,,,,emerson_sheets,2024-09-12
2024-President-IN|Emerson indiana-september-2024-poll-trump-57-har,Emerson College Polling,Emerson,emerson_1DyXtvKL_IN_President_crosst,2024,President,IN,,2024-09-13,53,1000,LV,41.2,58.8,17.5,,,Age,70 or more years,70 or more years,41.09,58.91,,,,,emerson_sheets,2024-09-12
2024-President-IN|Emerson indiana-september-2024-poll-trump-57-har,Emerson College Polling,Emerson,emerson_1DyXtvKL_IN_President_crosst,2024,President,IN,,2024-09-13,53,1000,LV,41.2,58.8,17.5,,,Education,HSorLess,HSorLess,38.98,61.02,,,,,emerson_sheets,2024-09-12
2024-President-IN|Emerson indiana-september-2024-poll-trump-57-har,Emerson College Polling,Emerson,emerson_1DyXtvKL_IN_President_crosst,2024,President,IN,,2024-09-13,53,1000,LV,41.2,58.8,17.5,,,Education,SomeCollege,SomeCollege,36.86,63.14,,,,,emerson_sheets,2024-09-12
2024-President-IN|Emerson indiana-september-2024-poll-trump-57-har,Emerson College Polling,Emerson,emerson_1DyXtvKL_IN_President_crosst,2024,President,IN,,2024-09-13,53,1000,LV,41.2,58.8,17.5,,,Education,BA,BA,48.82,51.18,,,,,emerson_sheets,2024-09-12
2024-President-IN|Emerson indiana-september-2024-poll-trump-57-har,Emerson College Polling,Emerson,emerson_1DyXtvKL_IN_President_crosst,2024,President,IN,,2024-09-13,53,1000,LV,41.2,58.8,17.5,,,Gender,Male,Male,37.72,62.28,,,,,emerson_sheets,2024-09-12
2024-President-IN|Emerson indiana-september-2024-poll-trump-57-har,Emerson College Polling,Emerson,emerson_1DyXtvKL_IN_President_crosst,2024,President,IN,,2024-09-13,53,1000,LV,41.2,58.8,17.5,,,Gender,Female,Female,44.21,55.79,,,,,emerson_sheets,2024-09-12
2024-President-IN|Emerson indiana-september-2024-poll-trump-57-har,Emerson College Polling,Emerson,emerson_1DyXtvKL_IN_President_crosst,2024,President,IN,,2024-09-13,53,1000,LV,41.2,58.8,17.5,,,Gender,Nonbinary,Nonbinary,91.11,8.89,,,,,emerson_sheets,2024-09-12
2024-Governor-IN|Emerson indiana-september-2024-poll-trump-57-har,Emerson College Polling,Emerson,emerson_1DyXtvKL_IN_Governor_crosst,2024,Governor,IN,,2024-09-13,53,1000,LV,43.1,56.9,13.89,,,Race,Hispanic,Hispanic,63.17,36.83,,,,,emerson_sheets,2024-09-12
2024-Governor-IN|Emerson indiana-september-2024-poll-trump-57-har,Emerson College Polling,Emerson,emerson_1DyXtvKL_IN_Governor_crosst,2024,Governor,IN,,2024-09-13,53,1000,LV,43.1,56.9,13.89,,,Race,White,White,39.0,61.0,,,,,emerson_sheets,2024-09-12
2024-Governor-IN|Emerson indiana-september-2024-poll-trump-57-har,Emerson College Polling,Emerson,emerson_1DyXtvKL_IN_Governor_crosst,2024,Governor,IN,,2024-09-13,53,1000,LV,43.1,56.9,13.89,,,Race,Black,Black,84.72,15.28,,,,,emerson_sheets,2024-09-12
2024-Governor-IN|Emerson indiana-september-2024-poll-trump-57-har,Emerson College Polling,Emerson,emerson_1DyXtvKL_IN_Governor_crosst,2024,Governor,IN,,2024-09-13,53,1000,LV,43.1,56.9,13.89,,,Race,Asian,Asian,17.34,82.66,,,,,emerson_sheets,2024-09-12
2024-Governor-IN|Emerson indiana-september-2024-poll-trump-57-har,Emerson College Polling,Emerson,emerson_1DyXtvKL_IN_Governor_crosst,2024,Governor,IN,,2024-09-13,53,1000,LV,43.1,56.9,13.89,,,Race,Other,Other,32.97,67.03,,,,,emerson_sheets,2024-09-12
2024-Governor-IN|Emerson indiana-september-2024-poll-trump-57-har,Emerson College Polling,Emerson,emerson_1DyXtvKL_IN_Governor_crosst,2024,Governor,IN,,2024-09-13,53,1000,LV,43.1,56.9,13.89,,,Age,18-29 years,18-29 years,47.59,52.41,,,,,emerson_sheets,2024-09-12
2024-Governor-IN|Emerson indiana-september-2024-poll-trump-57-har,Emerson College Polling,Emerson,emerson_1DyXtvKL_IN_Governor_crosst,2024,Governor,IN,,2024-09-13,53,1000,LV,43.1,56.9,13.89,,,Age,30-39 years,30-39 years,50.91,49.09,,,,,emerson_sheets,2024-09-12
2024-Governor-IN|Emerson indiana-september-2024-poll-trump-57-har,Emerson College Polling,Emerson,emerson_1DyXtvKL_IN_Governor_crosst,2024,Governor,IN,,2024-09-13,53,1000,LV,43.1,56.9,13.89,,,Age,40-49 years,40-49,38.47,61.53,,,,,emerson_sheets,2024-09-12
2024-Governor-IN|Emerson indiana-september-2024-poll-trump-57-har,Emerson College Polling,Emerson,emerson_1DyXtvKL_IN_Governor_crosst,2024,Governor,IN,,2024-09-13,53,1000,LV,43.1,56.9,13.89,,,Age,50-59 years,50-59,38.25,61.75,,,,,emerson_sheets,2024-09-12
2024-Governor-IN|Emerson indiana-september-2024-poll-trump-57-har,Emerson College Polling,Emerson,emerson_1DyXtvKL_IN_Governor_crosst,2024,Governor,IN,,2024-09-13,53,1000,LV,43.1,56.9,13.89,,,Age,60-69 years,60-69,42.48,57.52,,,,,emerson_sheets,2024-09-12
2024-Governor-IN|Emerson indiana-september-2024-poll-trump-57-har,Emerson College Polling,Emerson,emerson_1DyXtvKL_IN_Governor_crosst,2024,Governor,IN,,2024-09-13,53,1000,LV,43.1,56.9,13.89,,,Age,70 or more years,70 or more years,43.42,56.58,,,,,emerson_sheets,2024-09-12
2024-Governor-IN|Emerson indiana-september-2024-poll-trump-57-har,Emerson College Polling,Emerson,emerson_1DyXtvKL_IN_Governor_crosst,2024,Governor,IN,,2024-09-13,53,1000,LV,43.1,56.9,13.89,,,Education,HSorLess,HSorLess,41.1,58.9,,,,,emerson_sheets,2024-09-12
2024-Governor-IN|Emerson indiana-september-2024-poll-trump-57-har,Emerson College Polling,Emerson,emerson_1DyXtvKL_IN_Governor_crosst,2024,Governor,IN,,2024-09-13,53,1000,LV,43.1,56.9,13.89,,,Education,SomeCollege,SomeCollege,38.06,61.94,,,,,emerson_sheets,2024-09-12
2024-Governor-IN|Emerson indiana-september-2024-poll-trump-57-har,Emerson College Polling,Emerson,emerson_1DyXtvKL_IN_Governor_crosst,2024,Governor,IN,,2024-09-13,53,1000,LV,43.1,56.9,13.89,,,Education,BA,BA,50.61,49.39,,,,,emerson_sheets,2024-09-12
2024-Governor-IN|Emerson indiana-september-2024-poll-trump-57-har,Emerson College Polling,Emerson,emerson_1DyXtvKL_IN_Governor_crosst,2024,Governor,IN,,2024-09-13,53,1000,LV,43.1,56.9,13.89,,,Gender,Male,Male,39.96,60.04,,,,,emerson_sheets,2024-09-12
2024-Governor-IN|Emerson indiana-september-2024-poll-trump-57-har,Emerson College Polling,Emerson,emerson_1DyXtvKL_IN_Governor_crosst,2024,Governor,IN,,2024-09-13,53,1000,LV,43.1,56.9,13.89,,,Gender,Female,Female,45.64,54.36,,,,,emerson_sheets,2024-09-12
2024-Governor-IN|Emerson indiana-september-2024-poll-trump-57-har,Emerson College Polling,Emerson,emerson_1DyXtvKL_IN_Governor_crosst,2024,Governor,IN,,2024-09-13,53,1000,LV,43.1,56.9,13.89,,,Gender,Nonbinary,Nonbinary,91.11,8.89,,,,,emerson_sheets,2024-09-12
2024-Senate-IN|Emerson indiana-september-2024-poll-trump-57-har,Emerson College Polling,Emerson,emerson_1DyXtvKL_IN_Senate_crosst,2024,Senate,IN,,2024-09-13,53,1000,LV,41.7,58.3,16.66,,,Race,Hispanic,Hispanic,53.89,46.11,,,,,emerson_sheets,2024-09-12
2024-Senate-IN|Emerson indiana-september-2024-poll-trump-57-har,Emerson College Polling,Emerson,emerson_1DyXtvKL_IN_Senate_crosst,2024,Senate,IN,,2024-09-13,53,1000,LV,41.7,58.3,16.66,,,Race,White,White,37.21,62.79,,,,,emerson_sheets,2024-09-12
2024-Senate-IN|Emerson indiana-september-2024-poll-trump-57-har,Emerson College Polling,Emerson,emerson_1DyXtvKL_IN_Senate_crosst,2024,Senate,IN,,2024-09-13,53,1000,LV,41.7,58.3,16.66,,,Race,Black,Black,89.74,10.26,,,,,emerson_sheets,2024-09-12
2024-Senate-IN|Emerson indiana-september-2024-poll-trump-57-har,Emerson College Polling,Emerson,emerson_1DyXtvKL_IN_Senate_crosst,2024,Senate,IN,,2024-09-13,53,1000,LV,41.7,58.3,16.66,,,Race,Asian,Asian,17.34,82.66,,,,,emerson_sheets,2024-09-12
2024-Senate-IN|Emerson indiana-september-2024-poll-trump-57-har,Emerson College Polling,Emerson,emerson_1DyXtvKL_IN_Senate_crosst,2024,Senate,IN,,2024-09-13,53,1000,LV,41.7,58.3,16.66,,,Race,Other,Other,37.94,62.06,,,,,emerson_sheets,2024-09-12
2024-Senate-IN|Emerson indiana-september-2024-poll-trump-57-har,Emerson College Polling,Emerson,emerson_1DyXtvKL_IN_Senate_crosst,2024,Senate,IN,,2024-09-13,53,1000,LV,41.7,58.3,16.66,,,Age,18-29 years,18-29 years,50.72,49.28,,,,,emerson_sheets,2024-09-12
2024-Senate-IN|Emerson indiana-september-2024-poll-trump-57-har,Emerson College Polling,Emerson,emerson_1DyXtvKL_IN_Senate_crosst,2024,Senate,IN,,2024-09-13,53,1000,LV,41.7,58.3,16.66,,,Age,30-39 years,30-39 years,51.39,48.61,,,,,emerson_sheets,2024-09-12
2024-Senate-IN|Emerson indiana-september-2024-poll-trump-57-har,Emerson College Polling,Emerson,emerson_1DyXtvKL_IN_Senate_crosst,2024,Senate,IN,,2024-09-13,53,1000,LV,41.7,58.3,16.66,,,Age,40-49 years,40-49,37.59,62.41,,,,,emerson_sheets,2024-09-12
2024-Senate-IN|Emerson indiana-september-2024-poll-trump-57-har,Emerson College Polling,Emerson,emerson_1DyXtvKL_IN_Senate_crosst,2024,Senate,IN,,2024-09-13,53,1000,LV,41.7,58.3,16.66,,,Age,50-59 years,50-59,35.18,64.82,,,,,emerson_sheets,2024-09-12
2024-Senate-IN|Emerson indiana-september-2024-poll-trump-57-har,Emerson College Polling,Emerson,emerson_1DyXtvKL_IN_Senate_crosst,2024,Senate,IN,,2024-09-13,53,1000,LV,41.7,58.3,16.66,,,Age,60-69 years,60-69,38.84,61.16,,,,,emerson_sheets,2024-09-12
2024-Senate-IN|Emerson indiana-september-2024-poll-trump-57-har,Emerson College Polling,Emerson,emerson_1DyXtvKL_IN_Senate_crosst,2024,Senate,IN,,2024-09-13,53,1000,LV,41.7,58.3,16.66,,,Age,70 or more years,70 or more years,41.54,58.46,,,,,emerson_sheets,2024-09-12
2024-Senate-IN|Emerson indiana-september-2024-poll-trump-57-har,Emerson College Polling,Emerson,emerson_1DyXtvKL_IN_Senate_crosst,2024,Senate,IN,,2024-09-13,53,1000,LV,41.7,58.3,16.66,,,Education,HSorLess,HSorLess,42.35,57.65,,,,,emerson_sheets,2024-09-12
2024-Senate-IN|Emerson indiana-september-2024-poll-trump-57-har,Emerson College Polling,Emerson,emerson_1DyXtvKL_IN_Senate_crosst,2024,Senate,IN,,2024-09-13,53,1000,LV,41.7,58.3,16.66,,,Education,SomeCollege,SomeCollege,35.73,64.27,,,,,emerson_sheets,2024-09-12
2024-Senate-IN|Emerson indiana-september-2024-poll-trump-57-har,Emerson College Polling,Emerson,emerson_1DyXtvKL_IN_Senate_crosst,2024,Senate,IN,,2024-09-13,53,1000,LV,41.7,58.3,16.66,,,Education,BA,BA,48.66,51.34,,,,,emerson_sheets,2024-09-12
2024-Senate-IN|Emerson indiana-september-2024-poll-trump-57-har,Emerson College Polling,Emerson,emerson_1DyXtvKL_IN_Senate_crosst,2024,Senate,IN,,2024-09-13,53,1000,LV,41.7,58.3,16.66,,,Gender,Male,Male,38.29,61.71,,,,,emerson_sheets,2024-09-12
2024-Senate-IN|Emerson indiana-september-2024-poll-trump-57-har,Emerson College Polling,Emerson,emerson_1DyXtvKL_IN_Senate_crosst,2024,Senate,IN,,2024-09-13,53,1000,LV,41.7,58.3,16.66,,,Gender,Female,Female,44.57,55.43,,,,,emerson_sheets,2024-09-12
2024-Senate-IN|Emerson indiana-september-2024-poll-trump-57-har,Emerson College Polling,Emerson,emerson_1DyXtvKL_IN_Senate_crosst,2024,Senate,IN,,2024-09-13,53,1000,LV,41.7,58.3,16.66,,,Gender,Nonbinary,Nonbinary,100.0,0.0,,,,,emerson_sheets,2024-09-12
2024-President-MA|Emerson october-2024-massachusetts-poll-harris-5,Emerson College Polling,Emerson,emerson_1ypgZmYJ_MA_President_crosst,2024,President,MA,,2024-10-26,10,1000,LV,62.2,37.8,-24.42,,,Race,Hispanic,Hispanic,69.44,30.56,,,,,emerson_sheets,2024-10-24
2024-President-MA|Emerson october-2024-massachusetts-poll-harris-5,Emerson College Polling,Emerson,emerson_1ypgZmYJ_MA_President_crosst,2024,President,MA,,2024-10-26,10,1000,LV,62.2,37.8,-24.42,,,Race,White,White,59.36,40.64,,,,,emerson_sheets,2024-10-24
2024-President-MA|Emerson october-2024-massachusetts-poll-harris-5,Emerson College Polling,Emerson,emerson_1ypgZmYJ_MA_President_crosst,2024,President,MA,,2024-10-26,10,1000,LV,62.2,37.8,-24.42,,,Race,Black,Black,87.72,12.28,,,,,emerson_sheets,2024-10-24
2024-President-MA|Emerson october-2024-massachusetts-poll-harris-5,Emerson College Polling,Emerson,emerson_1ypgZmYJ_MA_President_crosst,2024,President,MA,,2024-10-26,10,1000,LV,62.2,37.8,-24.42,,,Race,Asian,Asian,63.63,36.37,,,,,emerson_sheets,2024-10-24
2024-President-MA|Emerson october-2024-massachusetts-poll-harris-5,Emerson College Polling,Emerson,emerson_1ypgZmYJ_MA_President_crosst,2024,President,MA,,2024-10-26,10,1000,LV,62.2,37.8,-24.42,,,Race,Other,Other,35.79,64.21,,,,,emerson_sheets,2024-10-24
2024-President-MA|Emerson october-2024-massachusetts-poll-harris-5,Emerson College Polling,Emerson,emerson_1ypgZmYJ_MA_President_crosst,2024,President,MA,,2024-10-26,10,1000,LV,62.2,37.8,-24.42,,,Age,18-29 years,18-29 years,68.56,31.44,,,,,emerson_sheets,2024-10-24
2024-President-MA|Emerson october-2024-massachusetts-poll-harris-5,Emerson College Polling,Emerson,emerson_1ypgZmYJ_MA_President_crosst,2024,President,MA,,2024-10-26,10,1000,LV,62.2,37.8,-24.42,,,Age,30-39 years,30-39 years,63.41,36.59,,,,,emerson_sheets,2024-10-24
2024-President-MA|Emerson october-2024-massachusetts-poll-harris-5,Emerson College Polling,Emerson,emerson_1ypgZmYJ_MA_President_crosst,2024,President,MA,,2024-10-26,10,1000,LV,62.2,37.8,-24.42,,,Age,40-49 years,40-49,57.09,42.91,,,,,emerson_sheets,2024-10-24
2024-President-MA|Emerson october-2024-massachusetts-poll-harris-5,Emerson College Polling,Emerson,emerson_1ypgZmYJ_MA_President_crosst,2024,President,MA,,2024-10-26,10,1000,LV,62.2,37.8,-24.42,,,Age,50-59 years,50-59,56.26,43.74,,,,,emerson_sheets,2024-10-24
2024-President-MA|Emerson october-2024-massachusetts-poll-harris-5,Emerson College Polling,Emerson,emerson_1ypgZmYJ_MA_President_crosst,2024,President,MA,,2024-10-26,10,1000,LV,62.2,37.8,-24.42,,,Age,60-69 years,60-69,62.32,37.68,,,,,emerson_sheets,2024-10-24
2024-President-MA|Emerson october-2024-massachusetts-poll-harris-5,Emerson College Polling,Emerson,emerson_1ypgZmYJ_MA_President_crosst,2024,President,MA,,2024-10-26,10,1000,LV,62.2,37.8,-24.42,,,Age,70 or more years,70 or more years,63.44,36.56,,,,,emerson_sheets,2024-10-24
2024-President-MA|Emerson october-2024-massachusetts-poll-harris-5,Emerson College Polling,Emerson,emerson_1ypgZmYJ_MA_President_crosst,2024,President,MA,,2024-10-26,10,1000,LV,62.2,37.8,-24.42,,,Education,HSorLess,HSorLess,48.24,51.76,,,,,emerson_sheets,2024-10-24
2024-President-MA|Emerson october-2024-massachusetts-poll-harris-5,Emerson College Polling,Emerson,emerson_1ypgZmYJ_MA_President_crosst,2024,President,MA,,2024-10-26,10,1000,LV,62.2,37.8,-24.42,,,Education,SomeCollege,SomeCollege,60.78,39.22,,,,,emerson_sheets,2024-10-24
2024-President-MA|Emerson october-2024-massachusetts-poll-harris-5,Emerson College Polling,Emerson,emerson_1ypgZmYJ_MA_President_crosst,2024,President,MA,,2024-10-26,10,1000,LV,62.2,37.8,-24.42,,,Education,BA,BA,70.15,29.85,,,,,emerson_sheets,2024-10-24
2024-President-MA|Emerson october-2024-massachusetts-poll-harris-5,Emerson College Polling,Emerson,emerson_1ypgZmYJ_MA_President_crosst,2024,President,MA,,2024-10-26,10,1000,LV,62.2,37.8,-24.42,,,Gender,Male,Male,48.74,51.26,,,,,emerson_sheets,2024-10-24
2024-President-MA|Emerson october-2024-massachusetts-poll-harris-5,Emerson College Polling,Emerson,emerson_1ypgZmYJ_MA_President_crosst,2024,President,MA,,2024-10-26,10,1000,LV,62.2,37.8,-24.42,,,Gender,Female,Female,74.19,25.81,,,,,emerson_sheets,2024-10-24
2024-President-MA|Emerson october-2024-massachusetts-poll-harris-5,Emerson College Polling,Emerson,emerson_1ypgZmYJ_MA_President_crosst,2024,President,MA,,2024-10-26,10,1000,LV,62.2,37.8,-24.42,,,Gender,Nonbinary,Nonbinary,100.0,0.0,,,,,emerson_sheets,2024-10-24
2024-President-MA|Emerson october-2024-massachusetts-poll-harris-5,Emerson College Polling,Emerson,emerson_1ypgZmYJ_MA_President_crosst,2024,President,MA,,2024-10-26,10,1000,LV,61.8,38.2,-23.58,,,Race,Hispanic,Hispanic,69.44,30.56,,,,,emerson_sheets,2024-10-24
2024-President-MA|Emerson october-2024-massachusetts-poll-harris-5,Emerson College Polling,Emerson,emerson_1ypgZmYJ_MA_President_crosst,2024,President,MA,,2024-10-26,10,1000,LV,61.8,38.2,-23.58,,,Race,White,White,58.53,41.47,,,,,emerson_sheets,2024-10-24
2024-President-MA|Emerson october-2024-massachusetts-poll-harris-5,Emerson College Polling,Emerson,emerson_1ypgZmYJ_MA_President_crosst,2024,President,MA,,2024-10-26,10,1000,LV,61.8,38.2,-23.58,,,Race,Black,Black,88.47,11.53,,,,,emerson_sheets,2024-10-24
2024-President-MA|Emerson october-2024-massachusetts-poll-harris-5,Emerson College Polling,Emerson,emerson_1ypgZmYJ_MA_President_crosst,2024,President,MA,,2024-10-26,10,1000,LV,61.8,38.2,-23.58,,,Race,Asian,Asian,63.63,36.37,,,,,emerson_sheets,2024-10-24
2024-President-MA|Emerson october-2024-massachusetts-poll-harris-5,Emerson College Polling,Emerson,emerson_1ypgZmYJ_MA_President_crosst,2024,President,MA,,2024-10-26,10,1000,LV,61.8,38.2,-23.58,,,Race,Other,Other,37.73,62.27,,,,,emerson_sheets,2024-10-24
2024-President-MA|Emerson october-2024-massachusetts-poll-harris-5,Emerson College Polling,Emerson,emerson_1ypgZmYJ_MA_President_crosst,2024,President,MA,,2024-10-26,10,1000,LV,61.8,38.2,-23.58,,,Age,18-29 years,18-29 years,68.3,31.7,,,,,emerson_sheets,2024-10-24
2024-President-MA|Emerson october-2024-massachusetts-poll-harris-5,Emerson College Polling,Emerson,emerson_1ypgZmYJ_MA_President_crosst,2024,President,MA,,2024-10-26,10,1000,LV,61.8,38.2,-23.58,,,Age,30-39 years,30-39 years,63.13,36.87,,,,,emerson_sheets,2024-10-24
2024-President-MA|Emerson october-2024-massachusetts-poll-harris-5,Emerson College Polling,Emerson,emerson_1ypgZmYJ_MA_President_crosst,2024,President,MA,,2024-10-26,10,1000,LV,61.8,38.2,-23.58,,,Age,40-49 years,40-49,55.03,44.97,,,,,emerson_sheets,2024-10-24
2024-President-MA|Emerson october-2024-massachusetts-poll-harris-5,Emerson College Polling,Emerson,emerson_1ypgZmYJ_MA_President_crosst,2024,President,MA,,2024-10-26,10,1000,LV,61.8,38.2,-23.58,,,Age,50-59 years,50-59,56.73,43.27,,,,,emerson_sheets,2024-10-24
2024-President-MA|Emerson october-2024-massachusetts-poll-harris-5,Emerson College Polling,Emerson,emerson_1ypgZmYJ_MA_President_crosst,2024,President,MA,,2024-10-26,10,1000,LV,61.8,38.2,-23.58,,,Age,60-69 years,60-69,62.54,37.46,,,,,emerson_sheets,2024-10-24
2024-President-MA|Emerson october-2024-massachusetts-poll-harris-5,Emerson College Polling,Emerson,emerson_1ypgZmYJ_MA_President_crosst,2024,President,MA,,2024-10-26,10,1000,LV,61.8,38.2,-23.58,,,Age,70 or more years,70 or more years,62.68,37.32,,,,,emerson_sheets,2024-10-24
2024-President-MA|Emerson october-2024-massachusetts-poll-harris-5,Emerson College Polling,Emerson,emerson_1ypgZmYJ_MA_President_crosst,2024,President,MA,,2024-10-26,10,1000,LV,61.8,38.2,-23.58,,,Education,HSorLess,HSorLess,47.79,52.21,,,,,emerson_sheets,2024-10-24
2024-President-MA|Emerson october-2024-massachusetts-poll-harris-5,Emerson College Polling,Emerson,emerson_1ypgZmYJ_MA_President_crosst,2024,President,MA,,2024-10-26,10,1000,LV,61.8,38.2,-23.58,,,Education,SomeCollege,SomeCollege,60.18,39.82,,,,,emerson_sheets,2024-10-24
2024-President-MA|Emerson october-2024-massachusetts-poll-harris-5,Emerson College Polling,Emerson,emerson_1ypgZmYJ_MA_President_crosst,2024,President,MA,,2024-10-26,10,1000,LV,61.8,38.2,-23.58,,,Education,BA,BA,69.68,30.32,,,,,emerson_sheets,2024-10-24
2024-President-MA|Emerson october-2024-massachusetts-poll-harris-5,Emerson College Polling,Emerson,emerson_1ypgZmYJ_MA_President_crosst,2024,President,MA,,2024-10-26,10,1000,LV,61.8,38.2,-23.58,,,Gender,Male,Male,48.76,51.24,,,,,emerson_sheets,2024-10-24
2024-President-MA|Emerson october-2024-massachusetts-poll-harris-5,Emerson College Polling,Emerson,emerson_1ypgZmYJ_MA_President_crosst,2024,President,MA,,2024-10-26,10,1000,LV,61.8,38.2,-23.58,,,Gender,Female,Female,73.54,26.46,,,,,emerson_sheets,2024-10-24
2024-President-MA|Emerson october-2024-massachusetts-poll-harris-5,Emerson College Polling,Emerson,emerson_1ypgZmYJ_MA_President_crosst,2024,President,MA,,2024-10-26,10,1000,LV,61.8,38.2,-23.58,,,Gender,Nonbinary,Nonbinary,100.0,0.0,,,,,emerson_sheets,2024-10-24
2024-Senate-MA|Emerson october-2024-massachusetts-poll-harris-5,Emerson College Polling,Emerson,emerson_1ypgZmYJ_MA_Senate_crosst,2024,Senate,MA,,2024-10-26,10,1000,LV,61.1,38.9,-22.22,,,Race,Hispanic,Hispanic,70.06,29.94,,,,,emerson_sheets,2024-10-24
2024-Senate-MA|Emerson october-2024-massachusetts-poll-harris-5,Emerson College Polling,Emerson,emerson_1ypgZmYJ_MA_Senate_crosst,2024,Senate,MA,,2024-10-26,10,1000,LV,61.1,38.9,-22.22,,,Race,White,White,57.24,42.76,,,,,emerson_sheets,2024-10-24
2024-Senate-MA|Emerson october-2024-massachusetts-poll-harris-5,Emerson College Polling,Emerson,emerson_1ypgZmYJ_MA_Senate_crosst,2024,Senate,MA,,2024-10-26,10,1000,LV,61.1,38.9,-22.22,,,Race,Black,Black,90.35,9.65,,,,,emerson_sheets,2024-10-24
2024-Senate-MA|Emerson october-2024-massachusetts-poll-harris-5,Emerson College Polling,Emerson,emerson_1ypgZmYJ_MA_Senate_crosst,2024,Senate,MA,,2024-10-26,10,1000,LV,61.1,38.9,-22.22,,,Race,Asian,Asian,71.52,28.48,,,,,emerson_sheets,2024-10-24
2024-Senate-MA|Emerson october-2024-massachusetts-poll-harris-5,Emerson College Polling,Emerson,emerson_1ypgZmYJ_MA_Senate_crosst,2024,Senate,MA,,2024-10-26,10,1000,LV,61.1,38.9,-22.22,,,Race,Other,Other,27.6,72.4,,,,,emerson_sheets,2024-10-24
2024-Senate-MA|Emerson october-2024-massachusetts-poll-harris-5,Emerson College Polling,Emerson,emerson_1ypgZmYJ_MA_Senate_crosst,2024,Senate,MA,,2024-10-26,10,1000,LV,61.1,38.9,-22.22,,,Age,18-29 years,18-29 years,67.32,32.68,,,,,emerson_sheets,2024-10-24
2024-Senate-MA|Emerson october-2024-massachusetts-poll-harris-5,Emerson College Polling,Emerson,emerson_1ypgZmYJ_MA_Senate_crosst,2024,Senate,MA,,2024-10-26,10,1000,LV,61.1,38.9,-22.22,,,Age,30-39 years,30-39 years,73.07,26.93,,,,,emerson_sheets,2024-10-24
2024-Senate-MA|Emerson october-2024-massachusetts-poll-harris-5,Emerson College Polling,Emerson,emerson_1ypgZmYJ_MA_Senate_crosst,2024,Senate,MA,,2024-10-26,10,1000,LV,61.1,38.9,-22.22,,,Age,40-49 years,40-49,59.22,40.78,,,,,emerson_sheets,2024-10-24
2024-Senate-MA|Emerson october-2024-massachusetts-poll-harris-5,Emerson College Polling,Emerson,emerson_1ypgZmYJ_MA_Senate_crosst,2024,Senate,MA,,2024-10-26,10,1000,LV,61.1,38.9,-22.22,,,Age,50-59 years,50-59,52.33,47.67,,,,,emerson_sheets,2024-10-24
2024-Senate-MA|Emerson october-2024-massachusetts-poll-harris-5,Emerson College Polling,Emerson,emerson_1ypgZmYJ_MA_Senate_crosst,2024,Senate,MA,,2024-10-26,10,1000,LV,61.1,38.9,-22.22,,,Age,60-69 years,60-69,54.42,45.58,,,,,emerson_sheets,2024-10-24
2024-Senate-MA|Emerson october-2024-massachusetts-poll-harris-5,Emerson College Polling,Emerson,emerson_1ypgZmYJ_MA_Senate_crosst,2024,Senate,MA,,2024-10-26,10,1000,LV,61.1,38.9,-22.22,,,Age,70 or more years,70 or more years,57.73,42.27,,,,,emerson_sheets,2024-10-24
2024-Senate-MA|Emerson october-2024-massachusetts-poll-harris-5,Emerson College Polling,Emerson,emerson_1ypgZmYJ_MA_Senate_crosst,2024,Senate,MA,,2024-10-26,10,1000,LV,61.1,38.9,-22.22,,,Education,HSorLess,HSorLess,54.09,45.91,,,,,emerson_sheets,2024-10-24
2024-Senate-MA|Emerson october-2024-massachusetts-poll-harris-5,Emerson College Polling,Emerson,emerson_1ypgZmYJ_MA_Senate_crosst,2024,Senate,MA,,2024-10-26,10,1000,LV,61.1,38.9,-22.22,,,Education,SomeCollege,SomeCollege,57.94,42.06,,,,,emerson_sheets,2024-10-24
2024-Senate-MA|Emerson october-2024-massachusetts-poll-harris-5,Emerson College Polling,Emerson,emerson_1ypgZmYJ_MA_Senate_crosst,2024,Senate,MA,,2024-10-26,10,1000,LV,61.1,38.9,-22.22,,,Education,BA,BA,66.72,33.28,,,,,emerson_sheets,2024-10-24
2024-Senate-MA|Emerson october-2024-massachusetts-poll-harris-5,Emerson College Polling,Emerson,emerson_1ypgZmYJ_MA_Senate_crosst,2024,Senate,MA,,2024-10-26,10,1000,LV,61.1,38.9,-22.22,,,Gender,Male,Male,49.42,50.58,,,,,emerson_sheets,2024-10-24
2024-Senate-MA|Emerson october-2024-massachusetts-poll-harris-5,Emerson College Polling,Emerson,emerson_1ypgZmYJ_MA_Senate_crosst,2024,Senate,MA,,2024-10-26,10,1000,LV,61.1,38.9,-22.22,,,Gender,Female,Female,72.01,27.99,,,,,emerson_sheets,2024-10-24
2024-Senate-MA|Emerson october-2024-massachusetts-poll-harris-5,Emerson College Polling,Emerson,emerson_1ypgZmYJ_MA_Senate_crosst,2024,Senate,MA,,2024-10-26,10,1000,LV,61.1,38.9,-22.22,,,Gender,Nonbinary,Nonbinary,100.0,0.0,,,,,emerson_sheets,2024-10-24
2024-President-MD|Emerson maryland-2024-poll-former-gov-larry-hoga,Emerson College Polling,Emerson,emerson_1VAhX83P_MD_President_Crosst,2024,President,MD,,2024-02-13,266,1000,LV,63.0,37.0,-26.1,,,Race,Hispanic,Hispanic,74.36,25.64,,,,,emerson_sheets,2024-02-12
2024-President-MD|Emerson maryland-2024-poll-former-gov-larry-hoga,Emerson College Polling,Emerson,emerson_1VAhX83P_MD_President_Crosst,2024,President,MD,,2024-02-13,266,1000,LV,63.0,37.0,-26.1,,,Race,White,White,54.5,45.5,,,,,emerson_sheets,2024-02-12
2024-President-MD|Emerson maryland-2024-poll-former-gov-larry-hoga,Emerson College Polling,Emerson,emerson_1VAhX83P_MD_President_Crosst,2024,President,MD,,2024-02-13,266,1000,LV,63.0,37.0,-26.1,,,Race,Black,Black,80.6,19.4,,,,,emerson_sheets,2024-02-12
2024-President-MD|Emerson maryland-2024-poll-former-gov-larry-hoga,Emerson College Polling,Emerson,emerson_1VAhX83P_MD_President_Crosst,2024,President,MD,,2024-02-13,266,1000,LV,63.0,37.0,-26.1,,,Race,Asian,Asian,67.74,32.26,,,,,emerson_sheets,2024-02-12
2024-President-MD|Emerson maryland-2024-poll-former-gov-larry-hoga,Emerson College Polling,Emerson,emerson_1VAhX83P_MD_President_Crosst,2024,President,MD,,2024-02-13,266,1000,LV,63.0,37.0,-26.1,,,Race,Other,Other,60.0,40.0,,,,,emerson_sheets,2024-02-12
2024-President-MD|Emerson maryland-2024-poll-former-gov-larry-hoga,Emerson College Polling,Emerson,emerson_1VAhX83P_MD_President_Crosst,2024,President,MD,,2024-02-13,266,1000,LV,63.0,37.0,-26.1,,,Age,18-29 years,18-29 years,71.91,28.09,,,,,emerson_sheets,2024-02-12
2024-President-MD|Emerson maryland-2024-poll-former-gov-larry-hoga,Emerson College Polling,Emerson,emerson_1VAhX83P_MD_President_Crosst,2024,President,MD,,2024-02-13,266,1000,LV,63.0,37.0,-26.1,,,Age,30-39 years,30-39 years,63.97,36.03,,,,,emerson_sheets,2024-02-12
2024-President-MD|Emerson maryland-2024-poll-former-gov-larry-hoga,Emerson College Polling,Emerson,emerson_1VAhX83P_MD_President_Crosst,2024,President,MD,,2024-02-13,266,1000,LV,63.0,37.0,-26.1,,,Age,40-49 years,40-49,50.0,50.0,,,,,emerson_sheets,2024-02-12
2024-President-MD|Emerson maryland-2024-poll-former-gov-larry-hoga,Emerson College Polling,Emerson,emerson_1VAhX83P_MD_President_Crosst,2024,President,MD,,2024-02-13,266,1000,LV,63.0,37.0,-26.1,,,Age,50-59 years,50-59,66.67,33.33,,,,,emerson_sheets,2024-02-12
2024-President-MD|Emerson maryland-2024-poll-former-gov-larry-hoga,Emerson College Polling,Emerson,emerson_1VAhX83P_MD_President_Crosst,2024,President,MD,,2024-02-13,266,1000,LV,63.0,37.0,-26.1,,,Age,60-69 years,60-69,58.82,41.18,,,,,emerson_sheets,2024-02-12
2024-President-MD|Emerson maryland-2024-poll-former-gov-larry-hoga,Emerson College Polling,Emerson,emerson_1VAhX83P_MD_President_Crosst,2024,President,MD,,2024-02-13,266,1000,LV,63.0,37.0,-26.1,,,Age,70 or more years,70 or more years,70.07,29.93,,,,,emerson_sheets,2024-02-12
2024-President-MD|Emerson maryland-2024-poll-former-gov-larry-hoga,Emerson College Polling,Emerson,emerson_1VAhX83P_MD_President_Crosst,2024,President,MD,,2024-02-13,266,1000,LV,63.0,37.0,-26.1,,,Education,HSorLess,HSorLess,49.18,50.82,,,,,emerson_sheets,2024-02-12
2024-President-MD|Emerson maryland-2024-poll-former-gov-larry-hoga,Emerson College Polling,Emerson,emerson_1VAhX83P_MD_President_Crosst,2024,President,MD,,2024-02-13,266,1000,LV,63.0,37.0,-26.1,,,Education,SomeCollege,SomeCollege,63.49,36.51,,,,,emerson_sheets,2024-02-12
2024-President-MD|Emerson maryland-2024-poll-former-gov-larry-hoga,Emerson College Polling,Emerson,emerson_1VAhX83P_MD_President_Crosst,2024,President,MD,,2024-02-13,266,1000,LV,63.0,37.0,-26.1,,,Education,BA,BA,68.4,31.6,,,,,emerson_sheets,2024-02-12
2024-President-MD|Emerson maryland-2024-poll-former-gov-larry-hoga,Emerson College Polling,Emerson,emerson_1VAhX83P_MD_President_Crosst,2024,President,MD,,2024-02-13,266,1000,LV,63.0,37.0,-26.1,,,Gender,Male,Male,57.88,42.12,,,,,emerson_sheets,2024-02-12
2024-President-MD|Emerson maryland-2024-poll-former-gov-larry-hoga,Emerson College Polling,Emerson,emerson_1VAhX83P_MD_President_Crosst,2024,President,MD,,2024-02-13,266,1000,LV,63.0,37.0,-26.1,,,Gender,Female,Female,67.18,32.82,,,,,emerson_sheets,2024-02-12
2024-President-MD|Emerson maryland-2024-poll-former-gov-larry-hoga,Emerson College Polling,Emerson,emerson_1VAhX83P_MD_President_Crosst,2024,President,MD,,2024-02-13,266,1000,LV,63.0,37.0,-26.1,,,Gender,Nonbinary,Nonbinary,100.0,0.0,,,,,emerson_sheets,2024-02-12
2024-President-MD|Emerson maryland-2024-poll-former-gov-larry-hoga,Emerson College Polling,Emerson,emerson_1VAhX83P_MD_President_Crosst,2024,President,MD,,2024-02-13,266,1000,LV,59.7,40.3,-19.49,,,Race,Hispanic,Hispanic,68.75,31.25,,,,,emerson_sheets,2024-02-12
2024-President-MD|Emerson maryland-2024-poll-former-gov-larry-hoga,Emerson College Polling,Emerson,emerson_1VAhX83P_MD_President_Crosst,2024,President,MD,,2024-02-13,266,1000,LV,59.7,40.3,-19.49,,,Race,White,White,51.5,48.5,,,,,emerson_sheets,2024-02-12
2024-President-MD|Emerson maryland-2024-poll-former-gov-larry-hoga,Emerson College Polling,Emerson,emerson_1VAhX83P_MD_President_Crosst,2024,President,MD,,2024-02-13,266,1000,LV,59.7,40.3,-19.49,,,Race,Black,Black,76.08,23.92,,,,,emerson_sheets,2024-02-12
2024-President-MD|Emerson maryland-2024-poll-former-gov-larry-hoga,Emerson College Polling,Emerson,emerson_1VAhX83P_MD_President_Crosst,2024,President,MD,,2024-02-13,266,1000,LV,59.7,40.3,-19.49,,,Race,Asian,Asian,82.61,17.39,,,,,emerson_sheets,2024-02-12
2024-President-MD|Emerson maryland-2024-poll-former-gov-larry-hoga,Emerson College Polling,Emerson,emerson_1VAhX83P_MD_President_Crosst,2024,President,MD,,2024-02-13,266,1000,LV,59.7,40.3,-19.49,,,Race,Other,Other,56.25,43.75,,,,,emerson_sheets,2024-02-12
2024-President-MD|Emerson maryland-2024-poll-former-gov-larry-hoga,Emerson College Polling,Emerson,emerson_1VAhX83P_MD_President_Crosst,2024,President,MD,,2024-02-13,266,1000,LV,59.7,40.3,-19.49,,,Age,18-29 years,18-29 years,72.73,27.27,,,,,emerson_sheets,2024-02-12
2024-President-MD|Emerson maryland-2024-poll-former-gov-larry-hoga,Emerson College Polling,Emerson,emerson_1VAhX83P_MD_President_Crosst,2024,President,MD,,2024-02-13,266,1000,LV,59.7,40.3,-19.49,,,Age,30-39 years,30-39 years,57.26,42.74,,,,,emerson_sheets,2024-02-12
2024-President-MD|Emerson maryland-2024-poll-former-gov-larry-hoga,Emerson College Polling,Emerson,emerson_1VAhX83P_MD_President_Crosst,2024,President,MD,,2024-02-13,266,1000,LV,59.7,40.3,-19.49,,,Age,40-49 years,40-49,46.02,53.98,,,,,emerson_sheets,2024-02-12
2024-President-MD|Emerson maryland-2024-poll-former-gov-larry-hoga,Emerson College Polling,Emerson,emerson_1VAhX83P_MD_President_Crosst,2024,President,MD,,2024-02-13,266,1000,LV,59.7,40.3,-19.49,,,Age,50-59 years,50-59,61.36,38.64,,,,,emerson_sheets,2024-02-12
2024-President-MD|Emerson maryland-2024-poll-former-gov-larry-hoga,Emerson College Polling,Emerson,emerson_1VAhX83P_MD_President_Crosst,2024,President,MD,,2024-02-13,266,1000,LV,59.7,40.3,-19.49,,,Age,60-69 years,60-69,59.04,40.96,,,,,emerson_sheets,2024-02-12
2024-President-MD|Emerson maryland-2024-poll-former-gov-larry-hoga,Emerson College Polling,Emerson,emerson_1VAhX83P_MD_President_Crosst,2024,President,MD,,2024-02-13,266,1000,LV,59.7,40.3,-19.49,,,Age,70 or more years,70 or more years,64.89,35.11,,,,,emerson_sheets,2024-02-12
2024-President-MD|Emerson maryland-2024-poll-former-gov-larry-hoga,Emerson College Polling,Emerson,emerson_1VAhX83P_MD_President_Crosst,2024,President,MD,,2024-02-13,266,1000,LV,59.7,40.3,-19.49,,,Education,HSorLess,HSorLess,45.12,54.88,,,,,emerson_sheets,2024-02-12
2024-President-MD|Emerson maryland-2024-poll-former-gov-larry-hoga,Emerson College Polling,Emerson,emerson_1VAhX83P_MD_President_Crosst,2024,President,MD,,2024-02-13,266,1000,LV,59.7,40.3,-19.49,,,Education,SomeCollege,SomeCollege,60.56,39.44,,,,,emerson_sheets,2024-02-12
2024-President-MD|Emerson maryland-2024-poll-former-gov-larry-hoga,Emerson College Polling,Emerson,emerson_1VAhX83P_MD_President_Crosst,2024,President,MD,,2024-02-13,266,1000,LV,59.7,40.3,-19.49,,,Education,BA,BA,65.17,34.83,,,,,emerson_sheets,2024-02-12
2024-President-MD|Emerson maryland-2024-poll-former-gov-larry-hoga,Emerson College Polling,Emerson,emerson_1VAhX83P_MD_President_Crosst,2024,President,MD,,2024-02-13,266,1000,LV,59.7,40.3,-19.49,,,Gender,Male,Male,55.79,44.21,,,,,emerson_sheets,2024-02-12
2024-President-MD|Emerson maryland-2024-poll-former-gov-larry-hoga,Emerson College Polling,Emerson,emerson_1VAhX83P_MD_President_Crosst,2024,President,MD,,2024-02-13,266,1000,LV,59.7,40.3,-19.49,,,Gender,Female,Female,63.22,36.78,,,,,emerson_sheets,2024-02-12
2024-President-MD|Emerson maryland-2024-poll-former-gov-larry-hoga,Emerson College Polling,Emerson,emerson_1VAhX83P_MD_President_Crosst,2024,President,MD,,2024-02-13,266,1000,LV,59.7,40.3,-19.49,,,Gender,Nonbinary,Nonbinary,75.0,25.0,,,,,emerson_sheets,2024-02-12
2024-Senate-MD|Emerson maryland-2024-poll-former-gov-larry-hoga,Emerson College Polling,Emerson,emerson_1VAhX83P_MD_Senate_Crosst,2024,Senate,MD,,2024-02-13,266,1000,LV,45.3,54.7,9.36,,,Race,Hispanic,Hispanic,50.0,50.0,,,,,emerson_sheets,2024-02-12
2024-Senate-MD|Emerson maryland-2024-poll-former-gov-larry-hoga,Emerson College Polling,Emerson,emerson_1VAhX83P_MD_Senate_Crosst,2024,Senate,MD,,2024-02-13,266,1000,LV,45.3,54.7,9.36,,,Race,White,White,32.85,67.15,,,,,emerson_sheets,2024-02-12
2024-Senate-MD|Emerson maryland-2024-poll-former-gov-larry-hoga,Emerson College Polling,Emerson,emerson_1VAhX83P_MD_Senate_Crosst,2024,Senate,MD,,2024-02-13,266,1000,LV,45.3,54.7,9.36,,,Race,Black,Black,71.31,28.69,,,,,emerson_sheets,2024-02-12
2024-Senate-MD|Emerson maryland-2024-poll-former-gov-larry-hoga,Emerson College Polling,Emerson,emerson_1VAhX83P_MD_Senate_Crosst,2024,Senate,MD,,2024-02-13,266,1000,LV,45.3,54.7,9.36,,,Race,Asian,Asian,44.44,55.56,,,,,emerson_sheets,2024-02-12
2024-Senate-MD|Emerson maryland-2024-poll-former-gov-larry-hoga,Emerson College Polling,Emerson,emerson_1VAhX83P_MD_Senate_Crosst,2024,Senate,MD,,2024-02-13,266,1000,LV,45.3,54.7,9.36,,,Race,Other,Other,29.41,70.59,,,,,emerson_sheets,2024-02-12
2024-Senate-MD|Emerson maryland-2024-poll-former-gov-larry-hoga,Emerson College Polling,Emerson,emerson_1VAhX83P_MD_Senate_Crosst,2024,Senate,MD,,2024-02-13,266,1000,LV,45.3,54.7,9.36,,,Age,18-29 years,18-29 years,65.17,34.83,,,,,emerson_sheets,2024-02-12
2024-Senate-MD|Emerson maryland-2024-poll-former-gov-larry-hoga,Emerson College Polling,Emerson,emerson_1VAhX83P_MD_Senate_Crosst,2024,Senate,MD,,2024-02-13,266,1000,LV,45.3,54.7,9.36,,,Age,30-39 years,30-39 years,45.31,54.69,,,,,emerson_sheets,2024-02-12
2024-Senate-MD|Emerson maryland-2024-poll-former-gov-larry-hoga,Emerson College Polling,Emerson,emerson_1VAhX83P_MD_Senate_Crosst,2024,Senate,MD,,2024-02-13,266,1000,LV,45.3,54.7,9.36,,,Age,40-49 years,40-49,43.94,56.06,,,,,emerson_sheets,2024-02-12
2024-Senate-MD|Emerson maryland-2024-poll-former-gov-larry-hoga,Emerson College Polling,Emerson,emerson_1VAhX83P_MD_Senate_Crosst,2024,Senate,MD,,2024-02-13,266,1000,LV,45.3,54.7,9.36,,,Age,50-59 years,50-59,40.83,59.17,,,,,emerson_sheets,2024-02-12
2024-Senate-MD|Emerson maryland-2024-poll-former-gov-larry-hoga,Emerson College Polling,Emerson,emerson_1VAhX83P_MD_Senate_Crosst,2024,Senate,MD,,2024-02-13,266,1000,LV,45.3,54.7,9.36,,,Age,60-69 years,60-69,38.18,61.82,,,,,emerson_sheets,2024-02-12
2024-Senate-MD|Emerson maryland-2024-poll-former-gov-larry-hoga,Emerson College Polling,Emerson,emerson_1VAhX83P_MD_Senate_Crosst,2024,Senate,MD,,2024-02-13,266,1000,LV,45.3,54.7,9.36,,,Age,70 or more years,70 or more years,47.66,52.34,,,,,emerson_sheets,2024-02-12
2024-Senate-MD|Emerson maryland-2024-poll-former-gov-larry-hoga,Emerson College Polling,Emerson,emerson_1VAhX83P_MD_Senate_Crosst,2024,Senate,MD,,2024-02-13,266,1000,LV,45.3,54.7,9.36,,,Education,HSorLess,HSorLess,42.86,57.14,,,,,emerson_sheets,2024-02-12
2024-Senate-MD|Emerson maryland-2024-poll-former-gov-larry-hoga,Emerson College Polling,Emerson,emerson_1VAhX83P_MD_Senate_Crosst,2024,Senate,MD,,2024-02-13,266,1000,LV,45.3,54.7,9.36,,,Education,SomeCollege,SomeCollege,45.95,54.05,,,,,emerson_sheets,2024-02-12
2024-Senate-MD|Emerson maryland-2024-poll-former-gov-larry-hoga,Emerson College Polling,Emerson,emerson_1VAhX83P_MD_Senate_Crosst,2024,Senate,MD,,2024-02-13,266,1000,LV,45.3,54.7,9.36,,,Education,BA,BA,46.08,53.92,,,,,emerson_sheets,2024-02-12
2024-Senate-MD|Emerson maryland-2024-poll-former-gov-larry-hoga,Emerson College Polling,Emerson,emerson_1VAhX83P_MD_Senate_Crosst,2024,Senate,MD,,2024-02-13,266,1000,LV,45.3,54.7,9.36,,,Gender,Male,Male,47.4,52.6,,,,,emerson_sheets,2024-02-12
2024-Senate-MD|Emerson maryland-2024-poll-former-gov-larry-hoga,Emerson College Polling,Emerson,emerson_1VAhX83P_MD_Senate_Crosst,2024,Senate,MD,,2024-02-13,266,1000,LV,45.3,54.7,9.36,,,Gender,Female,Female,43.26,56.74,,,,,emerson_sheets,2024-02-12
2024-Senate-MD|Emerson maryland-2024-poll-former-gov-larry-hoga,Emerson College Polling,Emerson,emerson_1VAhX83P_MD_Senate_Crosst,2024,Senate,MD,,2024-02-13,266,1000,LV,45.3,54.7,9.36,,,Gender,Nonbinary,Nonbinary,60.0,40.0,,,,,emerson_sheets,2024-02-12
2024-Senate-MD|Emerson maryland-2024-poll-former-gov-larry-hoga,Emerson College Polling,Emerson,emerson_1VAhX83P_MD_Senate_Crosst,2024,Senate,MD,,2024-02-13,266,1000,LV,50.4,49.6,-0.71,,,Race,Hispanic,Hispanic,46.15,53.85,,,,,emerson_sheets,2024-02-12
2024-Senate-MD|Emerson maryland-2024-poll-former-gov-larry-hoga,Emerson College Polling,Emerson,emerson_1VAhX83P_MD_Senate_Crosst,2024,Senate,MD,,2024-02-13,266,1000,LV,50.4,49.6,-0.71,,,Race,White,White,42.77,57.23,,,,,emerson_sheets,2024-02-12
2024-Senate-MD|Emerson maryland-2024-poll-former-gov-larry-hoga,Emerson College Polling,Emerson,emerson_1VAhX83P_MD_Senate_Crosst,2024,Senate,MD,,2024-02-13,266,1000,LV,50.4,49.6,-0.71,,,Race,Black,Black,67.66,32.34,,,,,emerson_sheets,2024-02-12
2024-Senate-MD|Emerson maryland-2024-poll-former-gov-larry-hoga,Emerson College Polling,Emerson,emerson_1VAhX83P_MD_Senate_Crosst,2024,Senate,MD,,2024-02-13,266,1000,LV,50.4,49.6,-0.71,,,Race,Asian,Asian,54.29,45.71,,,,,emerson_sheets,2024-02-12
2024-Senate-MD|Emerson maryland-2024-poll-former-gov-larry-hoga,Emerson College Polling,Emerson,emerson_1VAhX83P_MD_Senate_Crosst,2024,Senate,MD,,2024-02-13,266,1000,LV,50.4,49.6,-0.71,,,Race,Other,Other,45.0,55.0,,,,,emerson_sheets,2024-02-12
2024-Senate-MD|Emerson maryland-2024-poll-former-gov-larry-hoga,Emerson College Polling,Emerson,emerson_1VAhX83P_MD_Senate_Crosst,2024,Senate,MD,,2024-02-13,266,1000,LV,50.4,49.6,-0.71,,,Age,18-29 years,18-29 years,61.18,38.82,,,,,emerson_sheets,2024-02-12
2024-Senate-MD|Emerson maryland-2024-poll-former-gov-larry-hoga,Emerson College Polling,Emerson,emerson_1VAhX83P_MD_Senate_Crosst,2024,Senate,MD,,2024-02-13,266,1000,LV,50.4,49.6,-0.71,,,Age,30-39 years,30-39 years,48.41,51.59,,,,,emerson_sheets,2024-02-12
2024-Senate-MD|Emerson maryland-2024-poll-former-gov-larry-hoga,Emerson College Polling,Emerson,emerson_1VAhX83P_MD_Senate_Crosst,2024,Senate,MD,,2024-02-13,266,1000,LV,50.4,49.6,-0.71,,,Age,40-49 years,40-49,44.2,55.8,,,,,emerson_sheets,2024-02-12
2024-Senate-MD|Emerson maryland-2024-poll-former-gov-larry-hoga,Emerson College Polling,Emerson,emerson_1VAhX83P_MD_Senate_Crosst,2024,Senate,MD,,2024-02-13,266,1000,LV,50.4,49.6,-0.71,,,Age,50-59 years,50-59,47.78,52.22,,,,,emerson_sheets,2024-02-12
2024-Senate-MD|Emerson maryland-2024-poll-former-gov-larry-hoga,Emerson College Polling,Emerson,emerson_1VAhX83P_MD_Senate_Crosst,2024,Senate,MD,,2024-02-13,266,1000,LV,50.4,49.6,-0.71,,,Age,60-69 years,60-69,50.56,49.44,,,,,emerson_sheets,2024-02-12
2024-Senate-MD|Emerson maryland-2024-poll-former-gov-larry-hoga,Emerson College Polling,Emerson,emerson_1VAhX83P_MD_Senate_Crosst,2024,Senate,MD,,2024-02-13,266,1000,LV,50.4,49.6,-0.71,,,Age,70 or more years,70 or more years,55.3,44.7,,,,,emerson_sheets,2024-02-12
2024-Senate-MD|Emerson maryland-2024-poll-former-gov-larry-hoga,Emerson College Polling,Emerson,emerson_1VAhX83P_MD_Senate_Crosst,2024,Senate,MD,,2024-02-13,266,1000,LV,50.4,49.6,-0.71,,,Education,HSorLess,HSorLess,42.7,57.3,,,,,emerson_sheets,2024-02-12
2024-Senate-MD|Emerson maryland-2024-poll-former-gov-larry-hoga,Emerson College Polling,Emerson,emerson_1VAhX83P_MD_Senate_Crosst,2024,Senate,MD,,2024-02-13,266,1000,LV,50.4,49.6,-0.71,,,Education,SomeCollege,SomeCollege,53.19,46.81,,,,,emerson_sheets,2024-02-12
2024-Senate-MD|Emerson maryland-2024-poll-former-gov-larry-hoga,Emerson College Polling,Emerson,emerson_1VAhX83P_MD_Senate_Crosst,2024,Senate,MD,,2024-02-13,266,1000,LV,50.4,49.6,-0.71,,,Education,BA,BA,52.1,47.9,,,,,emerson_sheets,2024-02-12
2024-Senate-MD|Emerson maryland-2024-poll-former-gov-larry-hoga,Emerson College Polling,Emerson,emerson_1VAhX83P_MD_Senate_Crosst,2024,Senate,MD,,2024-02-13,266,1000,LV,50.4,49.6,-0.71,,,Gender,Male,Male,51.02,48.98,,,,,emerson_sheets,2024-02-12
2024-Senate-MD|Emerson maryland-2024-poll-former-gov-larry-hoga,Emerson College Polling,Emerson,emerson_1VAhX83P_MD_Senate_Crosst,2024,Senate,MD,,2024-02-13,266,1000,LV,50.4,49.6,-0.71,,,Gender,Female,Female,49.44,50.56,,,,,emerson_sheets,2024-02-12
2024-Senate-MD|Emerson maryland-2024-poll-former-gov-larry-hoga,Emerson College Polling,Emerson,emerson_1VAhX83P_MD_Senate_Crosst,2024,Senate,MD,,2024-02-13,266,1000,LV,50.4,49.6,-0.71,,,Gender,Nonbinary,Nonbinary,80.0,20.0,,,,,emerson_sheets,2024-02-12
2024-President-MD|Emerson october-2024-maryland-poll-alsobrooks-d-,Emerson College Polling,Emerson,emerson_1LBKyt7-_MD_President_crosst,2024,President,MD,,2024-10-21,15,865,LV,65.3,34.7,-30.6,,,Race,Hispanic,Hispanic,65.21,34.79,,,,,emerson_sheets,2024-10-19
2024-President-MD|Emerson october-2024-maryland-poll-alsobrooks-d-,Emerson College Polling,Emerson,emerson_1LBKyt7-_MD_President_crosst,2024,President,MD,,2024-10-21,15,865,LV,65.3,34.7,-30.6,,,Race,White,White,55.91,44.09,,,,,emerson_sheets,2024-10-19
2024-President-MD|Emerson october-2024-maryland-poll-alsobrooks-d-,Emerson College Polling,Emerson,emerson_1LBKyt7-_MD_President_crosst,2024,President,MD,,2024-10-21,15,865,LV,65.3,34.7,-30.6,,,Race,Black,Black,85.11,14.89,,,,,emerson_sheets,2024-10-19
2024-President-MD|Emerson october-2024-maryland-poll-alsobrooks-d-,Emerson College Polling,Emerson,emerson_1LBKyt7-_MD_President_crosst,2024,President,MD,,2024-10-21,15,865,LV,65.3,34.7,-30.6,,,Race,Asian,Asian,68.89,31.11,,,,,emerson_sheets,2024-10-19
2024-President-MD|Emerson october-2024-maryland-poll-alsobrooks-d-,Emerson College Polling,Emerson,emerson_1LBKyt7-_MD_President_crosst,2024,President,MD,,2024-10-21,15,865,LV,65.3,34.7,-30.6,,,Race,Other,Other,57.97,42.03,,,,,emerson_sheets,2024-10-19
2024-President-MD|Emerson october-2024-maryland-poll-alsobrooks-d-,Emerson College Polling,Emerson,emerson_1LBKyt7-_MD_President_crosst,2024,President,MD,,2024-10-21,15,865,LV,65.3,34.7,-30.6,,,Age,18-29 years,18-29 years,77.96,22.04,,,,,emerson_sheets,2024-10-19
2024-President-MD|Emerson october-2024-maryland-poll-alsobrooks-d-,Emerson College Polling,Emerson,emerson_1LBKyt7-_MD_President_crosst,2024,President,MD,,2024-10-21,15,865,LV,65.3,34.7,-30.6,,,Age,30-39 years,30-39 years,67.32,32.68,,,,,emerson_sheets,2024-10-19
2024-President-MD|Emerson october-2024-maryland-poll-alsobrooks-d-,Emerson College Polling,Emerson,emerson_1LBKyt7-_MD_President_crosst,2024,President,MD,,2024-10-21,15,865,LV,65.3,34.7,-30.6,,,Age,40-49 years,40-49,68.81,31.19,,,,,emerson_sheets,2024-10-19
2024-President-MD|Emerson october-2024-maryland-poll-alsobrooks-d-,Emerson College Polling,Emerson,emerson_1LBKyt7-_MD_President_crosst,2024,President,MD,,2024-10-21,15,865,LV,65.3,34.7,-30.6,,,Age,50-59 years,50-59,60.54,39.46,,,,,emerson_sheets,2024-10-19
2024-President-MD|Emerson october-2024-maryland-poll-alsobrooks-d-,Emerson College Polling,Emerson,emerson_1LBKyt7-_MD_President_crosst,2024,President,MD,,2024-10-21,15,865,LV,65.3,34.7,-30.6,,,Age,60-69 years,60-69,57.0,43.0,,,,,emerson_sheets,2024-10-19
2024-President-MD|Emerson october-2024-maryland-poll-alsobrooks-d-,Emerson College Polling,Emerson,emerson_1LBKyt7-_MD_President_crosst,2024,President,MD,,2024-10-21,15,865,LV,65.3,34.7,-30.6,,,Age,70 or more years,70 or more years,66.99,33.01,,,,,emerson_sheets,2024-10-19
2024-President-MD|Emerson october-2024-maryland-poll-alsobrooks-d-,Emerson College Polling,Emerson,emerson_1LBKyt7-_MD_President_crosst,2024,President,MD,,2024-10-21,15,865,LV,65.3,34.7,-30.6,,,Education,HSorLess,HSorLess,57.95,42.05,,,,,emerson_sheets,2024-10-19
2024-President-MD|Emerson october-2024-maryland-poll-alsobrooks-d-,Emerson College Polling,Emerson,emerson_1LBKyt7-_MD_President_crosst,2024,President,MD,,2024-10-21,15,865,LV,65.3,34.7,-30.6,,,Education,SomeCollege,SomeCollege,57.64,42.36,,,,,emerson_sheets,2024-10-19
2024-President-MD|Emerson october-2024-maryland-poll-alsobrooks-d-,Emerson College Polling,Emerson,emerson_1LBKyt7-_MD_President_crosst,2024,President,MD,,2024-10-21,15,865,LV,65.3,34.7,-30.6,,,Education,BA,BA,73.22,26.78,,,,,emerson_sheets,2024-10-19
2024-President-MD|Emerson october-2024-maryland-poll-alsobrooks-d-,Emerson College Polling,Emerson,emerson_1LBKyt7-_MD_President_crosst,2024,President,MD,,2024-10-21,15,865,LV,65.3,34.7,-30.6,,,Gender,Male,Male,58.36,41.64,,,,,emerson_sheets,2024-10-19
2024-President-MD|Emerson october-2024-maryland-poll-alsobrooks-d-,Emerson College Polling,Emerson,emerson_1LBKyt7-_MD_President_crosst,2024,President,MD,,2024-10-21,15,865,LV,65.3,34.7,-30.6,,,Gender,Female,Female,71.02,28.98,,,,,emerson_sheets,2024-10-19
2024-President-MD|Emerson october-2024-maryland-poll-alsobrooks-d-,Emerson College Polling,Emerson,emerson_1LBKyt7-_MD_President_crosst,2024,President,MD,,2024-10-21,15,865,LV,65.3,34.7,-30.6,,,Gender,Nonbinary,Nonbinary,100.0,0.0,,,,,emerson_sheets,2024-10-19
2024-President-MD|Emerson october-2024-maryland-poll-alsobrooks-d-,Emerson College Polling,Emerson,emerson_1LBKyt7-_MD_President_crosst,2024,President,MD,,2024-10-21,15,865,LV,65.0,35.0,-30.09,,,Race,Hispanic,Hispanic,65.21,34.79,,,,,emerson_sheets,2024-10-19
2024-President-MD|Emerson october-2024-maryland-poll-alsobrooks-d-,Emerson College Polling,Emerson,emerson_1LBKyt7-_MD_President_crosst,2024,President,MD,,2024-10-21,15,865,LV,65.0,35.0,-30.09,,,Race,White,White,55.71,44.29,,,,,emerson_sheets,2024-10-19
2024-President-MD|Emerson october-2024-maryland-poll-alsobrooks-d-,Emerson College Polling,Emerson,emerson_1LBKyt7-_MD_President_crosst,2024,President,MD,,2024-10-21,15,865,LV,65.0,35.0,-30.09,,,Race,Black,Black,84.56,15.44,,,,,emerson_sheets,2024-10-19
2024-President-MD|Emerson october-2024-maryland-poll-alsobrooks-d-,Emerson College Polling,Emerson,emerson_1LBKyt7-_MD_President_crosst,2024,President,MD,,2024-10-21,15,865,LV,65.0,35.0,-30.09,,,Race,Asian,Asian,70.02,29.98,,,,,emerson_sheets,2024-10-19
2024-President-MD|Emerson october-2024-maryland-poll-alsobrooks-d-,Emerson College Polling,Emerson,emerson_1LBKyt7-_MD_President_crosst,2024,President,MD,,2024-10-21,15,865,LV,65.0,35.0,-30.09,,,Race,Other,Other,55.48,44.52,,,,,emerson_sheets,2024-10-19
2024-President-MD|Emerson october-2024-maryland-poll-alsobrooks-d-,Emerson College Polling,Emerson,emerson_1LBKyt7-_MD_President_crosst,2024,President,MD,,2024-10-21,15,865,LV,65.0,35.0,-30.09,,,Age,18-29 years,18-29 years,75.34,24.66,,,,,emerson_sheets,2024-10-19
2024-President-MD|Emerson october-2024-maryland-poll-alsobrooks-d-,Emerson College Polling,Emerson,emerson_1LBKyt7-_MD_President_crosst,2024,President,MD,,2024-10-21,15,865,LV,65.0,35.0,-30.09,,,Age,30-39 years,30-39 years,67.1,32.9,,,,,emerson_sheets,2024-10-19
2024-President-MD|Emerson october-2024-maryland-poll-alsobrooks-d-,Emerson College Polling,Emerson,emerson_1LBKyt7-_MD_President_crosst,2024,President,MD,,2024-10-21,15,865,LV,65.0,35.0,-30.09,,,Age,40-49 years,40-49,68.3,31.7,,,,,emerson_sheets,2024-10-19
2024-President-MD|Emerson october-2024-maryland-poll-alsobrooks-d-,Emerson College Polling,Emerson,emerson_1LBKyt7-_MD_President_crosst,2024,President,MD,,2024-10-21,15,865,LV,65.0,35.0,-30.09,,,Age,50-59 years,50-59,60.93,39.07,,,,,emerson_sheets,2024-10-19
2024-President-MD|Emerson october-2024-maryland-poll-alsobrooks-d-,Emerson College Polling,Emerson,emerson_1LBKyt7-_MD_President_crosst,2024,President,MD,,2024-10-21,15,865,LV,65.0,35.0,-30.09,,,Age,60-69 years,60-69,57.25,42.75,,,,,emerson_sheets,2024-10-19
2024-President-MD|Emerson october-2024-maryland-poll-alsobrooks-d-,Emerson College Polling,Emerson,emerson_1LBKyt7-_MD_President_crosst,2024,President,MD,,2024-10-21,15,865,LV,65.0,35.0,-30.09,,,Age,70 or more years,70 or more years,66.99,33.01,,,,,emerson_sheets,2024-10-19
2024-President-MD|Emerson october-2024-maryland-poll-alsobrooks-d-,Emerson College Polling,Emerson,emerson_1LBKyt7-_MD_President_crosst,2024,President,MD,,2024-10-21,15,865,LV,65.0,35.0,-30.09,,,Education,HSorLess,HSorLess,58.23,41.77,,,,,emerson_sheets,2024-10-19
2024-President-MD|Emerson october-2024-maryland-poll-alsobrooks-d-,Emerson College Polling,Emerson,emerson_1LBKyt7-_MD_President_crosst,2024,President,MD,,2024-10-21,15,865,LV,65.0,35.0,-30.09,,,Education,SomeCollege,SomeCollege,58.32,41.68,,,,,emerson_sheets,2024-10-19
2024-President-MD|Emerson october-2024-maryland-poll-alsobrooks-d-,Emerson College Polling,Emerson,emerson_1LBKyt7-_MD_President_crosst,2024,President,MD,,2024-10-21,15,865,LV,65.0,35.0,-30.09,,,Education,BA,BA,72.1,27.9,,,,,emerson_sheets,2024-10-19
2024-President-MD|Emerson october-2024-maryland-poll-alsobrooks-d-,Emerson College Polling,Emerson,emerson_1LBKyt7-_MD_President_crosst,2024,President,MD,,2024-10-21,15,865,LV,65.0,35.0,-30.09,,,Gender,Male,Male,58.37,41.63,,,,,emerson_sheets,2024-10-19
2024-President-MD|Emerson october-2024-maryland-poll-alsobrooks-d-,Emerson College Polling,Emerson,emerson_1LBKyt7-_MD_President_crosst,2024,President,MD,,2024-10-21,15,865,LV,65.0,35.0,-30.09,,,Gender,Female,Female,70.58,29.42,,,,,emerson_sheets,2024-10-19
2024-President-MD|Emerson october-2024-maryland-poll-alsobrooks-d-,Emerson College Polling,Emerson,emerson_1LBKyt7-_MD_President_crosst,2024,President,MD,,2024-10-21,15,865,LV,65.0,35.0,-30.09,,,Gender,Nonbinary,Nonbinary,100.0,0.0,,,,,emerson_sheets,2024-10-19
2024-Senate-MD|Emerson october-2024-maryland-poll-alsobrooks-d-,Emerson College Polling,Emerson,emerson_1LBKyt7-_MD_Senate_crosst,2024,Senate,MD,,2024-10-21,15,865,LV,57.4,42.6,-14.87,,,Race,Hispanic,Hispanic,52.84,47.16,,,,,emerson_sheets,2024-10-19
2024-Senate-MD|Emerson october-2024-maryland-poll-alsobrooks-d-,Emerson College Polling,Emerson,emerson_1LBKyt7-_MD_Senate_crosst,2024,Senate,MD,,2024-10-21,15,865,LV,57.4,42.6,-14.87,,,Race,White,White,47.1,52.9,,,,,emerson_sheets,2024-10-19
2024-Senate-MD|Emerson october-2024-maryland-poll-alsobrooks-d-,Emerson College Polling,Emerson,emerson_1LBKyt7-_MD_Senate_crosst,2024,Senate,MD,,2024-10-21,15,865,LV,57.4,42.6,-14.87,,,Race,Black,Black,79.95,20.05,,,,,emerson_sheets,2024-10-19
2024-Senate-MD|Emerson october-2024-maryland-poll-alsobrooks-d-,Emerson College Polling,Emerson,emerson_1LBKyt7-_MD_Senate_crosst,2024,Senate,MD,,2024-10-21,15,865,LV,57.4,42.6,-14.87,,,Race,Asian,Asian,64.94,35.06,,,,,emerson_sheets,2024-10-19
2024-Senate-MD|Emerson october-2024-maryland-poll-alsobrooks-d-,Emerson College Polling,Emerson,emerson_1LBKyt7-_MD_Senate_crosst,2024,Senate,MD,,2024-10-21,15,865,LV,57.4,42.6,-14.87,,,Race,Other,Other,50.15,49.85,,,,,emerson_sheets,2024-10-19
2024-Senate-MD|Emerson october-2024-maryland-poll-alsobrooks-d-,Emerson College Polling,Emerson,emerson_1LBKyt7-_MD_Senate_crosst,2024,Senate,MD,,2024-10-21,15,865,LV,57.4,42.6,-14.87,,,Age,18-29 years,18-29 years,68.19,31.81,,,,,emerson_sheets,2024-10-19
2024-Senate-MD|Emerson october-2024-maryland-poll-alsobrooks-d-,Emerson College Polling,Emerson,emerson_1LBKyt7-_MD_Senate_crosst,2024,Senate,MD,,2024-10-21,15,865,LV,57.4,42.6,-14.87,,,Age,30-39 years,30-39 years,62.27,37.73,,,,,emerson_sheets,2024-10-19
2024-Senate-MD|Emerson october-2024-maryland-poll-alsobrooks-d-,Emerson College Polling,Emerson,emerson_1LBKyt7-_MD_Senate_crosst,2024,Senate,MD,,2024-10-21,15,865,LV,57.4,42.6,-14.87,,,Age,40-49 years,40-49,59.8,40.2,,,,,emerson_sheets,2024-10-19
2024-Senate-MD|Emerson october-2024-maryland-poll-alsobrooks-d-,Emerson College Polling,Emerson,emerson_1LBKyt7-_MD_Senate_crosst,2024,Senate,MD,,2024-10-21,15,865,LV,57.4,42.6,-14.87,,,Age,50-59 years,50-59,48.08,51.92,,,,,emerson_sheets,2024-10-19
2024-Senate-MD|Emerson october-2024-maryland-poll-alsobrooks-d-,Emerson College Polling,Emerson,emerson_1LBKyt7-_MD_Senate_crosst,2024,Senate,MD,,2024-10-21,15,865,LV,57.4,42.6,-14.87,,,Age,60-69 years,60-69,53.38,46.62,,,,,emerson_sheets,2024-10-19
2024-Senate-MD|Emerson october-2024-maryland-poll-alsobrooks-d-,Emerson College Polling,Emerson,emerson_1LBKyt7-_MD_Senate_crosst,2024,Senate,MD,,2024-10-21,15,865,LV,57.4,42.6,-14.87,,,Age,70 or more years,70 or more years,59.11,40.89,,,,,emerson_sheets,2024-10-19
2024-Senate-MD|Emerson october-2024-maryland-poll-alsobrooks-d-,Emerson College Polling,Emerson,emerson_1LBKyt7-_MD_Senate_crosst,2024,Senate,MD,,2024-10-21,15,865,LV,57.4,42.6,-14.87,,,Education,HSorLess,HSorLess,54.27,45.73,,,,,emerson_sheets,2024-10-19
2024-Senate-MD|Emerson october-2024-maryland-poll-alsobrooks-d-,Emerson College Polling,Emerson,emerson_1LBKyt7-_MD_Senate_crosst,2024,Senate,MD,,2024-10-21,15,865,LV,57.4,42.6,-14.87,,,Education,SomeCollege,SomeCollege,52.96,47.04,,,,,emerson_sheets,2024-10-19
2024-Senate-MD|Emerson october-2024-maryland-poll-alsobrooks-d-,Emerson College Polling,Emerson,emerson_1LBKyt7-_MD_Senate_crosst,2024,Senate,MD,,2024-10-21,15,865,LV,57.4,42.6,-14.87,,,Education,BA,BA,61.4,38.6,,,,,emerson_sheets,2024-10-19
2024-Senate-MD|Emerson october-2024-maryland-poll-alsobrooks-d-,Emerson College Polling,Emerson,emerson_1LBKyt7-_MD_Senate_crosst,2024,Senate,MD,,2024-10-21,15,865,LV,57.4,42.6,-14.87,,,Gender,Male,Male,49.3,50.7,,,,,emerson_sheets,2024-10-19
2024-Senate-MD|Emerson october-2024-maryland-poll-alsobrooks-d-,Emerson College Polling,Emerson,emerson_1LBKyt7-_MD_Senate_crosst,2024,Senate,MD,,2024-10-21,15,865,LV,57.4,42.6,-14.87,,,Gender,Female,Female,64.44,35.56,,,,,emerson_sheets,2024-10-19
2024-Senate-MD|Emerson october-2024-maryland-poll-alsobrooks-d-,Emerson College Polling,Emerson,emerson_1LBKyt7-_MD_Senate_crosst,2024,Senate,MD,,2024-10-21,15,865,LV,57.4,42.6,-14.87,,,Gender,Nonbinary,Nonbinary,100.0,0.0,,,,,emerson_sheets,2024-10-19
2024-Senate-MD|Emerson october-2024-maryland-poll-alsobrooks-d-,Emerson College Polling,Emerson,emerson_1LBKyt7-_MD_Senate_crosst,2024,Senate,MD,,2024-10-21,15,865,LV,56.6,43.4,-13.23,,,Race,Hispanic,Hispanic,52.84,47.16,,,,,emerson_sheets,2024-10-19
2024-Senate-MD|Emerson october-2024-maryland-poll-alsobrooks-d-,Emerson College Polling,Emerson,emerson_1LBKyt7-_MD_Senate_crosst,2024,Senate,MD,,2024-10-21,15,865,LV,56.6,43.4,-13.23,,,Race,White,White,46.54,53.46,,,,,emerson_sheets,2024-10-19
2024-Senate-MD|Emerson october-2024-maryland-poll-alsobrooks-d-,Emerson College Polling,Emerson,emerson_1LBKyt7-_MD_Senate_crosst,2024,Senate,MD,,2024-10-21,15,865,LV,56.6,43.4,-13.23,,,Race,Black,Black,78.51,21.49,,,,,emerson_sheets,2024-10-19
2024-Senate-MD|Emerson october-2024-maryland-poll-alsobrooks-d-,Emerson College Polling,Emerson,emerson_1LBKyt7-_MD_Senate_crosst,2024,Senate,MD,,2024-10-21,15,865,LV,56.6,43.4,-13.23,,,Race,Asian,Asian,59.81,40.19,,,,,emerson_sheets,2024-10-19
2024-Senate-MD|Emerson october-2024-maryland-poll-alsobrooks-d-,Emerson College Polling,Emerson,emerson_1LBKyt7-_MD_Senate_crosst,2024,Senate,MD,,2024-10-21,15,865,LV,56.6,43.4,-13.23,,,Race,Other,Other,49.4,50.6,,,,,emerson_sheets,2024-10-19
2024-Senate-MD|Emerson october-2024-maryland-poll-alsobrooks-d-,Emerson College Polling,Emerson,emerson_1LBKyt7-_MD_Senate_crosst,2024,Senate,MD,,2024-10-21,15,865,LV,56.6,43.4,-13.23,,,Age,18-29 years,18-29 years,66.05,33.95,,,,,emerson_sheets,2024-10-19
2024-Senate-MD|Emerson october-2024-maryland-poll-alsobrooks-d-,Emerson College Polling,Emerson,emerson_1LBKyt7-_MD_Senate_crosst,2024,Senate,MD,,2024-10-21,15,865,LV,56.6,43.4,-13.23,,,Age,30-39 years,30-39 years,61.37,38.63,,,,,emerson_sheets,2024-10-19
2024-Senate-MD|Emerson october-2024-maryland-poll-alsobrooks-d-,Emerson College Polling,Emerson,emerson_1LBKyt7-_MD_Senate_crosst,2024,Senate,MD,,2024-10-21,15,865,LV,56.6,43.4,-13.23,,,Age,40-49 years,40-49,57.38,42.62,,,,,emerson_sheets,2024-10-19
2024-Senate-MD|Emerson october-2024-maryland-poll-alsobrooks-d-,Emerson College Polling,Emerson,emerson_1LBKyt7-_MD_Senate_crosst,2024,Senate,MD,,2024-10-21,15,865,LV,56.6,43.4,-13.23,,,Age,50-59 years,50-59,46.98,53.02,,,,,emerson_sheets,2024-10-19
2024-Senate-MD|Emerson october-2024-maryland-poll-alsobrooks-d-,Emerson College Polling,Emerson,emerson_1LBKyt7-_MD_Senate_crosst,2024,Senate,MD,,2024-10-21,15,865,LV,56.6,43.4,-13.23,,,Age,60-69 years,60-69,54.52,45.48,,,,,emerson_sheets,2024-10-19
2024-Senate-MD|Emerson october-2024-maryland-poll-alsobrooks-d-,Emerson College Polling,Emerson,emerson_1LBKyt7-_MD_Senate_crosst,2024,Senate,MD,,2024-10-21,15,865,LV,56.6,43.4,-13.23,,,Age,70 or more years,70 or more years,58.74,41.26,,,,,emerson_sheets,2024-10-19
2024-Senate-MD|Emerson october-2024-maryland-poll-alsobrooks-d-,Emerson College Polling,Emerson,emerson_1LBKyt7-_MD_Senate_crosst,2024,Senate,MD,,2024-10-21,15,865,LV,56.6,43.4,-13.23,,,Education,HSorLess,HSorLess,54.04,45.96,,,,,emerson_sheets,2024-10-19
2024-Senate-MD|Emerson october-2024-maryland-poll-alsobrooks-d-,Emerson College Polling,Emerson,emerson_1LBKyt7-_MD_Senate_crosst,2024,Senate,MD,,2024-10-21,15,865,LV,56.6,43.4,-13.23,,,Education,SomeCollege,SomeCollege,53.73,46.27,,,,,emerson_sheets,2024-10-19
2024-Senate-MD|Emerson october-2024-maryland-poll-alsobrooks-d-,Emerson College Polling,Emerson,emerson_1LBKyt7-_MD_Senate_crosst,2024,Senate,MD,,2024-10-21,15,865,LV,56.6,43.4,-13.23,,,Education,BA,BA,59.44,40.56,,,,,emerson_sheets,2024-10-19
2024-Senate-MD|Emerson october-2024-maryland-poll-alsobrooks-d-,Emerson College Polling,Emerson,emerson_1LBKyt7-_MD_Senate_crosst,2024,Senate,MD,,2024-10-21,15,865,LV,56.6,43.4,-13.23,,,Gender,Male,Male,49.09,50.91,,,,,emerson_sheets,2024-10-19
2024-Senate-MD|Emerson october-2024-maryland-poll-alsobrooks-d-,Emerson College Polling,Emerson,emerson_1LBKyt7-_MD_Senate_crosst,2024,Senate,MD,,2024-10-21,15,865,LV,56.6,43.4,-13.23,,,Gender,Female,Female,62.9,37.1,,,,,emerson_sheets,2024-10-19
2024-Senate-MD|Emerson october-2024-maryland-poll-alsobrooks-d-,Emerson College Polling,Emerson,emerson_1LBKyt7-_MD_Senate_crosst,2024,Senate,MD,,2024-10-21,15,865,LV,56.6,43.4,-13.23,,,Gender,Nonbinary,Nonbinary,100.0,0.0,,,,,emerson_sheets,2024-10-19
2024-President-MD|Emerson maryland-september-2024-poll-alsobrooks-,Emerson College Polling,Emerson,emerson_1DGqZCOx_MD_President_crosst,2024,President,MD,,2024-09-13,53,890,LV,66.4,33.6,-32.89,,,Race,Hispanic,Hispanic,71.59,28.41,,,,,emerson_sheets,2024-09-12
2024-President-MD|Emerson maryland-september-2024-poll-alsobrooks-,Emerson College Polling,Emerson,emerson_1DGqZCOx_MD_President_crosst,2024,President,MD,,2024-09-13,53,890,LV,66.4,33.6,-32.89,,,Race,White,White,51.74,48.26,,,,,emerson_sheets,2024-09-12
2024-President-MD|Emerson maryland-september-2024-poll-alsobrooks-,Emerson College Polling,Emerson,emerson_1DGqZCOx_MD_President_crosst,2024,President,MD,,2024-09-13,53,890,LV,66.4,33.6,-32.89,,,Race,Black,Black,95.91,4.09,,,,,emerson_sheets,2024-09-12
2024-President-MD|Emerson maryland-september-2024-poll-alsobrooks-,Emerson College Polling,Emerson,emerson_1DGqZCOx_MD_President_crosst,2024,President,MD,,2024-09-13,53,890,LV,66.4,33.6,-32.89,,,Race,Asian,Asian,77.55,22.45,,,,,emerson_sheets,2024-09-12
2024-President-MD|Emerson maryland-september-2024-poll-alsobrooks-,Emerson College Polling,Emerson,emerson_1DGqZCOx_MD_President_crosst,2024,President,MD,,2024-09-13,53,890,LV,66.4,33.6,-32.89,,,Race,Other,Other,54.61,45.39,,,,,emerson_sheets,2024-09-12
2024-President-MD|Emerson maryland-september-2024-poll-alsobrooks-,Emerson College Polling,Emerson,emerson_1DGqZCOx_MD_President_crosst,2024,President,MD,,2024-09-13,53,890,LV,66.4,33.6,-32.89,,,Age,18-29 years,18-29 years,77.56,22.44,,,,,emerson_sheets,2024-09-12
2024-President-MD|Emerson maryland-september-2024-poll-alsobrooks-,Emerson College Polling,Emerson,emerson_1DGqZCOx_MD_President_crosst,2024,President,MD,,2024-09-13,53,890,LV,66.4,33.6,-32.89,,,Age,30-39 years,30-39 years,66.92,33.08,,,,,emerson_sheets,2024-09-12
2024-President-MD|Emerson maryland-september-2024-poll-alsobrooks-,Emerson College Polling,Emerson,emerson_1DGqZCOx_MD_President_crosst,2024,President,MD,,2024-09-13,53,890,LV,66.4,33.6,-32.89,,,Age,40-49 years,40-49,68.68,31.32,,,,,emerson_sheets,2024-09-12
2024-President-MD|Emerson maryland-september-2024-poll-alsobrooks-,Emerson College Polling,Emerson,emerson_1DGqZCOx_MD_President_crosst,2024,President,MD,,2024-09-13,53,890,LV,66.4,33.6,-32.89,,,Age,50-59 years,50-59,61.53,38.47,,,,,emerson_sheets,2024-09-12
2024-President-MD|Emerson maryland-september-2024-poll-alsobrooks-,Emerson College Polling,Emerson,emerson_1DGqZCOx_MD_President_crosst,2024,President,MD,,2024-09-13,53,890,LV,66.4,33.6,-32.89,,,Age,60-69 years,60-69,62.58,37.42,,,,,emerson_sheets,2024-09-12
2024-President-MD|Emerson maryland-september-2024-poll-alsobrooks-,Emerson College Polling,Emerson,emerson_1DGqZCOx_MD_President_crosst,2024,President,MD,,2024-09-13,53,890,LV,66.4,33.6,-32.89,,,Age,70 or more years,70 or more years,66.4,33.6,,,,,emerson_sheets,2024-09-12
2024-President-MD|Emerson maryland-september-2024-poll-alsobrooks-,Emerson College Polling,Emerson,emerson_1DGqZCOx_MD_President_crosst,2024,President,MD,,2024-09-13,53,890,LV,66.4,33.6,-32.89,,,Education,HSorLess,HSorLess,64.23,35.77,,,,,emerson_sheets,2024-09-12
2024-President-MD|Emerson maryland-september-2024-poll-alsobrooks-,Emerson College Polling,Emerson,emerson_1DGqZCOx_MD_President_crosst,2024,President,MD,,2024-09-13,53,890,LV,66.4,33.6,-32.89,,,Education,SomeCollege,SomeCollege,60.66,39.34,,,,,emerson_sheets,2024-09-12
2024-President-MD|Emerson maryland-september-2024-poll-alsobrooks-,Emerson College Polling,Emerson,emerson_1DGqZCOx_MD_President_crosst,2024,President,MD,,2024-09-13,53,890,LV,66.4,33.6,-32.89,,,Education,BA,BA,70.83,29.17,,,,,emerson_sheets,2024-09-12
2024-President-MD|Emerson maryland-september-2024-poll-alsobrooks-,Emerson College Polling,Emerson,emerson_1DGqZCOx_MD_President_crosst,2024,President,MD,,2024-09-13,53,890,LV,66.4,33.6,-32.89,,,Gender,Male,Male,59.08,40.92,,,,,emerson_sheets,2024-09-12
2024-President-MD|Emerson maryland-september-2024-poll-alsobrooks-,Emerson College Polling,Emerson,emerson_1DGqZCOx_MD_President_crosst,2024,President,MD,,2024-09-13,53,890,LV,66.4,33.6,-32.89,,,Gender,Female,Female,72.75,27.25,,,,,emerson_sheets,2024-09-12
2024-President-MD|Emerson maryland-september-2024-poll-alsobrooks-,Emerson College Polling,Emerson,emerson_1DGqZCOx_MD_President_crosst,2024,President,MD,,2024-09-13,53,890,LV,66.2,33.8,-32.41,,,Race,Hispanic,Hispanic,71.59,28.41,,,,,emerson_sheets,2024-09-12
2024-President-MD|Emerson maryland-september-2024-poll-alsobrooks-,Emerson College Polling,Emerson,emerson_1DGqZCOx_MD_President_crosst,2024,President,MD,,2024-09-13,53,890,LV,66.2,33.8,-32.41,,,Race,White,White,51.1,48.9,,,,,emerson_sheets,2024-09-12
2024-President-MD|Emerson maryland-september-2024-poll-alsobrooks-,Emerson College Polling,Emerson,emerson_1DGqZCOx_MD_President_crosst,2024,President,MD,,2024-09-13,53,890,LV,66.2,33.8,-32.41,,,Race,Black,Black,95.75,4.25,,,,,emerson_sheets,2024-09-12
2024-President-MD|Emerson maryland-september-2024-poll-alsobrooks-,Emerson College Polling,Emerson,emerson_1DGqZCOx_MD_President_crosst,2024,President,MD,,2024-09-13,53,890,LV,66.2,33.8,-32.41,,,Race,Asian,Asian,79.53,20.47,,,,,emerson_sheets,2024-09-12
2024-President-MD|Emerson maryland-september-2024-poll-alsobrooks-,Emerson College Polling,Emerson,emerson_1DGqZCOx_MD_President_crosst,2024,President,MD,,2024-09-13,53,890,LV,66.2,33.8,-32.41,,,Race,Other,Other,56.03,43.97,,,,,emerson_sheets,2024-09-12
2024-President-MD|Emerson maryland-september-2024-poll-alsobrooks-,Emerson College Polling,Emerson,emerson_1DGqZCOx_MD_President_crosst,2024,President,MD,,2024-09-13,53,890,LV,66.2,33.8,-32.41,,,Age,18-29 years,18-29 years,77.99,22.01,,,,,emerson_sheets,2024-09-12
2024-President-MD|Emerson maryland-september-2024-poll-alsobrooks-,Emerson College Polling,Emerson,emerson_1DGqZCOx_MD_President_crosst,2024,President,MD,,2024-09-13,53,890,LV,66.2,33.8,-32.41,,,Age,30-39 years,30-39 years,67.93,32.07,,,,,emerson_sheets,2024-09-12
2024-President-MD|Emerson maryland-september-2024-poll-alsobrooks-,Emerson College Polling,Emerson,emerson_1DGqZCOx_MD_President_crosst,2024,President,MD,,2024-09-13,53,890,LV,66.2,33.8,-32.41,,,Age,40-49 years,40-49,68.14,31.86,,,,,emerson_sheets,2024-09-12
2024-President-MD|Emerson maryland-september-2024-poll-alsobrooks-,Emerson College Polling,Emerson,emerson_1DGqZCOx_MD_President_crosst,2024,President,MD,,2024-09-13,53,890,LV,66.2,33.8,-32.41,,,Age,50-59 years,50-59,61.38,38.62,,,,,emerson_sheets,2024-09-12
2024-President-MD|Emerson maryland-september-2024-poll-alsobrooks-,Emerson College Polling,Emerson,emerson_1DGqZCOx_MD_President_crosst,2024,President,MD,,2024-09-13,53,890,LV,66.2,33.8,-32.41,,,Age,60-69 years,60-69,61.08,38.92,,,,,emerson_sheets,2024-09-12
2024-President-MD|Emerson maryland-september-2024-poll-alsobrooks-,Emerson College Polling,Emerson,emerson_1DGqZCOx_MD_President_crosst,2024,President,MD,,2024-09-13,53,890,LV,66.2,33.8,-32.41,,,Age,70 or more years,70 or more years,66.09,33.91,,,,,emerson_sheets,2024-09-12
2024-President-MD|Emerson maryland-september-2024-poll-alsobrooks-,Emerson College Polling,Emerson,emerson_1DGqZCOx_MD_President_crosst,2024,President,MD,,2024-09-13,53,890,LV,66.2,33.8,-32.41,,,Education,HSorLess,HSorLess,65.31,34.69,,,,,emerson_sheets,2024-09-12
2024-President-MD|Emerson maryland-september-2024-poll-alsobrooks-,Emerson College Polling,Emerson,emerson_1DGqZCOx_MD_President_crosst,2024,President,MD,,2024-09-13,53,890,LV,66.2,33.8,-32.41,,,Education,SomeCollege,SomeCollege,60.93,39.07,,,,,emerson_sheets,2024-09-12
2024-President-MD|Emerson maryland-september-2024-poll-alsobrooks-,Emerson College Polling,Emerson,emerson_1DGqZCOx_MD_President_crosst,2024,President,MD,,2024-09-13,53,890,LV,66.2,33.8,-32.41,,,Education,BA,BA,69.61,30.39,,,,,emerson_sheets,2024-09-12
2024-President-MD|Emerson maryland-september-2024-poll-alsobrooks-,Emerson College Polling,Emerson,emerson_1DGqZCOx_MD_President_crosst,2024,President,MD,,2024-09-13,53,890,LV,66.2,33.8,-32.41,,,Gender,Male,Male,58.79,41.21,,,,,emerson_sheets,2024-09-12
2024-President-MD|Emerson maryland-september-2024-poll-alsobrooks-,Emerson College Polling,Emerson,emerson_1DGqZCOx_MD_President_crosst,2024,President,MD,,2024-09-13,53,890,LV,66.2,33.8,-32.41,,,Gender,Female,Female,72.56,27.44,,,,,emerson_sheets,2024-09-12
2024-Senate-MD|Emerson maryland-september-2024-poll-alsobrooks-,Emerson College Polling,Emerson,emerson_1DGqZCOx_MD_Senate_crosst,2024,Senate,MD,,2024-09-13,53,890,LV,54.1,45.9,-8.11,,,Race,Hispanic,Hispanic,52.12,47.88,,,,,emerson_sheets,2024-09-12
2024-Senate-MD|Emerson maryland-september-2024-poll-alsobrooks-,Emerson College Polling,Emerson,emerson_1DGqZCOx_MD_Senate_crosst,2024,Senate,MD,,2024-09-13,53,890,LV,54.1,45.9,-8.11,,,Race,White,White,40.55,59.45,,,,,emerson_sheets,2024-09-12
2024-Senate-MD|Emerson maryland-september-2024-poll-alsobrooks-,Emerson College Polling,Emerson,emerson_1DGqZCOx_MD_Senate_crosst,2024,Senate,MD,,2024-09-13,53,890,LV,54.1,45.9,-8.11,,,Race,Black,Black,84.93,15.07,,,,,emerson_sheets,2024-09-12
2024-Senate-MD|Emerson maryland-september-2024-poll-alsobrooks-,Emerson College Polling,Emerson,emerson_1DGqZCOx_MD_Senate_crosst,2024,Senate,MD,,2024-09-13,53,890,LV,54.1,45.9,-8.11,,,Race,Asian,Asian,48.4,51.6,,,,,emerson_sheets,2024-09-12
2024-Senate-MD|Emerson maryland-september-2024-poll-alsobrooks-,Emerson College Polling,Emerson,emerson_1DGqZCOx_MD_Senate_crosst,2024,Senate,MD,,2024-09-13,53,890,LV,54.1,45.9,-8.11,,,Race,Other,Other,40.73,59.27,,,,,emerson_sheets,2024-09-12
2024-Senate-MD|Emerson maryland-september-2024-poll-alsobrooks-,Emerson College Polling,Emerson,emerson_1DGqZCOx_MD_Senate_crosst,2024,Senate,MD,,2024-09-13,53,890,LV,54.1,45.9,-8.11,,,Age,18-29 years,18-29 years,59.07,40.93,,,,,emerson_sheets,2024-09-12
2024-Senate-MD|Emerson maryland-september-2024-poll-alsobrooks-,Emerson College Polling,Emerson,emerson_1DGqZCOx_MD_Senate_crosst,2024,Senate,MD,,2024-09-13,53,890,LV,54.1,45.9,-8.11,,,Age,30-39 years,30-39 years,57.09,42.91,,,,,emerson_sheets,2024-09-12
2024-Senate-MD|Emerson maryland-september-2024-poll-alsobrooks-,Emerson College Polling,Emerson,emerson_1DGqZCOx_MD_Senate_crosst,2024,Senate,MD,,2024-09-13,53,890,LV,54.1,45.9,-8.11,,,Age,40-49 years,40-49,49.88,50.12,,,,,emerson_sheets,2024-09-12
2024-Senate-MD|Emerson maryland-september-2024-poll-alsobrooks-,Emerson College Polling,Emerson,emerson_1DGqZCOx_MD_Senate_crosst,2024,Senate,MD,,2024-09-13,53,890,LV,54.1,45.9,-8.11,,,Age,50-59 years,50-59,48.86,51.14,,,,,emerson_sheets,2024-09-12
2024-Senate-MD|Emerson maryland-september-2024-poll-alsobrooks-,Emerson College Polling,Emerson,emerson_1DGqZCOx_MD_Senate_crosst,2024,Senate,MD,,2024-09-13,53,890,LV,54.1,45.9,-8.11,,,Age,60-69 years,60-69,54.4,45.6,,,,,emerson_sheets,2024-09-12
2024-Senate-MD|Emerson maryland-september-2024-poll-alsobrooks-,Emerson College Polling,Emerson,emerson_1DGqZCOx_MD_Senate_crosst,2024,Senate,MD,,2024-09-13,53,890,LV,54.1,45.9,-8.11,,,Age,70 or more years,70 or more years,58.17,41.83,,,,,emerson_sheets,2024-09-12
2024-Senate-MD|Emerson maryland-september-2024-poll-alsobrooks-,Emerson College Polling,Emerson,emerson_1DGqZCOx_MD_Senate_crosst,2024,Senate,MD,,2024-09-13,53,890,LV,54.1,45.9,-8.11,,,Education,HSorLess,HSorLess,53.93,46.07,,,,,emerson_sheets,2024-09-12
2024-Senate-MD|Emerson maryland-september-2024-poll-alsobrooks-,Emerson College Polling,Emerson,emerson_1DGqZCOx_MD_Senate_crosst,2024,Senate,MD,,2024-09-13,53,890,LV,54.1,45.9,-8.11,,,Education,SomeCollege,SomeCollege,54.43,45.57,,,,,emerson_sheets,2024-09-12
2024-Senate-MD|Emerson maryland-september-2024-poll-alsobrooks-,Emerson College Polling,Emerson,emerson_1DGqZCOx_MD_Senate_crosst,2024,Senate,MD,,2024-09-13,53,890,LV,54.1,45.9,-8.11,,,Education,BA,BA,53.9,46.1,,,,,emerson_sheets,2024-09-12
2024-Senate-MD|Emerson maryland-september-2024-poll-alsobrooks-,Emerson College Polling,Emerson,emerson_1DGqZCOx_MD_Senate_crosst,2024,Senate,MD,,2024-09-13,53,890,LV,54.1,45.9,-8.11,,,Gender,Male,Male,47.43,52.57,,,,,emerson_sheets,2024-09-12
2024-Senate-MD|Emerson maryland-september-2024-poll-alsobrooks-,Emerson College Polling,Emerson,emerson_1DGqZCOx_MD_Senate_crosst,2024,Senate,MD,,2024-09-13,53,890,LV,54.1,45.9,-8.11,,,Gender,Female,Female,59.9,40.1,,,,,emerson_sheets,2024-09-12
2026-Senate-ME|Emerson maine-2026-poll-platner-leads-gov-mills-,Emerson College Polling,Emerson,emerson_1jm6cifq_ME_Senate_full c,2026,Senate,ME,,2026-03-23,225,1075,LV,54.1,45.9,-8.24,,,Race,Nonwhite,Nonwhite,44.68,55.32,,,,,emerson_sheets,2026-03-21
2026-Senate-ME|Emerson maine-2026-poll-platner-leads-gov-mills-,Emerson College Polling,Emerson,emerson_1jm6cifq_ME_Senate_full c,2026,Senate,ME,,2026-03-23,225,1075,LV,54.1,45.9,-8.24,,,Race,White,White,55.0,45.0,,,,,emerson_sheets,2026-03-21
2026-Senate-ME|Emerson maine-2026-poll-platner-leads-gov-mills-,Emerson College Polling,Emerson,emerson_1jm6cifq_ME_Senate_full c,2026,Senate,ME,,2026-03-23,225,1075,LV,54.1,45.9,-8.24,,,Age,18-39 years,18-39,62.77,37.23,,,,,emerson_sheets,2026-03-21
2026-Senate-ME|Emerson maine-2026-poll-platner-leads-gov-mills-,Emerson College Polling,Emerson,emerson_1jm6cifq_ME_Senate_full c,2026,Senate,ME,,2026-03-23,225,1075,LV,54.1,45.9,-8.24,,,Age,40-49 years,40-49,52.26,47.74,,,,,emerson_sheets,2026-03-21
2026-Senate-ME|Emerson maine-2026-poll-platner-leads-gov-mills-,Emerson College Polling,Emerson,emerson_1jm6cifq_ME_Senate_full c,2026,Senate,ME,,2026-03-23,225,1075,LV,54.1,45.9,-8.24,,,Age,50-59 years,50-59,45.53,54.47,,,,,emerson_sheets,2026-03-21
2026-Senate-ME|Emerson maine-2026-poll-platner-leads-gov-mills-,Emerson College Polling,Emerson,emerson_1jm6cifq_ME_Senate_full c,2026,Senate,ME,,2026-03-23,225,1075,LV,54.1,45.9,-8.24,,,Age,60-69 years,60-69,54.45,45.55,,,,,emerson_sheets,2026-03-21
2026-Senate-ME|Emerson maine-2026-poll-platner-leads-gov-mills-,Emerson College Polling,Emerson,emerson_1jm6cifq_ME_Senate_full c,2026,Senate,ME,,2026-03-23,225,1075,LV,54.1,45.9,-8.24,,,Age,70 or more years,70 or more years,54.76,45.24,,,,,emerson_sheets,2026-03-21
2026-Senate-ME|Emerson maine-2026-poll-platner-leads-gov-mills-,Emerson College Polling,Emerson,emerson_1jm6cifq_ME_Senate_full c,2026,Senate,ME,,2026-03-23,225,1075,LV,54.1,45.9,-8.24,,,Education,HSorLess,HSorLess,35.87,64.13,,,,,emerson_sheets,2026-03-21
2026-Senate-ME|Emerson maine-2026-poll-platner-leads-gov-mills-,Emerson College Polling,Emerson,emerson_1jm6cifq_ME_Senate_full c,2026,Senate,ME,,2026-03-23,225,1075,LV,54.1,45.9,-8.24,,,Education,SomeCollege,SomeCollege,45.21,54.79,,,,,emerson_sheets,2026-03-21
2026-Senate-ME|Emerson maine-2026-poll-platner-leads-gov-mills-,Emerson College Polling,Emerson,emerson_1jm6cifq_ME_Senate_full c,2026,Senate,ME,,2026-03-23,225,1075,LV,54.1,45.9,-8.24,,,Education,BA,BA,68.61,31.39,,,,,emerson_sheets,2026-03-21
2026-Senate-ME|Emerson maine-2026-poll-platner-leads-gov-mills-,Emerson College Polling,Emerson,emerson_1jm6cifq_ME_Senate_full c,2026,Senate,ME,,2026-03-23,225,1075,LV,54.1,45.9,-8.24,,,Gender,Male,Male,48.16,51.84,,,,,emerson_sheets,2026-03-21
2026-Senate-ME|Emerson maine-2026-poll-platner-leads-gov-mills-,Emerson College Polling,Emerson,emerson_1jm6cifq_ME_Senate_full c,2026,Senate,ME,,2026-03-23,225,1075,LV,54.1,45.9,-8.24,,,Gender,Female,Female,59.77,40.23,,,,,emerson_sheets,2026-03-21
2026-Senate-ME|Emerson maine-2026-poll-platner-leads-gov-mills-,Emerson College Polling,Emerson,emerson_1jm6cifq_ME_Senate_full c,2026,Senate,ME,,2026-03-23,225,1075,LV,54.1,45.9,-8.24,,,Gender,Nonbinary,Nonbinary,51.16,48.84,,,,,emerson_sheets,2026-03-21
2026-Senate-ME|Emerson maine-2026-poll-platner-leads-gov-mills-,Emerson College Polling,Emerson,emerson_1jm6cifq_ME_Senate_full c,2026,Senate,ME,,2026-03-23,225,1075,LV,52.1,47.9,-4.19,,,Race,Nonwhite,Nonwhite,39.93,60.07,,,,,emerson_sheets,2026-03-21
2026-Senate-ME|Emerson maine-2026-poll-platner-leads-gov-mills-,Emerson College Polling,Emerson,emerson_1jm6cifq_ME_Senate_full c,2026,Senate,ME,,2026-03-23,225,1075,LV,52.1,47.9,-4.19,,,Race,White,White,53.17,46.83,,,,,emerson_sheets,2026-03-21
2026-Senate-ME|Emerson maine-2026-poll-platner-leads-gov-mills-,Emerson College Polling,Emerson,emerson_1jm6cifq_ME_Senate_full c,2026,Senate,ME,,2026-03-23,225,1075,LV,52.1,47.9,-4.19,,,Age,18-39 years,18-39,57.58,42.42,,,,,emerson_sheets,2026-03-21
2026-Senate-ME|Emerson maine-2026-poll-platner-leads-gov-mills-,Emerson College Polling,Emerson,emerson_1jm6cifq_ME_Senate_full c,2026,Senate,ME,,2026-03-23,225,1075,LV,52.1,47.9,-4.19,,,Age,40-49 years,40-49,49.72,50.28,,,,,emerson_sheets,2026-03-21
2026-Senate-ME|Emerson maine-2026-poll-platner-leads-gov-mills-,Emerson College Polling,Emerson,emerson_1jm6cifq_ME_Senate_full c,2026,Senate,ME,,2026-03-23,225,1075,LV,52.1,47.9,-4.19,,,Age,50-59 years,50-59,43.07,56.93,,,,,emerson_sheets,2026-03-21
2026-Senate-ME|Emerson maine-2026-poll-platner-leads-gov-mills-,Emerson College Polling,Emerson,emerson_1jm6cifq_ME_Senate_full c,2026,Senate,ME,,2026-03-23,225,1075,LV,52.1,47.9,-4.19,,,Age,60-69 years,60-69,52.73,47.27,,,,,emerson_sheets,2026-03-21
2026-Senate-ME|Emerson maine-2026-poll-platner-leads-gov-mills-,Emerson College Polling,Emerson,emerson_1jm6cifq_ME_Senate_full c,2026,Senate,ME,,2026-03-23,225,1075,LV,52.1,47.9,-4.19,,,Age,70 or more years,70 or more years,55.92,44.08,,,,,emerson_sheets,2026-03-21
2026-Senate-ME|Emerson maine-2026-poll-platner-leads-gov-mills-,Emerson College Polling,Emerson,emerson_1jm6cifq_ME_Senate_full c,2026,Senate,ME,,2026-03-23,225,1075,LV,52.1,47.9,-4.19,,,Education,HSorLess,HSorLess,31.53,68.47,,,,,emerson_sheets,2026-03-21
2026-Senate-ME|Emerson maine-2026-poll-platner-leads-gov-mills-,Emerson College Polling,Emerson,emerson_1jm6cifq_ME_Senate_full c,2026,Senate,ME,,2026-03-23,225,1075,LV,52.1,47.9,-4.19,,,Education,SomeCollege,SomeCollege,42.2,57.8,,,,,emerson_sheets,2026-03-21
2026-Senate-ME|Emerson maine-2026-poll-platner-leads-gov-mills-,Emerson College Polling,Emerson,emerson_1jm6cifq_ME_Senate_full c,2026,Senate,ME,,2026-03-23,225,1075,LV,52.1,47.9,-4.19,,,Education,BA,BA,68.2,31.8,,,,,emerson_sheets,2026-03-21
2026-Senate-ME|Emerson maine-2026-poll-platner-leads-gov-mills-,Emerson College Polling,Emerson,emerson_1jm6cifq_ME_Senate_full c,2026,Senate,ME,,2026-03-23,225,1075,LV,52.1,47.9,-4.19,,,Gender,Male,Male,43.54,56.46,,,,,emerson_sheets,2026-03-21
2026-Senate-ME|Emerson maine-2026-poll-platner-leads-gov-mills-,Emerson College Polling,Emerson,emerson_1jm6cifq_ME_Senate_full c,2026,Senate,ME,,2026-03-23,225,1075,LV,52.1,47.9,-4.19,,,Gender,Female,Female,59.63,40.37,,,,,emerson_sheets,2026-03-21
2026-Senate-ME|Emerson maine-2026-poll-platner-leads-gov-mills-,Emerson College Polling,Emerson,emerson_1jm6cifq_ME_Senate_full c,2026,Senate,ME,,2026-03-23,225,1075,LV,52.1,47.9,-4.19,,,Gender,Nonbinary,Nonbinary,51.99,48.01,,,,,emerson_sheets,2026-03-21
2024-President-MO|Emerson september-2024-missouri-poll-republican-,Emerson College Polling,Emerson,emerson_1_lzmZng_MO_President_crosst,2024,President,MO,,2024-09-13,53,850,LV,44.3,55.7,11.32,,,Race,Hispanic,Hispanic,51.85,48.15,,,,,emerson_sheets,2024-09-12
2024-President-MO|Emerson september-2024-missouri-poll-republican-,Emerson College Polling,Emerson,emerson_1_lzmZng_MO_President_crosst,2024,President,MO,,2024-09-13,53,850,LV,44.3,55.7,11.32,,,Race,White,White,38.31,61.69,,,,,emerson_sheets,2024-09-12
2024-President-MO|Emerson september-2024-missouri-poll-republican-,Emerson College Polling,Emerson,emerson_1_lzmZng_MO_President_crosst,2024,President,MO,,2024-09-13,53,850,LV,44.3,55.7,11.32,,,Race,Black,Black,88.1,11.9,,,,,emerson_sheets,2024-09-12
2024-President-MO|Emerson september-2024-missouri-poll-republican-,Emerson College Polling,Emerson,emerson_1_lzmZng_MO_President_crosst,2024,President,MO,,2024-09-13,53,850,LV,44.3,55.7,11.32,,,Race,Asian,Asian,62.68,37.32,,,,,emerson_sheets,2024-09-12
2024-President-MO|Emerson september-2024-missouri-poll-republican-,Emerson College Polling,Emerson,emerson_1_lzmZng_MO_President_crosst,2024,President,MO,,2024-09-13,53,850,LV,44.3,55.7,11.32,,,Race,Other,Other,51.33,48.67,,,,,emerson_sheets,2024-09-12
2024-President-MO|Emerson september-2024-missouri-poll-republican-,Emerson College Polling,Emerson,emerson_1_lzmZng_MO_President_crosst,2024,President,MO,,2024-09-13,53,850,LV,44.3,55.7,11.32,,,Age,18-29 years,18-29 years,57.31,42.69,,,,,emerson_sheets,2024-09-12
2024-President-MO|Emerson september-2024-missouri-poll-republican-,Emerson College Polling,Emerson,emerson_1_lzmZng_MO_President_crosst,2024,President,MO,,2024-09-13,53,850,LV,44.3,55.7,11.32,,,Age,30-39 years,30-39 years,48.17,51.83,,,,,emerson_sheets,2024-09-12
2024-President-MO|Emerson september-2024-missouri-poll-republican-,Emerson College Polling,Emerson,emerson_1_lzmZng_MO_President_crosst,2024,President,MO,,2024-09-13,53,850,LV,44.3,55.7,11.32,,,Age,40-49 years,40-49,46.86,53.14,,,,,emerson_sheets,2024-09-12
2024-President-MO|Emerson september-2024-missouri-poll-republican-,Emerson College Polling,Emerson,emerson_1_lzmZng_MO_President_crosst,2024,President,MO,,2024-09-13,53,850,LV,44.3,55.7,11.32,,,Age,50-59 years,50-59,38.8,61.2,,,,,emerson_sheets,2024-09-12
2024-President-MO|Emerson september-2024-missouri-poll-republican-,Emerson College Polling,Emerson,emerson_1_lzmZng_MO_President_crosst,2024,President,MO,,2024-09-13,53,850,LV,44.3,55.7,11.32,,,Age,60-69 years,60-69,41.32,58.68,,,,,emerson_sheets,2024-09-12
2024-President-MO|Emerson september-2024-missouri-poll-republican-,Emerson College Polling,Emerson,emerson_1_lzmZng_MO_President_crosst,2024,President,MO,,2024-09-13,53,850,LV,44.3,55.7,11.32,,,Age,70 or more years,70 or more years,40.04,59.96,,,,,emerson_sheets,2024-09-12
2024-President-MO|Emerson september-2024-missouri-poll-republican-,Emerson College Polling,Emerson,emerson_1_lzmZng_MO_President_crosst,2024,President,MO,,2024-09-13,53,850,LV,44.3,55.7,11.32,,,Education,HSorLess,HSorLess,41.33,58.67,,,,,emerson_sheets,2024-09-12
2024-President-MO|Emerson september-2024-missouri-poll-republican-,Emerson College Polling,Emerson,emerson_1_lzmZng_MO_President_crosst,2024,President,MO,,2024-09-13,53,850,LV,44.3,55.7,11.32,,,Education,SomeCollege,SomeCollege,40.1,59.9,,,,,emerson_sheets,2024-09-12
2024-President-MO|Emerson september-2024-missouri-poll-republican-,Emerson College Polling,Emerson,emerson_1_lzmZng_MO_President_crosst,2024,President,MO,,2024-09-13,53,850,LV,44.3,55.7,11.32,,,Education,BA,BA,51.08,48.92,,,,,emerson_sheets,2024-09-12
2024-President-MO|Emerson september-2024-missouri-poll-republican-,Emerson College Polling,Emerson,emerson_1_lzmZng_MO_President_crosst,2024,President,MO,,2024-09-13,53,850,LV,44.3,55.7,11.32,,,Gender,Male,Male,40.85,59.15,,,,,emerson_sheets,2024-09-12
2024-President-MO|Emerson september-2024-missouri-poll-republican-,Emerson College Polling,Emerson,emerson_1_lzmZng_MO_President_crosst,2024,President,MO,,2024-09-13,53,850,LV,44.3,55.7,11.32,,,Gender,Female,Female,46.53,53.47,,,,,emerson_sheets,2024-09-12
2024-President-MO|Emerson september-2024-missouri-poll-republican-,Emerson College Polling,Emerson,emerson_1_lzmZng_MO_President_crosst,2024,President,MO,,2024-09-13,53,850,LV,44.3,55.7,11.32,,,Gender,Nonbinary,Nonbinary,82.65,17.35,,,,,emerson_sheets,2024-09-12
2024-President-MO|Emerson september-2024-missouri-poll-republican-,Emerson College Polling,Emerson,emerson_1_lzmZng_MO_President_crosst,2024,President,MO,,2024-09-13,53,850,LV,44.0,56.0,11.95,,,Race,Hispanic,Hispanic,47.44,52.56,,,,,emerson_sheets,2024-09-12
2024-President-MO|Emerson september-2024-missouri-poll-republican-,Emerson College Polling,Emerson,emerson_1_lzmZng_MO_President_crosst,2024,President,MO,,2024-09-13,53,850,LV,44.0,56.0,11.95,,,Race,White,White,38.4,61.6,,,,,emerson_sheets,2024-09-12
2024-President-MO|Emerson september-2024-missouri-poll-republican-,Emerson College Polling,Emerson,emerson_1_lzmZng_MO_President_crosst,2024,President,MO,,2024-09-13,53,850,LV,44.0,56.0,11.95,,,Race,Black,Black,86.77,13.23,,,,,emerson_sheets,2024-09-12
2024-President-MO|Emerson september-2024-missouri-poll-republican-,Emerson College Polling,Emerson,emerson_1_lzmZng_MO_President_crosst,2024,President,MO,,2024-09-13,53,850,LV,44.0,56.0,11.95,,,Race,Asian,Asian,62.68,37.32,,,,,emerson_sheets,2024-09-12
2024-President-MO|Emerson september-2024-missouri-poll-republican-,Emerson College Polling,Emerson,emerson_1_lzmZng_MO_President_crosst,2024,President,MO,,2024-09-13,53,850,LV,44.0,56.0,11.95,,,Race,Other,Other,47.02,52.98,,,,,emerson_sheets,2024-09-12
2024-President-MO|Emerson september-2024-missouri-poll-republican-,Emerson College Polling,Emerson,emerson_1_lzmZng_MO_President_crosst,2024,President,MO,,2024-09-13,53,850,LV,44.0,56.0,11.95,,,Age,18-29 years,18-29 years,55.23,44.77,,,,,emerson_sheets,2024-09-12
2024-President-MO|Emerson september-2024-missouri-poll-republican-,Emerson College Polling,Emerson,emerson_1_lzmZng_MO_President_crosst,2024,President,MO,,2024-09-13,53,850,LV,44.0,56.0,11.95,,,Age,30-39 years,30-39 years,47.74,52.26,,,,,emerson_sheets,2024-09-12
2024-President-MO|Emerson september-2024-missouri-poll-republican-,Emerson College Polling,Emerson,emerson_1_lzmZng_MO_President_crosst,2024,President,MO,,2024-09-13,53,850,LV,44.0,56.0,11.95,,,Age,40-49 years,40-49,48.04,51.96,,,,,emerson_sheets,2024-09-12
2024-President-MO|Emerson september-2024-missouri-poll-republican-,Emerson College Polling,Emerson,emerson_1_lzmZng_MO_President_crosst,2024,President,MO,,2024-09-13,53,850,LV,44.0,56.0,11.95,,,Age,50-59 years,50-59,38.11,61.89,,,,,emerson_sheets,2024-09-12
2024-President-MO|Emerson september-2024-missouri-poll-republican-,Emerson College Polling,Emerson,emerson_1_lzmZng_MO_President_crosst,2024,President,MO,,2024-09-13,53,850,LV,44.0,56.0,11.95,,,Age,60-69 years,60-69,41.45,58.55,,,,,emerson_sheets,2024-09-12
2024-President-MO|Emerson september-2024-missouri-poll-republican-,Emerson College Polling,Emerson,emerson_1_lzmZng_MO_President_crosst,2024,President,MO,,2024-09-13,53,850,LV,44.0,56.0,11.95,,,Age,70 or more years,70 or more years,39.74,60.26,,,,,emerson_sheets,2024-09-12
2024-President-MO|Emerson september-2024-missouri-poll-republican-,Emerson College Polling,Emerson,emerson_1_lzmZng_MO_President_crosst,2024,President,MO,,2024-09-13,53,850,LV,44.0,56.0,11.95,,,Education,HSorLess,HSorLess,40.81,59.19,,,,,emerson_sheets,2024-09-12
2024-President-MO|Emerson september-2024-missouri-poll-republican-,Emerson College Polling,Emerson,emerson_1_lzmZng_MO_President_crosst,2024,President,MO,,2024-09-13,53,850,LV,44.0,56.0,11.95,,,Education,SomeCollege,SomeCollege,40.18,59.82,,,,,emerson_sheets,2024-09-12
2024-President-MO|Emerson september-2024-missouri-poll-republican-,Emerson College Polling,Emerson,emerson_1_lzmZng_MO_President_crosst,2024,President,MO,,2024-09-13,53,850,LV,44.0,56.0,11.95,,,Education,BA,BA,50.46,49.54,,,,,emerson_sheets,2024-09-12
2024-President-MO|Emerson september-2024-missouri-poll-republican-,Emerson College Polling,Emerson,emerson_1_lzmZng_MO_President_crosst,2024,President,MO,,2024-09-13,53,850,LV,44.0,56.0,11.95,,,Gender,Male,Male,40.69,59.31,,,,,emerson_sheets,2024-09-12
2024-President-MO|Emerson september-2024-missouri-poll-republican-,Emerson College Polling,Emerson,emerson_1_lzmZng_MO_President_crosst,2024,President,MO,,2024-09-13,53,850,LV,44.0,56.0,11.95,,,Gender,Female,Female,46.03,53.97,,,,,emerson_sheets,2024-09-12
2024-President-MO|Emerson september-2024-missouri-poll-republican-,Emerson College Polling,Emerson,emerson_1_lzmZng_MO_President_crosst,2024,President,MO,,2024-09-13,53,850,LV,44.0,56.0,11.95,,,Gender,Nonbinary,Nonbinary,82.65,17.35,,,,,emerson_sheets,2024-09-12
2024-Senate-MO|Emerson september-2024-missouri-poll-republican-,Emerson College Polling,Emerson,emerson_1_lzmZng_MO_Senate_crosst,2024,Senate,MO,,2024-09-13,53,850,LV,43.7,56.3,12.62,,,Race,Hispanic,Hispanic,40.15,59.85,,,,,emerson_sheets,2024-09-12
2024-Senate-MO|Emerson september-2024-missouri-poll-republican-,Emerson College Polling,Emerson,emerson_1_lzmZng_MO_Senate_crosst,2024,Senate,MO,,2024-09-13,53,850,LV,43.7,56.3,12.62,,,Race,White,White,38.1,61.9,,,,,emerson_sheets,2024-09-12
2024-Senate-MO|Emerson september-2024-missouri-poll-republican-,Emerson College Polling,Emerson,emerson_1_lzmZng_MO_Senate_crosst,2024,Senate,MO,,2024-09-13,53,850,LV,43.7,56.3,12.62,,,Race,Black,Black,90.47,9.53,,,,,emerson_sheets,2024-09-12
2024-Senate-MO|Emerson september-2024-missouri-poll-republican-,Emerson College Polling,Emerson,emerson_1_lzmZng_MO_Senate_crosst,2024,Senate,MO,,2024-09-13,53,850,LV,43.7,56.3,12.62,,,Race,Asian,Asian,62.68,37.32,,,,,emerson_sheets,2024-09-12
2024-Senate-MO|Emerson september-2024-missouri-poll-republican-,Emerson College Polling,Emerson,emerson_1_lzmZng_MO_Senate_crosst,2024,Senate,MO,,2024-09-13,53,850,LV,43.7,56.3,12.62,,,Race,Other,Other,37.4,62.6,,,,,emerson_sheets,2024-09-12
2024-Senate-MO|Emerson september-2024-missouri-poll-republican-,Emerson College Polling,Emerson,emerson_1_lzmZng_MO_Senate_crosst,2024,Senate,MO,,2024-09-13,53,850,LV,43.7,56.3,12.62,,,Age,18-29 years,18-29 years,62.34,37.66,,,,,emerson_sheets,2024-09-12
2024-Senate-MO|Emerson september-2024-missouri-poll-republican-,Emerson College Polling,Emerson,emerson_1_lzmZng_MO_Senate_crosst,2024,Senate,MO,,2024-09-13,53,850,LV,43.7,56.3,12.62,,,Age,30-39 years,30-39 years,46.24,53.76,,,,,emerson_sheets,2024-09-12
2024-Senate-MO|Emerson september-2024-missouri-poll-republican-,Emerson College Polling,Emerson,emerson_1_lzmZng_MO_Senate_crosst,2024,Senate,MO,,2024-09-13,53,850,LV,43.7,56.3,12.62,,,Age,40-49 years,40-49,45.4,54.6,,,,,emerson_sheets,2024-09-12
2024-Senate-MO|Emerson september-2024-missouri-poll-republican-,Emerson College Polling,Emerson,emerson_1_lzmZng_MO_Senate_crosst,2024,Senate,MO,,2024-09-13,53,850,LV,43.7,56.3,12.62,,,Age,50-59 years,50-59,35.24,64.76,,,,,emerson_sheets,2024-09-12
2024-Senate-MO|Emerson september-2024-missouri-poll-republican-,Emerson College Polling,Emerson,emerson_1_lzmZng_MO_Senate_crosst,2024,Senate,MO,,2024-09-13,53,850,LV,43.7,56.3,12.62,,,Age,60-69 years,60-69,44.59,55.41,,,,,emerson_sheets,2024-09-12
2024-Senate-MO|Emerson september-2024-missouri-poll-republican-,Emerson College Polling,Emerson,emerson_1_lzmZng_MO_Senate_crosst,2024,Senate,MO,,2024-09-13,53,850,LV,43.7,56.3,12.62,,,Age,70 or more years,70 or more years,39.35,60.65,,,,,emerson_sheets,2024-09-12
2024-Senate-MO|Emerson september-2024-missouri-poll-republican-,Emerson College Polling,Emerson,emerson_1_lzmZng_MO_Senate_crosst,2024,Senate,MO,,2024-09-13,53,850,LV,43.7,56.3,12.62,,,Education,HSorLess,HSorLess,36.56,63.44,,,,,emerson_sheets,2024-09-12
2024-Senate-MO|Emerson september-2024-missouri-poll-republican-,Emerson College Polling,Emerson,emerson_1_lzmZng_MO_Senate_crosst,2024,Senate,MO,,2024-09-13,53,850,LV,43.7,56.3,12.62,,,Education,SomeCollege,SomeCollege,41.02,58.98,,,,,emerson_sheets,2024-09-12
2024-Senate-MO|Emerson september-2024-missouri-poll-republican-,Emerson College Polling,Emerson,emerson_1_lzmZng_MO_Senate_crosst,2024,Senate,MO,,2024-09-13,53,850,LV,43.7,56.3,12.62,,,Education,BA,BA,51.79,48.21,,,,,emerson_sheets,2024-09-12
2024-Senate-MO|Emerson september-2024-missouri-poll-republican-,Emerson College Polling,Emerson,emerson_1_lzmZng_MO_Senate_crosst,2024,Senate,MO,,2024-09-13,53,850,LV,43.7,56.3,12.62,,,Gender,Male,Male,40.09,59.91,,,,,emerson_sheets,2024-09-12
2024-Senate-MO|Emerson september-2024-missouri-poll-republican-,Emerson College Polling,Emerson,emerson_1_lzmZng_MO_Senate_crosst,2024,Senate,MO,,2024-09-13,53,850,LV,43.7,56.3,12.62,,,Gender,Female,Female,46.65,53.35,,,,,emerson_sheets,2024-09-12
2024-Senate-MO|Emerson september-2024-missouri-poll-republican-,Emerson College Polling,Emerson,emerson_1_lzmZng_MO_Senate_crosst,2024,Senate,MO,,2024-09-13,53,850,LV,43.7,56.3,12.62,,,Gender,Nonbinary,Nonbinary,68.87,31.13,,,,,emerson_sheets,2024-09-12
2024-Governor-MO|Emerson september-2024-missouri-poll-republican-,Emerson College Polling,Emerson,emerson_1_lzmZng_MO_Governor_crosst,2024,Governor,MO,,2024-09-13,53,850,LV,41.0,59.0,17.92,,,Race,Hispanic,Hispanic,40.23,59.77,,,,,emerson_sheets,2024-09-12
2024-Governor-MO|Emerson september-2024-missouri-poll-republican-,Emerson College Polling,Emerson,emerson_1_lzmZng_MO_Governor_crosst,2024,Governor,MO,,2024-09-13,53,850,LV,41.0,59.0,17.92,,,Race,White,White,35.14,64.86,,,,,emerson_sheets,2024-09-12
2024-Governor-MO|Emerson september-2024-missouri-poll-republican-,Emerson College Polling,Emerson,emerson_1_lzmZng_MO_Governor_crosst,2024,Governor,MO,,2024-09-13,53,850,LV,41.0,59.0,17.92,,,Race,Black,Black,89.96,10.04,,,,,emerson_sheets,2024-09-12
2024-Governor-MO|Emerson september-2024-missouri-poll-republican-,Emerson College Polling,Emerson,emerson_1_lzmZng_MO_Governor_crosst,2024,Governor,MO,,2024-09-13,53,850,LV,41.0,59.0,17.92,,,Race,Asian,Asian,62.68,37.32,,,,,emerson_sheets,2024-09-12
2024-Governor-MO|Emerson september-2024-missouri-poll-republican-,Emerson College Polling,Emerson,emerson_1_lzmZng_MO_Governor_crosst,2024,Governor,MO,,2024-09-13,53,850,LV,41.0,59.0,17.92,,,Race,Other,Other,35.58,64.42,,,,,emerson_sheets,2024-09-12
2024-Governor-MO|Emerson september-2024-missouri-poll-republican-,Emerson College Polling,Emerson,emerson_1_lzmZng_MO_Governor_crosst,2024,Governor,MO,,2024-09-13,53,850,LV,41.0,59.0,17.92,,,Age,18-29 years,18-29 years,56.9,43.1,,,,,emerson_sheets,2024-09-12
2024-Governor-MO|Emerson september-2024-missouri-poll-republican-,Emerson College Polling,Emerson,emerson_1_lzmZng_MO_Governor_crosst,2024,Governor,MO,,2024-09-13,53,850,LV,41.0,59.0,17.92,,,Age,30-39 years,30-39 years,45.11,54.89,,,,,emerson_sheets,2024-09-12
2024-Governor-MO|Emerson september-2024-missouri-poll-republican-,Emerson College Polling,Emerson,emerson_1_lzmZng_MO_Governor_crosst,2024,Governor,MO,,2024-09-13,53,850,LV,41.0,59.0,17.92,,,Age,40-49 years,40-49,43.19,56.81,,,,,emerson_sheets,2024-09-12
2024-Governor-MO|Emerson september-2024-missouri-poll-republican-,Emerson College Polling,Emerson,emerson_1_lzmZng_MO_Governor_crosst,2024,Governor,MO,,2024-09-13,53,850,LV,41.0,59.0,17.92,,,Age,50-59 years,50-59,33.65,66.35,,,,,emerson_sheets,2024-09-12
2024-Governor-MO|Emerson september-2024-missouri-poll-republican-,Emerson College Polling,Emerson,emerson_1_lzmZng_MO_Governor_crosst,2024,Governor,MO,,2024-09-13,53,850,LV,41.0,59.0,17.92,,,Age,60-69 years,60-69,38.74,61.26,,,,,emerson_sheets,2024-09-12
2024-Governor-MO|Emerson september-2024-missouri-poll-republican-,Emerson College Polling,Emerson,emerson_1_lzmZng_MO_Governor_crosst,2024,Governor,MO,,2024-09-13,53,850,LV,41.0,59.0,17.92,,,Age,70 or more years,70 or more years,38.17,61.83,,,,,emerson_sheets,2024-09-12
2024-Governor-MO|Emerson september-2024-missouri-poll-republican-,Emerson College Polling,Emerson,emerson_1_lzmZng_MO_Governor_crosst,2024,Governor,MO,,2024-09-13,53,850,LV,41.0,59.0,17.92,,,Education,HSorLess,HSorLess,37.51,62.49,,,,,emerson_sheets,2024-09-12
2024-Governor-MO|Emerson september-2024-missouri-poll-republican-,Emerson College Polling,Emerson,emerson_1_lzmZng_MO_Governor_crosst,2024,Governor,MO,,2024-09-13,53,850,LV,41.0,59.0,17.92,,,Education,SomeCollege,SomeCollege,37.56,62.44,,,,,emerson_sheets,2024-09-12
2024-Governor-MO|Emerson september-2024-missouri-poll-republican-,Emerson College Polling,Emerson,emerson_1_lzmZng_MO_Governor_crosst,2024,Governor,MO,,2024-09-13,53,850,LV,41.0,59.0,17.92,,,Education,BA,BA,47.1,52.9,,,,,emerson_sheets,2024-09-12
2024-Governor-MO|Emerson september-2024-missouri-poll-republican-,Emerson College Polling,Emerson,emerson_1_lzmZng_MO_Governor_crosst,2024,Governor,MO,,2024-09-13,53,850,LV,41.0,59.0,17.92,,,Gender,Male,Male,37.23,62.77,,,,,emerson_sheets,2024-09-12
2024-Governor-MO|Emerson september-2024-missouri-poll-republican-,Emerson College Polling,Emerson,emerson_1_lzmZng_MO_Governor_crosst,2024,Governor,MO,,2024-09-13,53,850,LV,41.0,59.0,17.92,,,Gender,Female,Female,44.32,55.68,,,,,emerson_sheets,2024-09-12
2024-Governor-MO|Emerson september-2024-missouri-poll-republican-,Emerson College Polling,Emerson,emerson_1_lzmZng_MO_Governor_crosst,2024,Governor,MO,,2024-09-13,53,850,LV,41.0,59.0,17.92,,,Gender,Nonbinary,Nonbinary,55.91,44.09,,,,,emerson_sheets,2024-09-12
2024-President-MT|Emerson montana-2024-poll-trump-55-harris-40,Emerson College Polling,Emerson,emerson_1dqMvkIy_MT_President_crosst,2024,President,MT,,2024-08-06,91,1000,LV,42.2,57.8,15.65,,,Race,Hispanic,Hispanic,47.4,52.6,,,,,emerson_sheets,2024-08-05
2024-President-MT|Emerson montana-2024-poll-trump-55-harris-40,Emerson College Polling,Emerson,emerson_1dqMvkIy_MT_President_crosst,2024,President,MT,,2024-08-06,91,1000,LV,42.2,57.8,15.65,,,Race,White,White,40.19,59.81,,,,,emerson_sheets,2024-08-05
2024-President-MT|Emerson montana-2024-poll-trump-55-harris-40,Emerson College Polling,Emerson,emerson_1dqMvkIy_MT_President_crosst,2024,President,MT,,2024-08-06,91,1000,LV,42.2,57.8,15.65,,,Race,Black,Black,49.35,50.65,,,,,emerson_sheets,2024-08-05
2024-President-MT|Emerson montana-2024-poll-trump-55-harris-40,Emerson College Polling,Emerson,emerson_1dqMvkIy_MT_President_crosst,2024,President,MT,,2024-08-06,91,1000,LV,42.2,57.8,15.65,,,Race,Asian,Asian,90.46,9.54,,,,,emerson_sheets,2024-08-05
2024-President-MT|Emerson montana-2024-poll-trump-55-harris-40,Emerson College Polling,Emerson,emerson_1dqMvkIy_MT_President_crosst,2024,President,MT,,2024-08-06,91,1000,LV,42.2,57.8,15.65,,,Race,Other,Other,58.19,41.81,,,,,emerson_sheets,2024-08-05
2024-President-MT|Emerson montana-2024-poll-trump-55-harris-40,Emerson College Polling,Emerson,emerson_1dqMvkIy_MT_President_crosst,2024,President,MT,,2024-08-06,91,1000,LV,42.2,57.8,15.65,,,Age,18-29 years,18-29 years,35.26,64.74,,,,,emerson_sheets,2024-08-05
2024-President-MT|Emerson montana-2024-poll-trump-55-harris-40,Emerson College Polling,Emerson,emerson_1dqMvkIy_MT_President_crosst,2024,President,MT,,2024-08-06,91,1000,LV,42.2,57.8,15.65,,,Age,30-39 years,30-39 years,56.42,43.58,,,,,emerson_sheets,2024-08-05
2024-President-MT|Emerson montana-2024-poll-trump-55-harris-40,Emerson College Polling,Emerson,emerson_1dqMvkIy_MT_President_crosst,2024,President,MT,,2024-08-06,91,1000,LV,42.2,57.8,15.65,,,Age,40-49 years,40-49,28.34,71.66,,,,,emerson_sheets,2024-08-05
2024-President-MT|Emerson montana-2024-poll-trump-55-harris-40,Emerson College Polling,Emerson,emerson_1dqMvkIy_MT_President_crosst,2024,President,MT,,2024-08-06,91,1000,LV,42.2,57.8,15.65,,,Age,50-59 years,50-59,38.88,61.12,,,,,emerson_sheets,2024-08-05
2024-President-MT|Emerson montana-2024-poll-trump-55-harris-40,Emerson College Polling,Emerson,emerson_1dqMvkIy_MT_President_crosst,2024,President,MT,,2024-08-06,91,1000,LV,42.2,57.8,15.65,,,Age,60-69 years,60-69,49.02,50.98,,,,,emerson_sheets,2024-08-05
2024-President-MT|Emerson montana-2024-poll-trump-55-harris-40,Emerson College Polling,Emerson,emerson_1dqMvkIy_MT_President_crosst,2024,President,MT,,2024-08-06,91,1000,LV,42.2,57.8,15.65,,,Age,70 or more years,70 or more years,46.45,53.55,,,,,emerson_sheets,2024-08-05
2024-President-MT|Emerson montana-2024-poll-trump-55-harris-40,Emerson College Polling,Emerson,emerson_1dqMvkIy_MT_President_crosst,2024,President,MT,,2024-08-06,91,1000,LV,42.2,57.8,15.65,,,Education,HSorLess,HSorLess,37.7,62.3,,,,,emerson_sheets,2024-08-05
2024-President-MT|Emerson montana-2024-poll-trump-55-harris-40,Emerson College Polling,Emerson,emerson_1dqMvkIy_MT_President_crosst,2024,President,MT,,2024-08-06,91,1000,LV,42.2,57.8,15.65,,,Education,SomeCollege,SomeCollege,36.78,63.22,,,,,emerson_sheets,2024-08-05
2024-President-MT|Emerson montana-2024-poll-trump-55-harris-40,Emerson College Polling,Emerson,emerson_1dqMvkIy_MT_President_crosst,2024,President,MT,,2024-08-06,91,1000,LV,42.2,57.8,15.65,,,Education,BA,BA,54.06,45.94,,,,,emerson_sheets,2024-08-05
2024-President-MT|Emerson montana-2024-poll-trump-55-harris-40,Emerson College Polling,Emerson,emerson_1dqMvkIy_MT_President_crosst,2024,President,MT,,2024-08-06,91,1000,LV,42.2,57.8,15.65,,,Gender,Male,Male,35.0,65.0,,,,,emerson_sheets,2024-08-05
2024-President-MT|Emerson montana-2024-poll-trump-55-harris-40,Emerson College Polling,Emerson,emerson_1dqMvkIy_MT_President_crosst,2024,President,MT,,2024-08-06,91,1000,LV,42.2,57.8,15.65,,,Gender,Female,Female,48.84,51.16,,,,,emerson_sheets,2024-08-05
2024-President-MT|Emerson montana-2024-poll-trump-55-harris-40,Emerson College Polling,Emerson,emerson_1dqMvkIy_MT_President_crosst,2024,President,MT,,2024-08-06,91,1000,LV,42.2,57.8,15.65,,,Gender,Nonbinary,Nonbinary,56.17,43.83,,,,,emerson_sheets,2024-08-05
2024-President-MT|Emerson montana-2024-poll-trump-55-harris-40,Emerson College Polling,Emerson,emerson_1dqMvkIy_MT_President_crosst,2024,President,MT,,2024-08-06,91,1000,LV,42.5,57.5,14.92,,,Race,Hispanic,Hispanic,46.24,53.76,,,,,emerson_sheets,2024-08-05
2024-President-MT|Emerson montana-2024-poll-trump-55-harris-40,Emerson College Polling,Emerson,emerson_1dqMvkIy_MT_President_crosst,2024,President,MT,,2024-08-06,91,1000,LV,42.5,57.5,14.92,,,Race,White,White,40.71,59.29,,,,,emerson_sheets,2024-08-05
2024-President-MT|Emerson montana-2024-poll-trump-55-harris-40,Emerson College Polling,Emerson,emerson_1dqMvkIy_MT_President_crosst,2024,President,MT,,2024-08-06,91,1000,LV,42.5,57.5,14.92,,,Race,Black,Black,49.35,50.65,,,,,emerson_sheets,2024-08-05
2024-President-MT|Emerson montana-2024-poll-trump-55-harris-40,Emerson College Polling,Emerson,emerson_1dqMvkIy_MT_President_crosst,2024,President,MT,,2024-08-06,91,1000,LV,42.5,57.5,14.92,,,Race,Asian,Asian,90.46,9.54,,,,,emerson_sheets,2024-08-05
2024-President-MT|Emerson montana-2024-poll-trump-55-harris-40,Emerson College Polling,Emerson,emerson_1dqMvkIy_MT_President_crosst,2024,President,MT,,2024-08-06,91,1000,LV,42.5,57.5,14.92,,,Race,Other,Other,57.33,42.67,,,,,emerson_sheets,2024-08-05
2024-President-MT|Emerson montana-2024-poll-trump-55-harris-40,Emerson College Polling,Emerson,emerson_1dqMvkIy_MT_President_crosst,2024,President,MT,,2024-08-06,91,1000,LV,42.5,57.5,14.92,,,Age,18-29 years,18-29 years,35.57,64.43,,,,,emerson_sheets,2024-08-05
2024-President-MT|Emerson montana-2024-poll-trump-55-harris-40,Emerson College Polling,Emerson,emerson_1dqMvkIy_MT_President_crosst,2024,President,MT,,2024-08-06,91,1000,LV,42.5,57.5,14.92,,,Age,30-39 years,30-39 years,56.95,43.05,,,,,emerson_sheets,2024-08-05
2024-President-MT|Emerson montana-2024-poll-trump-55-harris-40,Emerson College Polling,Emerson,emerson_1dqMvkIy_MT_President_crosst,2024,President,MT,,2024-08-06,91,1000,LV,42.5,57.5,14.92,,,Age,40-49 years,40-49,28.28,71.72,,,,,emerson_sheets,2024-08-05
2024-President-MT|Emerson montana-2024-poll-trump-55-harris-40,Emerson College Polling,Emerson,emerson_1dqMvkIy_MT_President_crosst,2024,President,MT,,2024-08-06,91,1000,LV,42.5,57.5,14.92,,,Age,50-59 years,50-59,40.62,59.38,,,,,emerson_sheets,2024-08-05
2024-President-MT|Emerson montana-2024-poll-trump-55-harris-40,Emerson College Polling,Emerson,emerson_1dqMvkIy_MT_President_crosst,2024,President,MT,,2024-08-06,91,1000,LV,42.5,57.5,14.92,,,Age,60-69 years,60-69,49.45,50.55,,,,,emerson_sheets,2024-08-05
2024-President-MT|Emerson montana-2024-poll-trump-55-harris-40,Emerson College Polling,Emerson,emerson_1dqMvkIy_MT_President_crosst,2024,President,MT,,2024-08-06,91,1000,LV,42.5,57.5,14.92,,,Age,70 or more years,70 or more years,45.74,54.26,,,,,emerson_sheets,2024-08-05
2024-President-MT|Emerson montana-2024-poll-trump-55-harris-40,Emerson College Polling,Emerson,emerson_1dqMvkIy_MT_President_crosst,2024,President,MT,,2024-08-06,91,1000,LV,42.5,57.5,14.92,,,Education,HSorLess,HSorLess,39.7,60.3,,,,,emerson_sheets,2024-08-05
2024-President-MT|Emerson montana-2024-poll-trump-55-harris-40,Emerson College Polling,Emerson,emerson_1dqMvkIy_MT_President_crosst,2024,President,MT,,2024-08-06,91,1000,LV,42.5,57.5,14.92,,,Education,SomeCollege,SomeCollege,36.63,63.37,,,,,emerson_sheets,2024-08-05
2024-President-MT|Emerson montana-2024-poll-trump-55-harris-40,Emerson College Polling,Emerson,emerson_1dqMvkIy_MT_President_crosst,2024,President,MT,,2024-08-06,91,1000,LV,42.5,57.5,14.92,,,Education,BA,BA,53.24,46.76,,,,,emerson_sheets,2024-08-05
2024-President-MT|Emerson montana-2024-poll-trump-55-harris-40,Emerson College Polling,Emerson,emerson_1dqMvkIy_MT_President_crosst,2024,President,MT,,2024-08-06,91,1000,LV,42.5,57.5,14.92,,,Gender,Male,Male,35.31,64.69,,,,,emerson_sheets,2024-08-05
2024-President-MT|Emerson montana-2024-poll-trump-55-harris-40,Emerson College Polling,Emerson,emerson_1dqMvkIy_MT_President_crosst,2024,President,MT,,2024-08-06,91,1000,LV,42.5,57.5,14.92,,,Gender,Female,Female,49.4,50.6,,,,,emerson_sheets,2024-08-05
2024-President-MT|Emerson montana-2024-poll-trump-55-harris-40,Emerson College Polling,Emerson,emerson_1dqMvkIy_MT_President_crosst,2024,President,MT,,2024-08-06,91,1000,LV,42.5,57.5,14.92,,,Gender,Nonbinary,Nonbinary,60.53,39.47,,,,,emerson_sheets,2024-08-05
2024-President-MT|Emerson montana-2024-poll-trump-55-harris-40,Emerson College Polling,Emerson,emerson_1dqMvkIy_MT_President_crosst,2024,President,MT,,2024-08-06,91,1000,LV,42.2,57.8,15.68,,,Race,Hispanic,Hispanic,55.11,44.89,,,,,emerson_sheets,2024-08-05
2024-President-MT|Emerson montana-2024-poll-trump-55-harris-40,Emerson College Polling,Emerson,emerson_1dqMvkIy_MT_President_crosst,2024,President,MT,,2024-08-06,91,1000,LV,42.2,57.8,15.68,,,Race,White,White,40.08,59.92,,,,,emerson_sheets,2024-08-05
2024-President-MT|Emerson montana-2024-poll-trump-55-harris-40,Emerson College Polling,Emerson,emerson_1dqMvkIy_MT_President_crosst,2024,President,MT,,2024-08-06,91,1000,LV,42.2,57.8,15.68,,,Race,Black,Black,49.35,50.65,,,,,emerson_sheets,2024-08-05
2024-President-MT|Emerson montana-2024-poll-trump-55-harris-40,Emerson College Polling,Emerson,emerson_1dqMvkIy_MT_President_crosst,2024,President,MT,,2024-08-06,91,1000,LV,42.2,57.8,15.68,,,Race,Asian,Asian,89.61,10.39,,,,,emerson_sheets,2024-08-05
2024-President-MT|Emerson montana-2024-poll-trump-55-harris-40,Emerson College Polling,Emerson,emerson_1dqMvkIy_MT_President_crosst,2024,President,MT,,2024-08-06,91,1000,LV,42.2,57.8,15.68,,,Race,Other,Other,58.54,41.46,,,,,emerson_sheets,2024-08-05
2024-President-MT|Emerson montana-2024-poll-trump-55-harris-40,Emerson College Polling,Emerson,emerson_1dqMvkIy_MT_President_crosst,2024,President,MT,,2024-08-06,91,1000,LV,42.2,57.8,15.68,,,Age,18-29 years,18-29 years,36.46,63.54,,,,,emerson_sheets,2024-08-05
2024-President-MT|Emerson montana-2024-poll-trump-55-harris-40,Emerson College Polling,Emerson,emerson_1dqMvkIy_MT_President_crosst,2024,President,MT,,2024-08-06,91,1000,LV,42.2,57.8,15.68,,,Age,30-39 years,30-39 years,53.12,46.88,,,,,emerson_sheets,2024-08-05
2024-President-MT|Emerson montana-2024-poll-trump-55-harris-40,Emerson College Polling,Emerson,emerson_1dqMvkIy_MT_President_crosst,2024,President,MT,,2024-08-06,91,1000,LV,42.2,57.8,15.68,,,Age,40-49 years,40-49,28.25,71.75,,,,,emerson_sheets,2024-08-05
2024-President-MT|Emerson montana-2024-poll-trump-55-harris-40,Emerson College Polling,Emerson,emerson_1dqMvkIy_MT_President_crosst,2024,President,MT,,2024-08-06,91,1000,LV,42.2,57.8,15.68,,,Age,50-59 years,50-59,39.74,60.26,,,,,emerson_sheets,2024-08-05
2024-President-MT|Emerson montana-2024-poll-trump-55-harris-40,Emerson College Polling,Emerson,emerson_1dqMvkIy_MT_President_crosst,2024,President,MT,,2024-08-06,91,1000,LV,42.2,57.8,15.68,,,Age,60-69 years,60-69,50.04,49.96,,,,,emerson_sheets,2024-08-05
2024-President-MT|Emerson montana-2024-poll-trump-55-harris-40,Emerson College Polling,Emerson,emerson_1dqMvkIy_MT_President_crosst,2024,President,MT,,2024-08-06,91,1000,LV,42.2,57.8,15.68,,,Age,70 or more years,70 or more years,46.19,53.81,,,,,emerson_sheets,2024-08-05
2024-President-MT|Emerson montana-2024-poll-trump-55-harris-40,Emerson College Polling,Emerson,emerson_1dqMvkIy_MT_President_crosst,2024,President,MT,,2024-08-06,91,1000,LV,42.2,57.8,15.68,,,Education,HSorLess,HSorLess,35.1,64.9,,,,,emerson_sheets,2024-08-05
2024-President-MT|Emerson montana-2024-poll-trump-55-harris-40,Emerson College Polling,Emerson,emerson_1dqMvkIy_MT_President_crosst,2024,President,MT,,2024-08-06,91,1000,LV,42.2,57.8,15.68,,,Education,SomeCollege,SomeCollege,36.93,63.07,,,,,emerson_sheets,2024-08-05
2024-President-MT|Emerson montana-2024-poll-trump-55-harris-40,Emerson College Polling,Emerson,emerson_1dqMvkIy_MT_President_crosst,2024,President,MT,,2024-08-06,91,1000,LV,42.2,57.8,15.68,,,Education,BA,BA,55.62,44.38,,,,,emerson_sheets,2024-08-05
2024-President-MT|Emerson montana-2024-poll-trump-55-harris-40,Emerson College Polling,Emerson,emerson_1dqMvkIy_MT_President_crosst,2024,President,MT,,2024-08-06,91,1000,LV,42.2,57.8,15.68,,,Gender,Male,Male,35.04,64.96,,,,,emerson_sheets,2024-08-05
2024-President-MT|Emerson montana-2024-poll-trump-55-harris-40,Emerson College Polling,Emerson,emerson_1dqMvkIy_MT_President_crosst,2024,President,MT,,2024-08-06,91,1000,LV,42.2,57.8,15.68,,,Gender,Female,Female,48.57,51.43,,,,,emerson_sheets,2024-08-05
2024-President-MT|Emerson montana-2024-poll-trump-55-harris-40,Emerson College Polling,Emerson,emerson_1dqMvkIy_MT_President_crosst,2024,President,MT,,2024-08-06,91,1000,LV,42.2,57.8,15.68,,,Gender,Nonbinary,Nonbinary,62.03,37.97,,,,,emerson_sheets,2024-08-05
2024-Senate-MT|Emerson montana-2024-poll-trump-55-harris-40,Emerson College Polling,Emerson,emerson_1dqMvkIy_MT_Senate_crosst,2024,Senate,MT,,2024-08-06,91,1000,LV,48.9,51.1,2.11,,,Race,Hispanic,Hispanic,48.4,51.6,,,,,emerson_sheets,2024-08-05
2024-Senate-MT|Emerson montana-2024-poll-trump-55-harris-40,Emerson College Polling,Emerson,emerson_1dqMvkIy_MT_Senate_crosst,2024,Senate,MT,,2024-08-06,91,1000,LV,48.9,51.1,2.11,,,Race,White,White,45.79,54.21,,,,,emerson_sheets,2024-08-05
2024-Senate-MT|Emerson montana-2024-poll-trump-55-harris-40,Emerson College Polling,Emerson,emerson_1dqMvkIy_MT_Senate_crosst,2024,Senate,MT,,2024-08-06,91,1000,LV,48.9,51.1,2.11,,,Race,Black,Black,49.35,50.65,,,,,emerson_sheets,2024-08-05
2024-Senate-MT|Emerson montana-2024-poll-trump-55-harris-40,Emerson College Polling,Emerson,emerson_1dqMvkIy_MT_Senate_crosst,2024,Senate,MT,,2024-08-06,91,1000,LV,48.9,51.1,2.11,,,Race,Asian,Asian,90.46,9.54,,,,,emerson_sheets,2024-08-05
2024-Senate-MT|Emerson montana-2024-poll-trump-55-harris-40,Emerson College Polling,Emerson,emerson_1dqMvkIy_MT_Senate_crosst,2024,Senate,MT,,2024-08-06,91,1000,LV,48.9,51.1,2.11,,,Race,Other,Other,78.82,21.18,,,,,emerson_sheets,2024-08-05
2024-Senate-MT|Emerson montana-2024-poll-trump-55-harris-40,Emerson College Polling,Emerson,emerson_1dqMvkIy_MT_Senate_crosst,2024,Senate,MT,,2024-08-06,91,1000,LV,48.9,51.1,2.11,,,Age,18-29 years,18-29 years,46.37,53.63,,,,,emerson_sheets,2024-08-05
2024-Senate-MT|Emerson montana-2024-poll-trump-55-harris-40,Emerson College Polling,Emerson,emerson_1dqMvkIy_MT_Senate_crosst,2024,Senate,MT,,2024-08-06,91,1000,LV,48.9,51.1,2.11,,,Age,30-39 years,30-39 years,65.34,34.66,,,,,emerson_sheets,2024-08-05
2024-Senate-MT|Emerson montana-2024-poll-trump-55-harris-40,Emerson College Polling,Emerson,emerson_1dqMvkIy_MT_Senate_crosst,2024,Senate,MT,,2024-08-06,91,1000,LV,48.9,51.1,2.11,,,Age,40-49 years,40-49,33.9,66.1,,,,,emerson_sheets,2024-08-05
2024-Senate-MT|Emerson montana-2024-poll-trump-55-harris-40,Emerson College Polling,Emerson,emerson_1dqMvkIy_MT_Senate_crosst,2024,Senate,MT,,2024-08-06,91,1000,LV,48.9,51.1,2.11,,,Age,50-59 years,50-59,46.31,53.69,,,,,emerson_sheets,2024-08-05
2024-Senate-MT|Emerson montana-2024-poll-trump-55-harris-40,Emerson College Polling,Emerson,emerson_1dqMvkIy_MT_Senate_crosst,2024,Senate,MT,,2024-08-06,91,1000,LV,48.9,51.1,2.11,,,Age,60-69 years,60-69,52.18,47.82,,,,,emerson_sheets,2024-08-05
2024-Senate-MT|Emerson montana-2024-poll-trump-55-harris-40,Emerson College Polling,Emerson,emerson_1dqMvkIy_MT_Senate_crosst,2024,Senate,MT,,2024-08-06,91,1000,LV,48.9,51.1,2.11,,,Age,70 or more years,70 or more years,49.53,50.47,,,,,emerson_sheets,2024-08-05
2024-Senate-MT|Emerson montana-2024-poll-trump-55-harris-40,Emerson College Polling,Emerson,emerson_1dqMvkIy_MT_Senate_crosst,2024,Senate,MT,,2024-08-06,91,1000,LV,48.9,51.1,2.11,,,Education,HSorLess,HSorLess,47.39,52.61,,,,,emerson_sheets,2024-08-05
2024-Senate-MT|Emerson montana-2024-poll-trump-55-harris-40,Emerson College Polling,Emerson,emerson_1dqMvkIy_MT_Senate_crosst,2024,Senate,MT,,2024-08-06,91,1000,LV,48.9,51.1,2.11,,,Education,SomeCollege,SomeCollege,43.73,56.27,,,,,emerson_sheets,2024-08-05
2024-Senate-MT|Emerson montana-2024-poll-trump-55-harris-40,Emerson College Polling,Emerson,emerson_1dqMvkIy_MT_Senate_crosst,2024,Senate,MT,,2024-08-06,91,1000,LV,48.9,51.1,2.11,,,Education,BA,BA,57.37,42.63,,,,,emerson_sheets,2024-08-05
2024-Senate-MT|Emerson montana-2024-poll-trump-55-harris-40,Emerson College Polling,Emerson,emerson_1dqMvkIy_MT_Senate_crosst,2024,Senate,MT,,2024-08-06,91,1000,LV,48.9,51.1,2.11,,,Gender,Male,Male,41.44,58.56,,,,,emerson_sheets,2024-08-05
2024-Senate-MT|Emerson montana-2024-poll-trump-55-harris-40,Emerson College Polling,Emerson,emerson_1dqMvkIy_MT_Senate_crosst,2024,Senate,MT,,2024-08-06,91,1000,LV,48.9,51.1,2.11,,,Gender,Female,Female,55.98,44.02,,,,,emerson_sheets,2024-08-05
2024-Senate-MT|Emerson montana-2024-poll-trump-55-harris-40,Emerson College Polling,Emerson,emerson_1dqMvkIy_MT_Senate_crosst,2024,Senate,MT,,2024-08-06,91,1000,LV,48.9,51.1,2.11,,,Gender,Nonbinary,Nonbinary,79.45,20.55,,,,,emerson_sheets,2024-08-05
2024-President-MT|Emerson montana-2024-poll-u-s-senate-tester-44-s,Emerson College Polling,Emerson,emerson_1kCa_btU_MT_President_crosst,2024,President,MT,,2024-03-02,248,1000,RV,38.6,61.4,22.74,,,Race,Hispanic,Hispanic,61.9,38.1,,,,,emerson_sheets,2024-03-02
2024-President-MT|Emerson montana-2024-poll-u-s-senate-tester-44-s,Emerson College Polling,Emerson,emerson_1kCa_btU_MT_President_crosst,2024,President,MT,,2024-03-02,248,1000,RV,38.6,61.4,22.74,,,Race,White,White,37.45,62.55,,,,,emerson_sheets,2024-03-02
2024-President-MT|Emerson montana-2024-poll-u-s-senate-tester-44-s,Emerson College Polling,Emerson,emerson_1kCa_btU_MT_President_crosst,2024,President,MT,,2024-03-02,248,1000,RV,38.6,61.4,22.74,,,Race,Black,Black,55.56,44.44,,,,,emerson_sheets,2024-03-02
2024-President-MT|Emerson montana-2024-poll-u-s-senate-tester-44-s,Emerson College Polling,Emerson,emerson_1kCa_btU_MT_President_crosst,2024,President,MT,,2024-03-02,248,1000,RV,38.6,61.4,22.74,,,Race,Asian,Asian,40.0,60.0,,,,,emerson_sheets,2024-03-02
2024-President-MT|Emerson montana-2024-poll-u-s-senate-tester-44-s,Emerson College Polling,Emerson,emerson_1kCa_btU_MT_President_crosst,2024,President,MT,,2024-03-02,248,1000,RV,38.6,61.4,22.74,,,Race,Other,Other,32.5,67.5,,,,,emerson_sheets,2024-03-02
2024-President-MT|Emerson montana-2024-poll-u-s-senate-tester-44-s,Emerson College Polling,Emerson,emerson_1kCa_btU_MT_President_crosst,2024,President,MT,,2024-03-02,248,1000,RV,38.6,61.4,22.74,,,Age,18-29 years,18-29 years,29.41,70.59,,,,,emerson_sheets,2024-03-02
2024-President-MT|Emerson montana-2024-poll-u-s-senate-tester-44-s,Emerson College Polling,Emerson,emerson_1kCa_btU_MT_President_crosst,2024,President,MT,,2024-03-02,248,1000,RV,38.6,61.4,22.74,,,Age,30-39 years,30-39 years,40.94,59.06,,,,,emerson_sheets,2024-03-02
2024-President-MT|Emerson montana-2024-poll-u-s-senate-tester-44-s,Emerson College Polling,Emerson,emerson_1kCa_btU_MT_President_crosst,2024,President,MT,,2024-03-02,248,1000,RV,38.6,61.4,22.74,,,Age,40-49 years,40-49,29.71,70.29,,,,,emerson_sheets,2024-03-02
2024-President-MT|Emerson montana-2024-poll-u-s-senate-tester-44-s,Emerson College Polling,Emerson,emerson_1kCa_btU_MT_President_crosst,2024,President,MT,,2024-03-02,248,1000,RV,38.6,61.4,22.74,,,Age,50-59 years,50-59,42.24,57.76,,,,,emerson_sheets,2024-03-02
2024-President-MT|Emerson montana-2024-poll-u-s-senate-tester-44-s,Emerson College Polling,Emerson,emerson_1kCa_btU_MT_President_crosst,2024,President,MT,,2024-03-02,248,1000,RV,38.6,61.4,22.74,,,Age,60-69 years,60-69,43.62,56.38,,,,,emerson_sheets,2024-03-02
2024-President-MT|Emerson montana-2024-poll-u-s-senate-tester-44-s,Emerson College Polling,Emerson,emerson_1kCa_btU_MT_President_crosst,2024,President,MT,,2024-03-02,248,1000,RV,38.6,61.4,22.74,,,Age,70 or more years,70 or more years,46.3,53.7,,,,,emerson_sheets,2024-03-02
2024-President-MT|Emerson montana-2024-poll-u-s-senate-tester-44-s,Emerson College Polling,Emerson,emerson_1kCa_btU_MT_President_crosst,2024,President,MT,,2024-03-02,248,1000,RV,38.6,61.4,22.74,,,Education,HSorLess,HSorLess,25.65,74.35,,,,,emerson_sheets,2024-03-02
2024-President-MT|Emerson montana-2024-poll-u-s-senate-tester-44-s,Emerson College Polling,Emerson,emerson_1kCa_btU_MT_President_crosst,2024,President,MT,,2024-03-02,248,1000,RV,38.6,61.4,22.74,,,Education,SomeCollege,SomeCollege,40.55,59.45,,,,,emerson_sheets,2024-03-02
2024-President-MT|Emerson montana-2024-poll-u-s-senate-tester-44-s,Emerson College Polling,Emerson,emerson_1kCa_btU_MT_President_crosst,2024,President,MT,,2024-03-02,248,1000,RV,38.6,61.4,22.74,,,Education,BA,BA,46.24,53.76,,,,,emerson_sheets,2024-03-02
2024-President-MT|Emerson montana-2024-poll-u-s-senate-tester-44-s,Emerson College Polling,Emerson,emerson_1kCa_btU_MT_President_crosst,2024,President,MT,,2024-03-02,248,1000,RV,38.6,61.4,22.74,,,Gender,Male,Male,32.52,67.48,,,,,emerson_sheets,2024-03-02
2024-President-MT|Emerson montana-2024-poll-u-s-senate-tester-44-s,Emerson College Polling,Emerson,emerson_1kCa_btU_MT_President_crosst,2024,President,MT,,2024-03-02,248,1000,RV,38.6,61.4,22.74,,,Gender,Female,Female,44.32,55.68,,,,,emerson_sheets,2024-03-02
2024-President-MT|Emerson montana-2024-poll-u-s-senate-tester-44-s,Emerson College Polling,Emerson,emerson_1kCa_btU_MT_President_crosst,2024,President,MT,,2024-03-02,248,1000,RV,38.6,61.4,22.74,,,Gender,Nonbinary,Nonbinary,57.14,42.86,,,,,emerson_sheets,2024-03-02
2024-President-MT|Emerson montana-2024-poll-u-s-senate-tester-44-s,Emerson College Polling,Emerson,emerson_1kCa_btU_MT_President_crosst,2024,President,MT,,2024-03-02,248,1000,RV,36.8,63.2,26.3,,,Race,Hispanic,Hispanic,58.62,41.38,,,,,emerson_sheets,2024-03-02
2024-President-MT|Emerson montana-2024-poll-u-s-senate-tester-44-s,Emerson College Polling,Emerson,emerson_1kCa_btU_MT_President_crosst,2024,President,MT,,2024-03-02,248,1000,RV,36.8,63.2,26.3,,,Race,White,White,35.91,64.09,,,,,emerson_sheets,2024-03-02
2024-President-MT|Emerson montana-2024-poll-u-s-senate-tester-44-s,Emerson College Polling,Emerson,emerson_1kCa_btU_MT_President_crosst,2024,President,MT,,2024-03-02,248,1000,RV,36.8,63.2,26.3,,,Race,Black,Black,62.5,37.5,,,,,emerson_sheets,2024-03-02
2024-President-MT|Emerson montana-2024-poll-u-s-senate-tester-44-s,Emerson College Polling,Emerson,emerson_1kCa_btU_MT_President_crosst,2024,President,MT,,2024-03-02,248,1000,RV,36.8,63.2,26.3,,,Race,Asian,Asian,50.0,50.0,,,,,emerson_sheets,2024-03-02
2024-President-MT|Emerson montana-2024-poll-u-s-senate-tester-44-s,Emerson College Polling,Emerson,emerson_1kCa_btU_MT_President_crosst,2024,President,MT,,2024-03-02,248,1000,RV,36.8,63.2,26.3,,,Race,Other,Other,23.33,76.67,,,,,emerson_sheets,2024-03-02
2024-President-MT|Emerson montana-2024-poll-u-s-senate-tester-44-s,Emerson College Polling,Emerson,emerson_1kCa_btU_MT_President_crosst,2024,President,MT,,2024-03-02,248,1000,RV,36.8,63.2,26.3,,,Age,18-29 years,18-29 years,26.77,73.23,,,,,emerson_sheets,2024-03-02
2024-President-MT|Emerson montana-2024-poll-u-s-senate-tester-44-s,Emerson College Polling,Emerson,emerson_1kCa_btU_MT_President_crosst,2024,President,MT,,2024-03-02,248,1000,RV,36.8,63.2,26.3,,,Age,30-39 years,30-39 years,32.63,67.37,,,,,emerson_sheets,2024-03-02
2024-President-MT|Emerson montana-2024-poll-u-s-senate-tester-44-s,Emerson College Polling,Emerson,emerson_1kCa_btU_MT_President_crosst,2024,President,MT,,2024-03-02,248,1000,RV,36.8,63.2,26.3,,,Age,40-49 years,40-49,28.57,71.43,,,,,emerson_sheets,2024-03-02
2024-President-MT|Emerson montana-2024-poll-u-s-senate-tester-44-s,Emerson College Polling,Emerson,emerson_1kCa_btU_MT_President_crosst,2024,President,MT,,2024-03-02,248,1000,RV,36.8,63.2,26.3,,,Age,50-59 years,50-59,41.78,58.22,,,,,emerson_sheets,2024-03-02
2024-President-MT|Emerson montana-2024-poll-u-s-senate-tester-44-s,Emerson College Polling,Emerson,emerson_1kCa_btU_MT_President_crosst,2024,President,MT,,2024-03-02,248,1000,RV,36.8,63.2,26.3,,,Age,60-69 years,60-69,44.03,55.97,,,,,emerson_sheets,2024-03-02
2024-President-MT|Emerson montana-2024-poll-u-s-senate-tester-44-s,Emerson College Polling,Emerson,emerson_1kCa_btU_MT_President_crosst,2024,President,MT,,2024-03-02,248,1000,RV,36.8,63.2,26.3,,,Age,70 or more years,70 or more years,43.84,56.16,,,,,emerson_sheets,2024-03-02
2024-President-MT|Emerson montana-2024-poll-u-s-senate-tester-44-s,Emerson College Polling,Emerson,emerson_1kCa_btU_MT_President_crosst,2024,President,MT,,2024-03-02,248,1000,RV,36.8,63.2,26.3,,,Education,HSorLess,HSorLess,23.08,76.92,,,,,emerson_sheets,2024-03-02
2024-President-MT|Emerson montana-2024-poll-u-s-senate-tester-44-s,Emerson College Polling,Emerson,emerson_1kCa_btU_MT_President_crosst,2024,President,MT,,2024-03-02,248,1000,RV,36.8,63.2,26.3,,,Education,SomeCollege,SomeCollege,36.47,63.53,,,,,emerson_sheets,2024-03-02
2024-President-MT|Emerson montana-2024-poll-u-s-senate-tester-44-s,Emerson College Polling,Emerson,emerson_1kCa_btU_MT_President_crosst,2024,President,MT,,2024-03-02,248,1000,RV,36.8,63.2,26.3,,,Education,BA,BA,48.35,51.65,,,,,emerson_sheets,2024-03-02
2024-President-MT|Emerson montana-2024-poll-u-s-senate-tester-44-s,Emerson College Polling,Emerson,emerson_1kCa_btU_MT_President_crosst,2024,President,MT,,2024-03-02,248,1000,RV,36.8,63.2,26.3,,,Gender,Male,Male,33.17,66.83,,,,,emerson_sheets,2024-03-02
2024-President-MT|Emerson montana-2024-poll-u-s-senate-tester-44-s,Emerson College Polling,Emerson,emerson_1kCa_btU_MT_President_crosst,2024,President,MT,,2024-03-02,248,1000,RV,36.8,63.2,26.3,,,Gender,Female,Female,41.31,58.69,,,,,emerson_sheets,2024-03-02
2024-President-MT|Emerson montana-2024-poll-u-s-senate-tester-44-s,Emerson College Polling,Emerson,emerson_1kCa_btU_MT_President_crosst,2024,President,MT,,2024-03-02,248,1000,RV,36.8,63.2,26.3,,,Gender,Nonbinary,Nonbinary,25.0,75.0,,,,,emerson_sheets,2024-03-02
2024-Senate-MT|Emerson montana-2024-poll-u-s-senate-tester-44-s,Emerson College Polling,Emerson,emerson_1kCa_btU_MT_Senate_crosst,2024,Senate,MT,,2024-03-02,248,1000,RV,50.9,49.1,-1.85,,,Race,Hispanic,Hispanic,71.88,28.12,,,,,emerson_sheets,2024-03-02
2024-Senate-MT|Emerson montana-2024-poll-u-s-senate-tester-44-s,Emerson College Polling,Emerson,emerson_1kCa_btU_MT_Senate_crosst,2024,Senate,MT,,2024-03-02,248,1000,RV,50.9,49.1,-1.85,,,Race,White,White,49.48,50.52,,,,,emerson_sheets,2024-03-02
2024-Senate-MT|Emerson montana-2024-poll-u-s-senate-tester-44-s,Emerson College Polling,Emerson,emerson_1kCa_btU_MT_Senate_crosst,2024,Senate,MT,,2024-03-02,248,1000,RV,50.9,49.1,-1.85,,,Race,Black,Black,50.0,50.0,,,,,emerson_sheets,2024-03-02
2024-Senate-MT|Emerson montana-2024-poll-u-s-senate-tester-44-s,Emerson College Polling,Emerson,emerson_1kCa_btU_MT_Senate_crosst,2024,Senate,MT,,2024-03-02,248,1000,RV,50.9,49.1,-1.85,,,Race,Asian,Asian,72.73,27.27,,,,,emerson_sheets,2024-03-02
2024-Senate-MT|Emerson montana-2024-poll-u-s-senate-tester-44-s,Emerson College Polling,Emerson,emerson_1kCa_btU_MT_Senate_crosst,2024,Senate,MT,,2024-03-02,248,1000,RV,50.9,49.1,-1.85,,,Race,Other,Other,56.41,43.59,,,,,emerson_sheets,2024-03-02
2024-Senate-MT|Emerson montana-2024-poll-u-s-senate-tester-44-s,Emerson College Polling,Emerson,emerson_1kCa_btU_MT_Senate_crosst,2024,Senate,MT,,2024-03-02,248,1000,RV,50.9,49.1,-1.85,,,Age,18-29 years,18-29 years,51.01,48.99,,,,,emerson_sheets,2024-03-02
2024-Senate-MT|Emerson montana-2024-poll-u-s-senate-tester-44-s,Emerson College Polling,Emerson,emerson_1kCa_btU_MT_Senate_crosst,2024,Senate,MT,,2024-03-02,248,1000,RV,50.9,49.1,-1.85,,,Age,30-39 years,30-39 years,54.26,45.74,,,,,emerson_sheets,2024-03-02
2024-Senate-MT|Emerson montana-2024-poll-u-s-senate-tester-44-s,Emerson College Polling,Emerson,emerson_1kCa_btU_MT_Senate_crosst,2024,Senate,MT,,2024-03-02,248,1000,RV,50.9,49.1,-1.85,,,Age,40-49 years,40-49,44.8,55.2,,,,,emerson_sheets,2024-03-02
2024-Senate-MT|Emerson montana-2024-poll-u-s-senate-tester-44-s,Emerson College Polling,Emerson,emerson_1kCa_btU_MT_Senate_crosst,2024,Senate,MT,,2024-03-02,248,1000,RV,50.9,49.1,-1.85,,,Age,50-59 years,50-59,50.94,49.06,,,,,emerson_sheets,2024-03-02
2024-Senate-MT|Emerson montana-2024-poll-u-s-senate-tester-44-s,Emerson College Polling,Emerson,emerson_1kCa_btU_MT_Senate_crosst,2024,Senate,MT,,2024-03-02,248,1000,RV,50.9,49.1,-1.85,,,Age,60-69 years,60-69,51.72,48.28,,,,,emerson_sheets,2024-03-02
2024-Senate-MT|Emerson montana-2024-poll-u-s-senate-tester-44-s,Emerson College Polling,Emerson,emerson_1kCa_btU_MT_Senate_crosst,2024,Senate,MT,,2024-03-02,248,1000,RV,50.9,49.1,-1.85,,,Age,70 or more years,70 or more years,52.23,47.77,,,,,emerson_sheets,2024-03-02
2024-Senate-MT|Emerson montana-2024-poll-u-s-senate-tester-44-s,Emerson College Polling,Emerson,emerson_1kCa_btU_MT_Senate_crosst,2024,Senate,MT,,2024-03-02,248,1000,RV,50.9,49.1,-1.85,,,Education,HSorLess,HSorLess,45.45,54.55,,,,,emerson_sheets,2024-03-02
2024-Senate-MT|Emerson montana-2024-poll-u-s-senate-tester-44-s,Emerson College Polling,Emerson,emerson_1kCa_btU_MT_Senate_crosst,2024,Senate,MT,,2024-03-02,248,1000,RV,50.9,49.1,-1.85,,,Education,SomeCollege,SomeCollege,51.62,48.38,,,,,emerson_sheets,2024-03-02
2024-Senate-MT|Emerson montana-2024-poll-u-s-senate-tester-44-s,Emerson College Polling,Emerson,emerson_1kCa_btU_MT_Senate_crosst,2024,Senate,MT,,2024-03-02,248,1000,RV,50.9,49.1,-1.85,,,Education,BA,BA,54.04,45.96,,,,,emerson_sheets,2024-03-02
2024-Senate-MT|Emerson montana-2024-poll-u-s-senate-tester-44-s,Emerson College Polling,Emerson,emerson_1kCa_btU_MT_Senate_crosst,2024,Senate,MT,,2024-03-02,248,1000,RV,50.9,49.1,-1.85,,,Gender,Male,Male,41.97,58.03,,,,,emerson_sheets,2024-03-02
2024-Senate-MT|Emerson montana-2024-poll-u-s-senate-tester-44-s,Emerson College Polling,Emerson,emerson_1kCa_btU_MT_Senate_crosst,2024,Senate,MT,,2024-03-02,248,1000,RV,50.9,49.1,-1.85,,,Gender,Female,Female,60.05,39.95,,,,,emerson_sheets,2024-03-02
2024-Senate-MT|Emerson montana-2024-poll-u-s-senate-tester-44-s,Emerson College Polling,Emerson,emerson_1kCa_btU_MT_Senate_crosst,2024,Senate,MT,,2024-03-02,248,1000,RV,50.9,49.1,-1.85,,,Gender,Nonbinary,Nonbinary,57.14,42.86,,,,,emerson_sheets,2024-03-02
2024-President-MT|Emerson october-2024-montana-poll-sheehy-50-test,Emerson College Polling,Emerson,emerson_1QpH9_i2_MT_President_crosst,2024,President,MT,,2024-10-25,11,1000,LV,40.2,59.8,19.56,,,Age,18-39 years,18-39,38.09,61.91,,,,,emerson_sheets,2024-10-23
2024-President-MT|Emerson october-2024-montana-poll-sheehy-50-test,Emerson College Polling,Emerson,emerson_1QpH9_i2_MT_President_crosst,2024,President,MT,,2024-10-25,11,1000,LV,40.2,59.8,19.56,,,Age,40-49 years,40-49,27.08,72.92,,,,,emerson_sheets,2024-10-23
2024-President-MT|Emerson october-2024-montana-poll-sheehy-50-test,Emerson College Polling,Emerson,emerson_1QpH9_i2_MT_President_crosst,2024,President,MT,,2024-10-25,11,1000,LV,40.2,59.8,19.56,,,Age,50-59 years,50-59,44.61,55.39,,,,,emerson_sheets,2024-10-23
2024-President-MT|Emerson october-2024-montana-poll-sheehy-50-test,Emerson College Polling,Emerson,emerson_1QpH9_i2_MT_President_crosst,2024,President,MT,,2024-10-25,11,1000,LV,40.2,59.8,19.56,,,Age,60-69 years,60-69,45.51,54.49,,,,,emerson_sheets,2024-10-23
2024-President-MT|Emerson october-2024-montana-poll-sheehy-50-test,Emerson College Polling,Emerson,emerson_1QpH9_i2_MT_President_crosst,2024,President,MT,,2024-10-25,11,1000,LV,40.2,59.8,19.56,,,Age,70 or more years,70 or more years,46.48,53.52,,,,,emerson_sheets,2024-10-23
2024-President-MT|Emerson october-2024-montana-poll-sheehy-50-test,Emerson College Polling,Emerson,emerson_1QpH9_i2_MT_President_crosst,2024,President,MT,,2024-10-25,11,1000,LV,40.2,59.8,19.56,,,Race,White,White,39.94,60.06,,,,,emerson_sheets,2024-10-23
2024-President-MT|Emerson october-2024-montana-poll-sheehy-50-test,Emerson College Polling,Emerson,emerson_1QpH9_i2_MT_President_crosst,2024,President,MT,,2024-10-25,11,1000,LV,40.2,59.8,19.56,,,Race,Nonwhite,Nonwhite,42.21,57.79,,,,,emerson_sheets,2024-10-23
2024-President-MT|Emerson october-2024-montana-poll-sheehy-50-test,Emerson College Polling,Emerson,emerson_1QpH9_i2_MT_President_crosst,2024,President,MT,,2024-10-25,11,1000,LV,40.2,59.8,19.56,,,Education,HSorLess,HSorLess,34.73,65.27,,,,,emerson_sheets,2024-10-23
2024-President-MT|Emerson october-2024-montana-poll-sheehy-50-test,Emerson College Polling,Emerson,emerson_1QpH9_i2_MT_President_crosst,2024,President,MT,,2024-10-25,11,1000,LV,40.2,59.8,19.56,,,Education,SomeCollege,SomeCollege,35.51,64.49,,,,,emerson_sheets,2024-10-23
2024-President-MT|Emerson october-2024-montana-poll-sheehy-50-test,Emerson College Polling,Emerson,emerson_1QpH9_i2_MT_President_crosst,2024,President,MT,,2024-10-25,11,1000,LV,40.2,59.8,19.56,,,Education,BA,BA,51.54,48.46,,,,,emerson_sheets,2024-10-23
2024-President-MT|Emerson october-2024-montana-poll-sheehy-50-test,Emerson College Polling,Emerson,emerson_1QpH9_i2_MT_President_crosst,2024,President,MT,,2024-10-25,11,1000,LV,40.2,59.8,19.56,,,Gender,Male,Male,33.17,66.83,,,,,emerson_sheets,2024-10-23
2024-President-MT|Emerson october-2024-montana-poll-sheehy-50-test,Emerson College Polling,Emerson,emerson_1QpH9_i2_MT_President_crosst,2024,President,MT,,2024-10-25,11,1000,LV,40.2,59.8,19.56,,,Gender,Female,Female,46.89,53.11,,,,,emerson_sheets,2024-10-23
2024-President-MT|Emerson october-2024-montana-poll-sheehy-50-test,Emerson College Polling,Emerson,emerson_1QpH9_i2_MT_President_crosst,2024,President,MT,,2024-10-25,11,1000,LV,40.2,59.8,19.56,,,Gender,Nonbinary,Nonbinary,66.69,33.31,,,,,emerson_sheets,2024-10-23
2024-President-MT|Emerson october-2024-montana-poll-sheehy-50-test,Emerson College Polling,Emerson,emerson_1QpH9_i2_MT_President_crosst,2024,President,MT,,2024-10-25,11,1000,LV,40.3,59.7,19.41,,,Age,18-39 years,18-39,38.09,61.91,,,,,emerson_sheets,2024-10-23
2024-President-MT|Emerson october-2024-montana-poll-sheehy-50-test,Emerson College Polling,Emerson,emerson_1QpH9_i2_MT_President_crosst,2024,President,MT,,2024-10-25,11,1000,LV,40.3,59.7,19.41,,,Age,40-49 years,40-49,26.83,73.17,,,,,emerson_sheets,2024-10-23
2024-President-MT|Emerson october-2024-montana-poll-sheehy-50-test,Emerson College Polling,Emerson,emerson_1QpH9_i2_MT_President_crosst,2024,President,MT,,2024-10-25,11,1000,LV,40.3,59.7,19.41,,,Age,50-59 years,50-59,44.9,55.1,,,,,emerson_sheets,2024-10-23
2024-President-MT|Emerson october-2024-montana-poll-sheehy-50-test,Emerson College Polling,Emerson,emerson_1QpH9_i2_MT_President_crosst,2024,President,MT,,2024-10-25,11,1000,LV,40.3,59.7,19.41,,,Age,60-69 years,60-69,45.9,54.1,,,,,emerson_sheets,2024-10-23
2024-President-MT|Emerson october-2024-montana-poll-sheehy-50-test,Emerson College Polling,Emerson,emerson_1QpH9_i2_MT_President_crosst,2024,President,MT,,2024-10-25,11,1000,LV,40.3,59.7,19.41,,,Age,70 or more years,70 or more years,46.43,53.57,,,,,emerson_sheets,2024-10-23
2024-President-MT|Emerson october-2024-montana-poll-sheehy-50-test,Emerson College Polling,Emerson,emerson_1QpH9_i2_MT_President_crosst,2024,President,MT,,2024-10-25,11,1000,LV,40.3,59.7,19.41,,,Race,White,White,40.03,59.97,,,,,emerson_sheets,2024-10-23
2024-President-MT|Emerson october-2024-montana-poll-sheehy-50-test,Emerson College Polling,Emerson,emerson_1QpH9_i2_MT_President_crosst,2024,President,MT,,2024-10-25,11,1000,LV,40.3,59.7,19.41,,,Race,Nonwhite,Nonwhite,42.21,57.79,,,,,emerson_sheets,2024-10-23
2024-President-MT|Emerson october-2024-montana-poll-sheehy-50-test,Emerson College Polling,Emerson,emerson_1QpH9_i2_MT_President_crosst,2024,President,MT,,2024-10-25,11,1000,LV,40.3,59.7,19.41,,,Education,HSorLess,HSorLess,35.16,64.84,,,,,emerson_sheets,2024-10-23
2024-President-MT|Emerson october-2024-montana-poll-sheehy-50-test,Emerson College Polling,Emerson,emerson_1QpH9_i2_MT_President_crosst,2024,President,MT,,2024-10-25,11,1000,LV,40.3,59.7,19.41,,,Education,SomeCollege,SomeCollege,35.61,64.39,,,,,emerson_sheets,2024-10-23
2024-President-MT|Emerson october-2024-montana-poll-sheehy-50-test,Emerson College Polling,Emerson,emerson_1QpH9_i2_MT_President_crosst,2024,President,MT,,2024-10-25,11,1000,LV,40.3,59.7,19.41,,,Education,BA,BA,51.25,48.75,,,,,emerson_sheets,2024-10-23
2024-President-MT|Emerson october-2024-montana-poll-sheehy-50-test,Emerson College Polling,Emerson,emerson_1QpH9_i2_MT_President_crosst,2024,President,MT,,2024-10-25,11,1000,LV,40.3,59.7,19.41,,,Gender,Male,Male,33.12,66.88,,,,,emerson_sheets,2024-10-23
2024-President-MT|Emerson october-2024-montana-poll-sheehy-50-test,Emerson College Polling,Emerson,emerson_1QpH9_i2_MT_President_crosst,2024,President,MT,,2024-10-25,11,1000,LV,40.3,59.7,19.41,,,Gender,Female,Female,47.08,52.92,,,,,emerson_sheets,2024-10-23
2024-President-MT|Emerson october-2024-montana-poll-sheehy-50-test,Emerson College Polling,Emerson,emerson_1QpH9_i2_MT_President_crosst,2024,President,MT,,2024-10-25,11,1000,LV,40.3,59.7,19.41,,,Gender,Nonbinary,Nonbinary,66.69,33.31,,,,,emerson_sheets,2024-10-23
2024-Senate-MT|Emerson october-2024-montana-poll-sheehy-50-test,Emerson College Polling,Emerson,emerson_1QpH9_i2_MT_Senate_crosst,2024,Senate,MT,,2024-10-25,11,1000,LV,48.1,51.9,3.9,,,Age,18-39 years,18-39,53.81,46.19,,,,,emerson_sheets,2024-10-23
2024-Senate-MT|Emerson october-2024-montana-poll-sheehy-50-test,Emerson College Polling,Emerson,emerson_1QpH9_i2_MT_Senate_crosst,2024,Senate,MT,,2024-10-25,11,1000,LV,48.1,51.9,3.9,,,Age,40-49 years,40-49,34.23,65.77,,,,,emerson_sheets,2024-10-23
2024-Senate-MT|Emerson october-2024-montana-poll-sheehy-50-test,Emerson College Polling,Emerson,emerson_1QpH9_i2_MT_Senate_crosst,2024,Senate,MT,,2024-10-25,11,1000,LV,48.1,51.9,3.9,,,Age,50-59 years,50-59,49.85,50.15,,,,,emerson_sheets,2024-10-23
2024-Senate-MT|Emerson october-2024-montana-poll-sheehy-50-test,Emerson College Polling,Emerson,emerson_1QpH9_i2_MT_Senate_crosst,2024,Senate,MT,,2024-10-25,11,1000,LV,48.1,51.9,3.9,,,Age,60-69 years,60-69,46.36,53.64,,,,,emerson_sheets,2024-10-23
2024-Senate-MT|Emerson october-2024-montana-poll-sheehy-50-test,Emerson College Polling,Emerson,emerson_1QpH9_i2_MT_Senate_crosst,2024,Senate,MT,,2024-10-25,11,1000,LV,48.1,51.9,3.9,,,Age,70 or more years,70 or more years,49.0,51.0,,,,,emerson_sheets,2024-10-23
2024-Senate-MT|Emerson october-2024-montana-poll-sheehy-50-test,Emerson College Polling,Emerson,emerson_1QpH9_i2_MT_Senate_crosst,2024,Senate,MT,,2024-10-25,11,1000,LV,48.1,51.9,3.9,,,Race,White,White,47.61,52.39,,,,,emerson_sheets,2024-10-23
2024-Senate-MT|Emerson october-2024-montana-poll-sheehy-50-test,Emerson College Polling,Emerson,emerson_1QpH9_i2_MT_Senate_crosst,2024,Senate,MT,,2024-10-25,11,1000,LV,48.1,51.9,3.9,,,Race,Nonwhite,Nonwhite,51.63,48.37,,,,,emerson_sheets,2024-10-23
2024-Senate-MT|Emerson october-2024-montana-poll-sheehy-50-test,Emerson College Polling,Emerson,emerson_1QpH9_i2_MT_Senate_crosst,2024,Senate,MT,,2024-10-25,11,1000,LV,48.1,51.9,3.9,,,Education,HSorLess,HSorLess,50.13,49.87,,,,,emerson_sheets,2024-10-23
2024-Senate-MT|Emerson october-2024-montana-poll-sheehy-50-test,Emerson College Polling,Emerson,emerson_1QpH9_i2_MT_Senate_crosst,2024,Senate,MT,,2024-10-25,11,1000,LV,48.1,51.9,3.9,,,Education,SomeCollege,SomeCollege,41.98,58.02,,,,,emerson_sheets,2024-10-23
2024-Senate-MT|Emerson october-2024-montana-poll-sheehy-50-test,Emerson College Polling,Emerson,emerson_1QpH9_i2_MT_Senate_crosst,2024,Senate,MT,,2024-10-25,11,1000,LV,48.1,51.9,3.9,,,Education,BA,BA,55.19,44.81,,,,,emerson_sheets,2024-10-23
2024-Senate-MT|Emerson october-2024-montana-poll-sheehy-50-test,Emerson College Polling,Emerson,emerson_1QpH9_i2_MT_Senate_crosst,2024,Senate,MT,,2024-10-25,11,1000,LV,48.1,51.9,3.9,,,Gender,Male,Male,38.54,61.46,,,,,emerson_sheets,2024-10-23
2024-Senate-MT|Emerson october-2024-montana-poll-sheehy-50-test,Emerson College Polling,Emerson,emerson_1QpH9_i2_MT_Senate_crosst,2024,Senate,MT,,2024-10-25,11,1000,LV,48.1,51.9,3.9,,,Gender,Female,Female,57.4,42.6,,,,,emerson_sheets,2024-10-23
2024-Senate-MT|Emerson october-2024-montana-poll-sheehy-50-test,Emerson College Polling,Emerson,emerson_1QpH9_i2_MT_Senate_crosst,2024,Senate,MT,,2024-10-25,11,1000,LV,48.1,51.9,3.9,,,Gender,Nonbinary,Nonbinary,65.27,34.73,,,,,emerson_sheets,2024-10-23
2024-Senate-MT|Emerson october-2024-montana-poll-sheehy-50-test,Emerson College Polling,Emerson,emerson_1QpH9_i2_MT_Senate_crosst,2024,Senate,MT,,2024-10-25,11,1000,LV,48.7,51.3,2.53,,,Age,18-39 years,18-39,55.63,44.37,,,,,emerson_sheets,2024-10-23
2024-Senate-MT|Emerson october-2024-montana-poll-sheehy-50-test,Emerson College Polling,Emerson,emerson_1QpH9_i2_MT_Senate_crosst,2024,Senate,MT,,2024-10-25,11,1000,LV,48.7,51.3,2.53,,,Age,40-49 years,40-49,33.99,66.01,,,,,emerson_sheets,2024-10-23
2024-Senate-MT|Emerson october-2024-montana-poll-sheehy-50-test,Emerson College Polling,Emerson,emerson_1QpH9_i2_MT_Senate_crosst,2024,Senate,MT,,2024-10-25,11,1000,LV,48.7,51.3,2.53,,,Age,50-59 years,50-59,50.2,49.8,,,,,emerson_sheets,2024-10-23
2024-Senate-MT|Emerson october-2024-montana-poll-sheehy-50-test,Emerson College Polling,Emerson,emerson_1QpH9_i2_MT_Senate_crosst,2024,Senate,MT,,2024-10-25,11,1000,LV,48.7,51.3,2.53,,,Age,60-69 years,60-69,46.44,53.56,,,,,emerson_sheets,2024-10-23
2024-Senate-MT|Emerson october-2024-montana-poll-sheehy-50-test,Emerson College Polling,Emerson,emerson_1QpH9_i2_MT_Senate_crosst,2024,Senate,MT,,2024-10-25,11,1000,LV,48.7,51.3,2.53,,,Age,70 or more years,70 or more years,48.43,51.57,,,,,emerson_sheets,2024-10-23
2024-Senate-MT|Emerson october-2024-montana-poll-sheehy-50-test,Emerson College Polling,Emerson,emerson_1QpH9_i2_MT_Senate_crosst,2024,Senate,MT,,2024-10-25,11,1000,LV,48.7,51.3,2.53,,,Race,White,White,47.93,52.07,,,,,emerson_sheets,2024-10-23
2024-Senate-MT|Emerson october-2024-montana-poll-sheehy-50-test,Emerson College Polling,Emerson,emerson_1QpH9_i2_MT_Senate_crosst,2024,Senate,MT,,2024-10-25,11,1000,LV,48.7,51.3,2.53,,,Race,Nonwhite,Nonwhite,55.01,44.99,,,,,emerson_sheets,2024-10-23
2024-Senate-MT|Emerson october-2024-montana-poll-sheehy-50-test,Emerson College Polling,Emerson,emerson_1QpH9_i2_MT_Senate_crosst,2024,Senate,MT,,2024-10-25,11,1000,LV,48.7,51.3,2.53,,,Education,HSorLess,HSorLess,52.88,47.12,,,,,emerson_sheets,2024-10-23
2024-Senate-MT|Emerson october-2024-montana-poll-sheehy-50-test,Emerson College Polling,Emerson,emerson_1QpH9_i2_MT_Senate_crosst,2024,Senate,MT,,2024-10-25,11,1000,LV,48.7,51.3,2.53,,,Education,SomeCollege,SomeCollege,42.07,57.93,,,,,emerson_sheets,2024-10-23
2024-Senate-MT|Emerson october-2024-montana-poll-sheehy-50-test,Emerson College Polling,Emerson,emerson_1QpH9_i2_MT_Senate_crosst,2024,Senate,MT,,2024-10-25,11,1000,LV,48.7,51.3,2.53,,,Education,BA,BA,54.68,45.32,,,,,emerson_sheets,2024-10-23
2024-Senate-MT|Emerson october-2024-montana-poll-sheehy-50-test,Emerson College Polling,Emerson,emerson_1QpH9_i2_MT_Senate_crosst,2024,Senate,MT,,2024-10-25,11,1000,LV,48.7,51.3,2.53,,,Gender,Male,Male,38.39,61.61,,,,,emerson_sheets,2024-10-23
2024-Senate-MT|Emerson october-2024-montana-poll-sheehy-50-test,Emerson College Polling,Emerson,emerson_1QpH9_i2_MT_Senate_crosst,2024,Senate,MT,,2024-10-25,11,1000,LV,48.7,51.3,2.53,,,Gender,Female,Female,58.61,41.39,,,,,emerson_sheets,2024-10-23
2024-Senate-MT|Emerson october-2024-montana-poll-sheehy-50-test,Emerson College Polling,Emerson,emerson_1QpH9_i2_MT_Senate_crosst,2024,Senate,MT,,2024-10-25,11,1000,LV,48.7,51.3,2.53,,,Gender,Nonbinary,Nonbinary,65.27,34.73,,,,,emerson_sheets,2024-10-23
2024-President-NH|Emerson new-hampshire-2024-poll-harris-50-trump-,Emerson College Polling,Emerson,emerson_1cDRhqie_NH_President_crosst,2024,President,NH,,2024-07-28,100,1000,RV,52.3,47.7,-4.54,,,Race,Hispanic,Hispanic,43.83,56.17,,,,,emerson_sheets,2024-07-26
2024-President-NH|Emerson new-hampshire-2024-poll-harris-50-trump-,Emerson College Polling,Emerson,emerson_1cDRhqie_NH_President_crosst,2024,President,NH,,2024-07-28,100,1000,RV,52.3,47.7,-4.54,,,Race,White,White,52.48,47.52,,,,,emerson_sheets,2024-07-26
2024-President-NH|Emerson new-hampshire-2024-poll-harris-50-trump-,Emerson College Polling,Emerson,emerson_1cDRhqie_NH_President_crosst,2024,President,NH,,2024-07-28,100,1000,RV,52.3,47.7,-4.54,,,Race,Black,Black,79.69,20.31,,,,,emerson_sheets,2024-07-26
2024-President-NH|Emerson new-hampshire-2024-poll-harris-50-trump-,Emerson College Polling,Emerson,emerson_1cDRhqie_NH_President_crosst,2024,President,NH,,2024-07-28,100,1000,RV,52.3,47.7,-4.54,,,Race,Asian,Asian,73.34,26.66,,,,,emerson_sheets,2024-07-26
2024-President-NH|Emerson new-hampshire-2024-poll-harris-50-trump-,Emerson College Polling,Emerson,emerson_1cDRhqie_NH_President_crosst,2024,President,NH,,2024-07-28,100,1000,RV,52.3,47.7,-4.54,,,Race,Other,Other,29.33,70.67,,,,,emerson_sheets,2024-07-26
2024-President-NH|Emerson new-hampshire-2024-poll-harris-50-trump-,Emerson College Polling,Emerson,emerson_1cDRhqie_NH_President_crosst,2024,President,NH,,2024-07-28,100,1000,RV,52.3,47.7,-4.54,,,Age,18-29 years,18-29 years,58.18,41.82,,,,,emerson_sheets,2024-07-26
2024-President-NH|Emerson new-hampshire-2024-poll-harris-50-trump-,Emerson College Polling,Emerson,emerson_1cDRhqie_NH_President_crosst,2024,President,NH,,2024-07-28,100,1000,RV,52.3,47.7,-4.54,,,Age,30-39 years,30-39 years,51.88,48.12,,,,,emerson_sheets,2024-07-26
2024-President-NH|Emerson new-hampshire-2024-poll-harris-50-trump-,Emerson College Polling,Emerson,emerson_1cDRhqie_NH_President_crosst,2024,President,NH,,2024-07-28,100,1000,RV,52.3,47.7,-4.54,,,Age,40-49 years,40-49,46.24,53.76,,,,,emerson_sheets,2024-07-26
2024-President-NH|Emerson new-hampshire-2024-poll-harris-50-trump-,Emerson College Polling,Emerson,emerson_1cDRhqie_NH_President_crosst,2024,President,NH,,2024-07-28,100,1000,RV,52.3,47.7,-4.54,,,Age,50-59 years,50-59,47.18,52.82,,,,,emerson_sheets,2024-07-26
2024-President-NH|Emerson new-hampshire-2024-poll-harris-50-trump-,Emerson College Polling,Emerson,emerson_1cDRhqie_NH_President_crosst,2024,President,NH,,2024-07-28,100,1000,RV,52.3,47.7,-4.54,,,Age,60-69 years,60-69,53.35,46.65,,,,,emerson_sheets,2024-07-26
2024-President-NH|Emerson new-hampshire-2024-poll-harris-50-trump-,Emerson College Polling,Emerson,emerson_1cDRhqie_NH_President_crosst,2024,President,NH,,2024-07-28,100,1000,RV,52.3,47.7,-4.54,,,Age,70 or more years,70 or more years,57.96,42.04,,,,,emerson_sheets,2024-07-26
2024-President-NH|Emerson new-hampshire-2024-poll-harris-50-trump-,Emerson College Polling,Emerson,emerson_1cDRhqie_NH_President_crosst,2024,President,NH,,2024-07-28,100,1000,RV,52.3,47.7,-4.54,,,Education,HSorLess,HSorLess,43.75,56.25,,,,,emerson_sheets,2024-07-26
2024-President-NH|Emerson new-hampshire-2024-poll-harris-50-trump-,Emerson College Polling,Emerson,emerson_1cDRhqie_NH_President_crosst,2024,President,NH,,2024-07-28,100,1000,RV,52.3,47.7,-4.54,,,Education,SomeCollege,SomeCollege,43.35,56.65,,,,,emerson_sheets,2024-07-26
2024-President-NH|Emerson new-hampshire-2024-poll-harris-50-trump-,Emerson College Polling,Emerson,emerson_1cDRhqie_NH_President_crosst,2024,President,NH,,2024-07-28,100,1000,RV,52.3,47.7,-4.54,,,Education,BA,BA,64.17,35.83,,,,,emerson_sheets,2024-07-26
2024-President-NH|Emerson new-hampshire-2024-poll-harris-50-trump-,Emerson College Polling,Emerson,emerson_1cDRhqie_NH_President_crosst,2024,President,NH,,2024-07-28,100,1000,RV,52.3,47.7,-4.54,,,Gender,Male,Male,46.28,53.72,,,,,emerson_sheets,2024-07-26
2024-President-NH|Emerson new-hampshire-2024-poll-harris-50-trump-,Emerson College Polling,Emerson,emerson_1cDRhqie_NH_President_crosst,2024,President,NH,,2024-07-28,100,1000,RV,52.3,47.7,-4.54,,,Gender,Female,Female,57.99,42.01,,,,,emerson_sheets,2024-07-26
2024-President-NH|Emerson new-hampshire-2024-poll-harris-50-trump-,Emerson College Polling,Emerson,emerson_1cDRhqie_NH_President_crosst,2024,President,NH,,2024-07-28,100,1000,RV,52.3,47.7,-4.54,,,Gender,Nonbinary,Nonbinary,57.43,42.57,,,,,emerson_sheets,2024-07-26
2024-President-NH|Emerson new-hampshire-2024-poll-harris-50-trump-,Emerson College Polling,Emerson,emerson_1cDRhqie_NH_President_crosst,2024,President,NH,,2024-07-28,100,1000,RV,52.4,47.6,-4.72,,,Race,Hispanic,Hispanic,44.24,55.76,,,,,emerson_sheets,2024-07-26
2024-President-NH|Emerson new-hampshire-2024-poll-harris-50-trump-,Emerson College Polling,Emerson,emerson_1cDRhqie_NH_President_crosst,2024,President,NH,,2024-07-28,100,1000,RV,52.4,47.6,-4.72,,,Race,White,White,52.57,47.43,,,,,emerson_sheets,2024-07-26
2024-President-NH|Emerson new-hampshire-2024-poll-harris-50-trump-,Emerson College Polling,Emerson,emerson_1cDRhqie_NH_President_crosst,2024,President,NH,,2024-07-28,100,1000,RV,52.4,47.6,-4.72,,,Race,Black,Black,79.69,20.31,,,,,emerson_sheets,2024-07-26
2024-President-NH|Emerson new-hampshire-2024-poll-harris-50-trump-,Emerson College Polling,Emerson,emerson_1cDRhqie_NH_President_crosst,2024,President,NH,,2024-07-28,100,1000,RV,52.4,47.6,-4.72,,,Race,Asian,Asian,68.86,31.14,,,,,emerson_sheets,2024-07-26
2024-President-NH|Emerson new-hampshire-2024-poll-harris-50-trump-,Emerson College Polling,Emerson,emerson_1cDRhqie_NH_President_crosst,2024,President,NH,,2024-07-28,100,1000,RV,52.4,47.6,-4.72,,,Race,Other,Other,33.14,66.86,,,,,emerson_sheets,2024-07-26
2024-President-NH|Emerson new-hampshire-2024-poll-harris-50-trump-,Emerson College Polling,Emerson,emerson_1cDRhqie_NH_President_crosst,2024,President,NH,,2024-07-28,100,1000,RV,52.4,47.6,-4.72,,,Age,18-29 years,18-29 years,58.93,41.07,,,,,emerson_sheets,2024-07-26
2024-President-NH|Emerson new-hampshire-2024-poll-harris-50-trump-,Emerson College Polling,Emerson,emerson_1cDRhqie_NH_President_crosst,2024,President,NH,,2024-07-28,100,1000,RV,52.4,47.6,-4.72,,,Age,30-39 years,30-39 years,51.1,48.9,,,,,emerson_sheets,2024-07-26
2024-President-NH|Emerson new-hampshire-2024-poll-harris-50-trump-,Emerson College Polling,Emerson,emerson_1cDRhqie_NH_President_crosst,2024,President,NH,,2024-07-28,100,1000,RV,52.4,47.6,-4.72,,,Age,40-49 years,40-49,46.95,53.05,,,,,emerson_sheets,2024-07-26
2024-President-NH|Emerson new-hampshire-2024-poll-harris-50-trump-,Emerson College Polling,Emerson,emerson_1cDRhqie_NH_President_crosst,2024,President,NH,,2024-07-28,100,1000,RV,52.4,47.6,-4.72,,,Age,50-59 years,50-59,47.24,52.76,,,,,emerson_sheets,2024-07-26
2024-President-NH|Emerson new-hampshire-2024-poll-harris-50-trump-,Emerson College Polling,Emerson,emerson_1cDRhqie_NH_President_crosst,2024,President,NH,,2024-07-28,100,1000,RV,52.4,47.6,-4.72,,,Age,60-69 years,60-69,53.56,46.44,,,,,emerson_sheets,2024-07-26
2024-President-NH|Emerson new-hampshire-2024-poll-harris-50-trump-,Emerson College Polling,Emerson,emerson_1cDRhqie_NH_President_crosst,2024,President,NH,,2024-07-28,100,1000,RV,52.4,47.6,-4.72,,,Age,70 or more years,70 or more years,57.8,42.2,,,,,emerson_sheets,2024-07-26
2024-President-NH|Emerson new-hampshire-2024-poll-harris-50-trump-,Emerson College Polling,Emerson,emerson_1cDRhqie_NH_President_crosst,2024,President,NH,,2024-07-28,100,1000,RV,52.4,47.6,-4.72,,,Education,HSorLess,HSorLess,44.23,55.77,,,,,emerson_sheets,2024-07-26
2024-President-NH|Emerson new-hampshire-2024-poll-harris-50-trump-,Emerson College Polling,Emerson,emerson_1cDRhqie_NH_President_crosst,2024,President,NH,,2024-07-28,100,1000,RV,52.4,47.6,-4.72,,,Education,SomeCollege,SomeCollege,43.99,56.01,,,,,emerson_sheets,2024-07-26
2024-President-NH|Emerson new-hampshire-2024-poll-harris-50-trump-,Emerson College Polling,Emerson,emerson_1cDRhqie_NH_President_crosst,2024,President,NH,,2024-07-28,100,1000,RV,52.4,47.6,-4.72,,,Education,BA,BA,63.57,36.43,,,,,emerson_sheets,2024-07-26
2024-President-NH|Emerson new-hampshire-2024-poll-harris-50-trump-,Emerson College Polling,Emerson,emerson_1cDRhqie_NH_President_crosst,2024,President,NH,,2024-07-28,100,1000,RV,52.4,47.6,-4.72,,,Gender,Male,Male,46.56,53.44,,,,,emerson_sheets,2024-07-26
2024-President-NH|Emerson new-hampshire-2024-poll-harris-50-trump-,Emerson College Polling,Emerson,emerson_1cDRhqie_NH_President_crosst,2024,President,NH,,2024-07-28,100,1000,RV,52.4,47.6,-4.72,,,Gender,Female,Female,57.63,42.37,,,,,emerson_sheets,2024-07-26
2024-President-NH|Emerson new-hampshire-2024-poll-harris-50-trump-,Emerson College Polling,Emerson,emerson_1cDRhqie_NH_President_crosst,2024,President,NH,,2024-07-28,100,1000,RV,52.4,47.6,-4.72,,,Gender,Nonbinary,Nonbinary,57.43,42.57,,,,,emerson_sheets,2024-07-26
2024-President-NH|Emerson new-hampshire-2024-poll-harris-50-trump-,Emerson College Polling,Emerson,emerson_1cDRhqie_NH_President_crosst,2024,President,NH,,2024-07-28,100,1000,RV,53.5,46.5,-6.97,,,Race,Hispanic,Hispanic,48.22,51.78,,,,,emerson_sheets,2024-07-26
2024-President-NH|Emerson new-hampshire-2024-poll-harris-50-trump-,Emerson College Polling,Emerson,emerson_1cDRhqie_NH_President_crosst,2024,President,NH,,2024-07-28,100,1000,RV,53.5,46.5,-6.97,,,Race,White,White,53.6,46.4,,,,,emerson_sheets,2024-07-26
2024-President-NH|Emerson new-hampshire-2024-poll-harris-50-trump-,Emerson College Polling,Emerson,emerson_1cDRhqie_NH_President_crosst,2024,President,NH,,2024-07-28,100,1000,RV,53.5,46.5,-6.97,,,Race,Black,Black,79.14,20.86,,,,,emerson_sheets,2024-07-26
2024-President-NH|Emerson new-hampshire-2024-poll-harris-50-trump-,Emerson College Polling,Emerson,emerson_1cDRhqie_NH_President_crosst,2024,President,NH,,2024-07-28,100,1000,RV,53.5,46.5,-6.97,,,Race,Asian,Asian,73.34,26.66,,,,,emerson_sheets,2024-07-26
2024-President-NH|Emerson new-hampshire-2024-poll-harris-50-trump-,Emerson College Polling,Emerson,emerson_1cDRhqie_NH_President_crosst,2024,President,NH,,2024-07-28,100,1000,RV,53.5,46.5,-6.97,,,Race,Other,Other,30.65,69.35,,,,,emerson_sheets,2024-07-26
2024-President-NH|Emerson new-hampshire-2024-poll-harris-50-trump-,Emerson College Polling,Emerson,emerson_1cDRhqie_NH_President_crosst,2024,President,NH,,2024-07-28,100,1000,RV,53.5,46.5,-6.97,,,Age,18-29 years,18-29 years,60.58,39.42,,,,,emerson_sheets,2024-07-26
2024-President-NH|Emerson new-hampshire-2024-poll-harris-50-trump-,Emerson College Polling,Emerson,emerson_1cDRhqie_NH_President_crosst,2024,President,NH,,2024-07-28,100,1000,RV,53.5,46.5,-6.97,,,Age,30-39 years,30-39 years,53.5,46.5,,,,,emerson_sheets,2024-07-26
2024-President-NH|Emerson new-hampshire-2024-poll-harris-50-trump-,Emerson College Polling,Emerson,emerson_1cDRhqie_NH_President_crosst,2024,President,NH,,2024-07-28,100,1000,RV,53.5,46.5,-6.97,,,Age,40-49 years,40-49,49.46,50.54,,,,,emerson_sheets,2024-07-26
2024-President-NH|Emerson new-hampshire-2024-poll-harris-50-trump-,Emerson College Polling,Emerson,emerson_1cDRhqie_NH_President_crosst,2024,President,NH,,2024-07-28,100,1000,RV,53.5,46.5,-6.97,,,Age,50-59 years,50-59,46.88,53.12,,,,,emerson_sheets,2024-07-26
2024-President-NH|Emerson new-hampshire-2024-poll-harris-50-trump-,Emerson College Polling,Emerson,emerson_1cDRhqie_NH_President_crosst,2024,President,NH,,2024-07-28,100,1000,RV,53.5,46.5,-6.97,,,Age,60-69 years,60-69,54.67,45.33,,,,,emerson_sheets,2024-07-26
2024-President-NH|Emerson new-hampshire-2024-poll-harris-50-trump-,Emerson College Polling,Emerson,emerson_1cDRhqie_NH_President_crosst,2024,President,NH,,2024-07-28,100,1000,RV,53.5,46.5,-6.97,,,Age,70 or more years,70 or more years,58.57,41.43,,,,,emerson_sheets,2024-07-26
2024-President-NH|Emerson new-hampshire-2024-poll-harris-50-trump-,Emerson College Polling,Emerson,emerson_1cDRhqie_NH_President_crosst,2024,President,NH,,2024-07-28,100,1000,RV,53.5,46.5,-6.97,,,Education,HSorLess,HSorLess,46.45,53.55,,,,,emerson_sheets,2024-07-26
2024-President-NH|Emerson new-hampshire-2024-poll-harris-50-trump-,Emerson College Polling,Emerson,emerson_1cDRhqie_NH_President_crosst,2024,President,NH,,2024-07-28,100,1000,RV,53.5,46.5,-6.97,,,Education,SomeCollege,SomeCollege,43.87,56.13,,,,,emerson_sheets,2024-07-26
2024-President-NH|Emerson new-hampshire-2024-poll-harris-50-trump-,Emerson College Polling,Emerson,emerson_1cDRhqie_NH_President_crosst,2024,President,NH,,2024-07-28,100,1000,RV,53.5,46.5,-6.97,,,Education,BA,BA,65.04,34.96,,,,,emerson_sheets,2024-07-26
2024-President-NH|Emerson new-hampshire-2024-poll-harris-50-trump-,Emerson College Polling,Emerson,emerson_1cDRhqie_NH_President_crosst,2024,President,NH,,2024-07-28,100,1000,RV,53.5,46.5,-6.97,,,Gender,Male,Male,46.58,53.42,,,,,emerson_sheets,2024-07-26
2024-President-NH|Emerson new-hampshire-2024-poll-harris-50-trump-,Emerson College Polling,Emerson,emerson_1cDRhqie_NH_President_crosst,2024,President,NH,,2024-07-28,100,1000,RV,53.5,46.5,-6.97,,,Gender,Female,Female,60.03,39.97,,,,,emerson_sheets,2024-07-26
2024-President-NH|Emerson new-hampshire-2024-poll-harris-50-trump-,Emerson College Polling,Emerson,emerson_1cDRhqie_NH_President_crosst,2024,President,NH,,2024-07-28,100,1000,RV,53.5,46.5,-6.97,,,Gender,Nonbinary,Nonbinary,61.61,38.39,,,,,emerson_sheets,2024-07-26
2024-President-NH|Emerson october-2024-new-hampshire-poll-harris-5,Emerson College Polling,Emerson,emerson_1oROXvVw_NH_President_crosst,2024,President,NH,,2024-10-23,13,915,LV,51.9,48.1,-3.71,,,Race,Hispanic,Hispanic,47.35,52.65,,,,,emerson_sheets,2024-10-21
2024-President-NH|Emerson october-2024-new-hampshire-poll-harris-5,Emerson College Polling,Emerson,emerson_1oROXvVw_NH_President_crosst,2024,President,NH,,2024-10-23,13,915,LV,51.9,48.1,-3.71,,,Race,White,White,51.79,48.21,,,,,emerson_sheets,2024-10-21
2024-President-NH|Emerson october-2024-new-hampshire-poll-harris-5,Emerson College Polling,Emerson,emerson_1oROXvVw_NH_President_crosst,2024,President,NH,,2024-10-23,13,915,LV,51.9,48.1,-3.71,,,Race,Black,Black,73.48,26.52,,,,,emerson_sheets,2024-10-21
2024-President-NH|Emerson october-2024-new-hampshire-poll-harris-5,Emerson College Polling,Emerson,emerson_1oROXvVw_NH_President_crosst,2024,President,NH,,2024-10-23,13,915,LV,51.9,48.1,-3.71,,,Race,Asian,Asian,41.89,58.11,,,,,emerson_sheets,2024-10-21
2024-President-NH|Emerson october-2024-new-hampshire-poll-harris-5,Emerson College Polling,Emerson,emerson_1oROXvVw_NH_President_crosst,2024,President,NH,,2024-10-23,13,915,LV,51.9,48.1,-3.71,,,Race,Other,Other,42.36,57.64,,,,,emerson_sheets,2024-10-21
2024-President-NH|Emerson october-2024-new-hampshire-poll-harris-5,Emerson College Polling,Emerson,emerson_1oROXvVw_NH_President_crosst,2024,President,NH,,2024-10-23,13,915,LV,51.9,48.1,-3.71,,,Race,White,White,51.79,48.21,,,,,emerson_sheets,2024-10-21
2024-President-NH|Emerson october-2024-new-hampshire-poll-harris-5,Emerson College Polling,Emerson,emerson_1oROXvVw_NH_President_crosst,2024,President,NH,,2024-10-23,13,915,LV,51.9,48.1,-3.71,,,Race,Nonwhite,Nonwhite,52.66,47.34,,,,,emerson_sheets,2024-10-21
2024-President-NH|Emerson october-2024-new-hampshire-poll-harris-5,Emerson College Polling,Emerson,emerson_1oROXvVw_NH_President_crosst,2024,President,NH,,2024-10-23,13,915,LV,51.9,48.1,-3.71,,,Age,18-39 years,18-39,55.33,44.67,,,,,emerson_sheets,2024-10-21
2024-President-NH|Emerson october-2024-new-hampshire-poll-harris-5,Emerson College Polling,Emerson,emerson_1oROXvVw_NH_President_crosst,2024,President,NH,,2024-10-23,13,915,LV,51.9,48.1,-3.71,,,Age,40-49 years,40-49,45.85,54.15,,,,,emerson_sheets,2024-10-21
2024-President-NH|Emerson october-2024-new-hampshire-poll-harris-5,Emerson College Polling,Emerson,emerson_1oROXvVw_NH_President_crosst,2024,President,NH,,2024-10-23,13,915,LV,51.9,48.1,-3.71,,,Age,50-59 years,50-59,48.51,51.49,,,,,emerson_sheets,2024-10-21
2024-President-NH|Emerson october-2024-new-hampshire-poll-harris-5,Emerson College Polling,Emerson,emerson_1oROXvVw_NH_President_crosst,2024,President,NH,,2024-10-23,13,915,LV,51.9,48.1,-3.71,,,Age,60-69 years,60-69,51.96,48.04,,,,,emerson_sheets,2024-10-21
2024-President-NH|Emerson october-2024-new-hampshire-poll-harris-5,Emerson College Polling,Emerson,emerson_1oROXvVw_NH_President_crosst,2024,President,NH,,2024-10-23,13,915,LV,51.9,48.1,-3.71,,,Age,70 or more years,70 or more years,55.79,44.21,,,,,emerson_sheets,2024-10-21
2024-President-NH|Emerson october-2024-new-hampshire-poll-harris-5,Emerson College Polling,Emerson,emerson_1oROXvVw_NH_President_crosst,2024,President,NH,,2024-10-23,13,915,LV,51.9,48.1,-3.71,,,Education,HSorLess,HSorLess,43.63,56.37,,,,,emerson_sheets,2024-10-21
2024-President-NH|Emerson october-2024-new-hampshire-poll-harris-5,Emerson College Polling,Emerson,emerson_1oROXvVw_NH_President_crosst,2024,President,NH,,2024-10-23,13,915,LV,51.9,48.1,-3.71,,,Education,SomeCollege,SomeCollege,42.67,57.33,,,,,emerson_sheets,2024-10-21
2024-President-NH|Emerson october-2024-new-hampshire-poll-harris-5,Emerson College Polling,Emerson,emerson_1oROXvVw_NH_President_crosst,2024,President,NH,,2024-10-23,13,915,LV,51.9,48.1,-3.71,,,Education,BA,BA,63.87,36.13,,,,,emerson_sheets,2024-10-21
2024-President-NH|Emerson october-2024-new-hampshire-poll-harris-5,Emerson College Polling,Emerson,emerson_1oROXvVw_NH_President_crosst,2024,President,NH,,2024-10-23,13,915,LV,51.9,48.1,-3.71,,,Gender,Male,Male,43.7,56.3,,,,,emerson_sheets,2024-10-21
2024-President-NH|Emerson october-2024-new-hampshire-poll-harris-5,Emerson College Polling,Emerson,emerson_1oROXvVw_NH_President_crosst,2024,President,NH,,2024-10-23,13,915,LV,51.9,48.1,-3.71,,,Gender,Female,Female,58.75,41.25,,,,,emerson_sheets,2024-10-21
2024-President-NH|Emerson october-2024-new-hampshire-poll-harris-5,Emerson College Polling,Emerson,emerson_1oROXvVw_NH_President_crosst,2024,President,NH,,2024-10-23,13,915,LV,51.9,48.1,-3.71,,,Gender,Nonbinary,Nonbinary,100.0,0.0,,,,,emerson_sheets,2024-10-21
2024-President-NH|Emerson october-2024-new-hampshire-poll-harris-5,Emerson College Polling,Emerson,emerson_1oROXvVw_NH_President_crosst,2024,President,NH,,2024-10-23,13,915,LV,51.9,48.1,-3.71,,,Race,Hispanic,Hispanic,47.35,52.65,,,,,emerson_sheets,2024-10-21
2024-President-NH|Emerson october-2024-new-hampshire-poll-harris-5,Emerson College Polling,Emerson,emerson_1oROXvVw_NH_President_crosst,2024,President,NH,,2024-10-23,13,915,LV,51.9,48.1,-3.71,,,Race,White,White,51.74,48.26,,,,,emerson_sheets,2024-10-21
2024-President-NH|Emerson october-2024-new-hampshire-poll-harris-5,Emerson College Polling,Emerson,emerson_1oROXvVw_NH_President_crosst,2024,President,NH,,2024-10-23,13,915,LV,51.9,48.1,-3.71,,,Race,Black,Black,73.09,26.91,,,,,emerson_sheets,2024-10-21
2024-President-NH|Emerson october-2024-new-hampshire-poll-harris-5,Emerson College Polling,Emerson,emerson_1oROXvVw_NH_President_crosst,2024,President,NH,,2024-10-23,13,915,LV,51.9,48.1,-3.71,,,Race,Asian,Asian,41.89,58.11,,,,,emerson_sheets,2024-10-21
2024-President-NH|Emerson october-2024-new-hampshire-poll-harris-5,Emerson College Polling,Emerson,emerson_1oROXvVw_NH_President_crosst,2024,President,NH,,2024-10-23,13,915,LV,51.9,48.1,-3.71,,,Race,Other,Other,42.36,57.64,,,,,emerson_sheets,2024-10-21
2024-President-NH|Emerson october-2024-new-hampshire-poll-harris-5,Emerson College Polling,Emerson,emerson_1oROXvVw_NH_President_crosst,2024,President,NH,,2024-10-23,13,915,LV,51.9,48.1,-3.71,,,Race,White,White,51.74,48.26,,,,,emerson_sheets,2024-10-21
2024-President-NH|Emerson october-2024-new-hampshire-poll-harris-5,Emerson College Polling,Emerson,emerson_1oROXvVw_NH_President_crosst,2024,President,NH,,2024-10-23,13,915,LV,51.9,48.1,-3.71,,,Race,Nonwhite,Nonwhite,53.15,46.85,,,,,emerson_sheets,2024-10-21
2024-President-NH|Emerson october-2024-new-hampshire-poll-harris-5,Emerson College Polling,Emerson,emerson_1oROXvVw_NH_President_crosst,2024,President,NH,,2024-10-23,13,915,LV,51.9,48.1,-3.71,,,Age,18-39 years,18-39,55.84,44.16,,,,,emerson_sheets,2024-10-21
2024-President-NH|Emerson october-2024-new-hampshire-poll-harris-5,Emerson College Polling,Emerson,emerson_1oROXvVw_NH_President_crosst,2024,President,NH,,2024-10-23,13,915,LV,51.9,48.1,-3.71,,,Age,40-49 years,40-49,46.09,53.91,,,,,emerson_sheets,2024-10-21
2024-President-NH|Emerson october-2024-new-hampshire-poll-harris-5,Emerson College Polling,Emerson,emerson_1oROXvVw_NH_President_crosst,2024,President,NH,,2024-10-23,13,915,LV,51.9,48.1,-3.71,,,Age,50-59 years,50-59,48.58,51.42,,,,,emerson_sheets,2024-10-21
2024-President-NH|Emerson october-2024-new-hampshire-poll-harris-5,Emerson College Polling,Emerson,emerson_1oROXvVw_NH_President_crosst,2024,President,NH,,2024-10-23,13,915,LV,51.9,48.1,-3.71,,,Age,60-69 years,60-69,50.95,49.05,,,,,emerson_sheets,2024-10-21
2024-President-NH|Emerson october-2024-new-hampshire-poll-harris-5,Emerson College Polling,Emerson,emerson_1oROXvVw_NH_President_crosst,2024,President,NH,,2024-10-23,13,915,LV,51.9,48.1,-3.71,,,Age,70 or more years,70 or more years,55.79,44.21,,,,,emerson_sheets,2024-10-21
2024-President-NH|Emerson october-2024-new-hampshire-poll-harris-5,Emerson College Polling,Emerson,emerson_1oROXvVw_NH_President_crosst,2024,President,NH,,2024-10-23,13,915,LV,51.9,48.1,-3.71,,,Education,HSorLess,HSorLess,43.63,56.37,,,,,emerson_sheets,2024-10-21
2024-President-NH|Emerson october-2024-new-hampshire-poll-harris-5,Emerson College Polling,Emerson,emerson_1oROXvVw_NH_President_crosst,2024,President,NH,,2024-10-23,13,915,LV,51.9,48.1,-3.71,,,Education,SomeCollege,SomeCollege,42.3,57.7,,,,,emerson_sheets,2024-10-21
2024-President-NH|Emerson october-2024-new-hampshire-poll-harris-5,Emerson College Polling,Emerson,emerson_1oROXvVw_NH_President_crosst,2024,President,NH,,2024-10-23,13,915,LV,51.9,48.1,-3.71,,,Education,BA,BA,64.03,35.97,,,,,emerson_sheets,2024-10-21
2024-President-NH|Emerson october-2024-new-hampshire-poll-harris-5,Emerson College Polling,Emerson,emerson_1oROXvVw_NH_President_crosst,2024,President,NH,,2024-10-23,13,915,LV,51.9,48.1,-3.71,,,Gender,Male,Male,43.98,56.02,,,,,emerson_sheets,2024-10-21
2024-President-NH|Emerson october-2024-new-hampshire-poll-harris-5,Emerson College Polling,Emerson,emerson_1oROXvVw_NH_President_crosst,2024,President,NH,,2024-10-23,13,915,LV,51.9,48.1,-3.71,,,Gender,Female,Female,58.53,41.47,,,,,emerson_sheets,2024-10-21
2024-President-NH|Emerson october-2024-new-hampshire-poll-harris-5,Emerson College Polling,Emerson,emerson_1oROXvVw_NH_President_crosst,2024,President,NH,,2024-10-23,13,915,LV,51.9,48.1,-3.71,,,Gender,Nonbinary,Nonbinary,100.0,0.0,,,,,emerson_sheets,2024-10-21
2024-Governor-NH|Emerson october-2024-new-hampshire-poll-harris-5,Emerson College Polling,Emerson,emerson_1oROXvVw_NH_Governor_crosst,2024,Governor,NH,,2024-10-23,13,915,LV,48.5,51.5,2.98,,,Race,Hispanic,Hispanic,25.88,74.12,,,,,emerson_sheets,2024-10-21
2024-Governor-NH|Emerson october-2024-new-hampshire-poll-harris-5,Emerson College Polling,Emerson,emerson_1oROXvVw_NH_Governor_crosst,2024,Governor,NH,,2024-10-23,13,915,LV,48.5,51.5,2.98,,,Race,White,White,49.09,50.91,,,,,emerson_sheets,2024-10-21
2024-Governor-NH|Emerson october-2024-new-hampshire-poll-harris-5,Emerson College Polling,Emerson,emerson_1oROXvVw_NH_Governor_crosst,2024,Governor,NH,,2024-10-23,13,915,LV,48.5,51.5,2.98,,,Race,Black,Black,62.64,37.36,,,,,emerson_sheets,2024-10-21
2024-Governor-NH|Emerson october-2024-new-hampshire-poll-harris-5,Emerson College Polling,Emerson,emerson_1oROXvVw_NH_Governor_crosst,2024,Governor,NH,,2024-10-23,13,915,LV,48.5,51.5,2.98,,,Race,Asian,Asian,46.36,53.64,,,,,emerson_sheets,2024-10-21
2024-Governor-NH|Emerson october-2024-new-hampshire-poll-harris-5,Emerson College Polling,Emerson,emerson_1oROXvVw_NH_Governor_crosst,2024,Governor,NH,,2024-10-23,13,915,LV,48.5,51.5,2.98,,,Race,Other,Other,38.84,61.16,,,,,emerson_sheets,2024-10-21
2024-Governor-NH|Emerson october-2024-new-hampshire-poll-harris-5,Emerson College Polling,Emerson,emerson_1oROXvVw_NH_Governor_crosst,2024,Governor,NH,,2024-10-23,13,915,LV,48.5,51.5,2.98,,,Race,White,White,49.09,50.91,,,,,emerson_sheets,2024-10-21
2024-Governor-NH|Emerson october-2024-new-hampshire-poll-harris-5,Emerson College Polling,Emerson,emerson_1oROXvVw_NH_Governor_crosst,2024,Governor,NH,,2024-10-23,13,915,LV,48.5,51.5,2.98,,,Race,Nonwhite,Nonwhite,41.42,58.58,,,,,emerson_sheets,2024-10-21
2024-Governor-NH|Emerson october-2024-new-hampshire-poll-harris-5,Emerson College Polling,Emerson,emerson_1oROXvVw_NH_Governor_crosst,2024,Governor,NH,,2024-10-23,13,915,LV,48.5,51.5,2.98,,,Age,18-39 years,18-39,53.06,46.94,,,,,emerson_sheets,2024-10-21
2024-Governor-NH|Emerson october-2024-new-hampshire-poll-harris-5,Emerson College Polling,Emerson,emerson_1oROXvVw_NH_Governor_crosst,2024,Governor,NH,,2024-10-23,13,915,LV,48.5,51.5,2.98,,,Age,40-49 years,40-49,42.9,57.1,,,,,emerson_sheets,2024-10-21
2024-Governor-NH|Emerson october-2024-new-hampshire-poll-harris-5,Emerson College Polling,Emerson,emerson_1oROXvVw_NH_Governor_crosst,2024,Governor,NH,,2024-10-23,13,915,LV,48.5,51.5,2.98,,,Age,50-59 years,50-59,44.83,55.17,,,,,emerson_sheets,2024-10-21
2024-Governor-NH|Emerson october-2024-new-hampshire-poll-harris-5,Emerson College Polling,Emerson,emerson_1oROXvVw_NH_Governor_crosst,2024,Governor,NH,,2024-10-23,13,915,LV,48.5,51.5,2.98,,,Age,60-69 years,60-69,46.35,53.65,,,,,emerson_sheets,2024-10-21
2024-Governor-NH|Emerson october-2024-new-hampshire-poll-harris-5,Emerson College Polling,Emerson,emerson_1oROXvVw_NH_Governor_crosst,2024,Governor,NH,,2024-10-23,13,915,LV,48.5,51.5,2.98,,,Age,70 or more years,70 or more years,53.37,46.63,,,,,emerson_sheets,2024-10-21
2024-Governor-NH|Emerson october-2024-new-hampshire-poll-harris-5,Emerson College Polling,Emerson,emerson_1oROXvVw_NH_Governor_crosst,2024,Governor,NH,,2024-10-23,13,915,LV,48.5,51.5,2.98,,,Education,HSorLess,HSorLess,42.39,57.61,,,,,emerson_sheets,2024-10-21
2024-Governor-NH|Emerson october-2024-new-hampshire-poll-harris-5,Emerson College Polling,Emerson,emerson_1oROXvVw_NH_Governor_crosst,2024,Governor,NH,,2024-10-23,13,915,LV,48.5,51.5,2.98,,,Education,SomeCollege,SomeCollege,38.11,61.89,,,,,emerson_sheets,2024-10-21
2024-Governor-NH|Emerson october-2024-new-hampshire-poll-harris-5,Emerson College Polling,Emerson,emerson_1oROXvVw_NH_Governor_crosst,2024,Governor,NH,,2024-10-23,13,915,LV,48.5,51.5,2.98,,,Education,BA,BA,59.45,40.55,,,,,emerson_sheets,2024-10-21
2024-Governor-NH|Emerson october-2024-new-hampshire-poll-harris-5,Emerson College Polling,Emerson,emerson_1oROXvVw_NH_Governor_crosst,2024,Governor,NH,,2024-10-23,13,915,LV,48.5,51.5,2.98,,,Gender,Male,Male,41.17,58.83,,,,,emerson_sheets,2024-10-21
2024-Governor-NH|Emerson october-2024-new-hampshire-poll-harris-5,Emerson College Polling,Emerson,emerson_1oROXvVw_NH_Governor_crosst,2024,Governor,NH,,2024-10-23,13,915,LV,48.5,51.5,2.98,,,Gender,Female,Female,54.79,45.21,,,,,emerson_sheets,2024-10-21
2024-Governor-NH|Emerson october-2024-new-hampshire-poll-harris-5,Emerson College Polling,Emerson,emerson_1oROXvVw_NH_Governor_crosst,2024,Governor,NH,,2024-10-23,13,915,LV,48.5,51.5,2.98,,,Gender,Nonbinary,Nonbinary,100.0,0.0,,,,,emerson_sheets,2024-10-21
2024-Governor-NH|Emerson october-2024-new-hampshire-poll-harris-5,Emerson College Polling,Emerson,emerson_1oROXvVw_NH_Governor_crosst,2024,Governor,NH,,2024-10-23,13,915,LV,47.9,52.1,4.11,,,Race,Hispanic,Hispanic,25.88,74.12,,,,,emerson_sheets,2024-10-21
2024-Governor-NH|Emerson october-2024-new-hampshire-poll-harris-5,Emerson College Polling,Emerson,emerson_1oROXvVw_NH_Governor_crosst,2024,Governor,NH,,2024-10-23,13,915,LV,47.9,52.1,4.11,,,Race,White,White,48.44,51.56,,,,,emerson_sheets,2024-10-21
2024-Governor-NH|Emerson october-2024-new-hampshire-poll-harris-5,Emerson College Polling,Emerson,emerson_1oROXvVw_NH_Governor_crosst,2024,Governor,NH,,2024-10-23,13,915,LV,47.9,52.1,4.11,,,Race,Black,Black,62.64,37.36,,,,,emerson_sheets,2024-10-21
2024-Governor-NH|Emerson october-2024-new-hampshire-poll-harris-5,Emerson College Polling,Emerson,emerson_1oROXvVw_NH_Governor_crosst,2024,Governor,NH,,2024-10-23,13,915,LV,47.9,52.1,4.11,,,Race,Asian,Asian,41.89,58.11,,,,,emerson_sheets,2024-10-21
2024-Governor-NH|Emerson october-2024-new-hampshire-poll-harris-5,Emerson College Polling,Emerson,emerson_1oROXvVw_NH_Governor_crosst,2024,Governor,NH,,2024-10-23,13,915,LV,47.9,52.1,4.11,,,Race,Other,Other,42.36,57.64,,,,,emerson_sheets,2024-10-21
2024-Governor-NH|Emerson october-2024-new-hampshire-poll-harris-5,Emerson College Polling,Emerson,emerson_1oROXvVw_NH_Governor_crosst,2024,Governor,NH,,2024-10-23,13,915,LV,47.9,52.1,4.11,,,Race,White,White,48.44,51.56,,,,,emerson_sheets,2024-10-21
2024-Governor-NH|Emerson october-2024-new-hampshire-poll-harris-5,Emerson College Polling,Emerson,emerson_1oROXvVw_NH_Governor_crosst,2024,Governor,NH,,2024-10-23,13,915,LV,47.9,52.1,4.11,,,Race,Nonwhite,Nonwhite,41.82,58.18,,,,,emerson_sheets,2024-10-21
2024-Governor-NH|Emerson october-2024-new-hampshire-poll-harris-5,Emerson College Polling,Emerson,emerson_1oROXvVw_NH_Governor_crosst,2024,Governor,NH,,2024-10-23,13,915,LV,47.9,52.1,4.11,,,Age,18-39 years,18-39,51.29,48.71,,,,,emerson_sheets,2024-10-21
2024-Governor-NH|Emerson october-2024-new-hampshire-poll-harris-5,Emerson College Polling,Emerson,emerson_1oROXvVw_NH_Governor_crosst,2024,Governor,NH,,2024-10-23,13,915,LV,47.9,52.1,4.11,,,Age,40-49 years,40-49,44.46,55.54,,,,,emerson_sheets,2024-10-21
2024-Governor-NH|Emerson october-2024-new-hampshire-poll-harris-5,Emerson College Polling,Emerson,emerson_1oROXvVw_NH_Governor_crosst,2024,Governor,NH,,2024-10-23,13,915,LV,47.9,52.1,4.11,,,Age,50-59 years,50-59,43.47,56.53,,,,,emerson_sheets,2024-10-21
2024-Governor-NH|Emerson october-2024-new-hampshire-poll-harris-5,Emerson College Polling,Emerson,emerson_1oROXvVw_NH_Governor_crosst,2024,Governor,NH,,2024-10-23,13,915,LV,47.9,52.1,4.11,,,Age,60-69 years,60-69,46.56,53.44,,,,,emerson_sheets,2024-10-21
2024-Governor-NH|Emerson october-2024-new-hampshire-poll-harris-5,Emerson College Polling,Emerson,emerson_1oROXvVw_NH_Governor_crosst,2024,Governor,NH,,2024-10-23,13,915,LV,47.9,52.1,4.11,,,Age,70 or more years,70 or more years,52.93,47.07,,,,,emerson_sheets,2024-10-21
2024-Governor-NH|Emerson october-2024-new-hampshire-poll-harris-5,Emerson College Polling,Emerson,emerson_1oROXvVw_NH_Governor_crosst,2024,Governor,NH,,2024-10-23,13,915,LV,47.9,52.1,4.11,,,Education,HSorLess,HSorLess,39.0,61.0,,,,,emerson_sheets,2024-10-21
2024-Governor-NH|Emerson october-2024-new-hampshire-poll-harris-5,Emerson College Polling,Emerson,emerson_1oROXvVw_NH_Governor_crosst,2024,Governor,NH,,2024-10-23,13,915,LV,47.9,52.1,4.11,,,Education,SomeCollege,SomeCollege,39.6,60.4,,,,,emerson_sheets,2024-10-21
2024-Governor-NH|Emerson october-2024-new-hampshire-poll-harris-5,Emerson College Polling,Emerson,emerson_1oROXvVw_NH_Governor_crosst,2024,Governor,NH,,2024-10-23,13,915,LV,47.9,52.1,4.11,,,Education,BA,BA,58.98,41.02,,,,,emerson_sheets,2024-10-21
2024-Governor-NH|Emerson october-2024-new-hampshire-poll-harris-5,Emerson College Polling,Emerson,emerson_1oROXvVw_NH_Governor_crosst,2024,Governor,NH,,2024-10-23,13,915,LV,47.9,52.1,4.11,,,Gender,Male,Male,40.98,59.02,,,,,emerson_sheets,2024-10-21
2024-Governor-NH|Emerson october-2024-new-hampshire-poll-harris-5,Emerson College Polling,Emerson,emerson_1oROXvVw_NH_Governor_crosst,2024,Governor,NH,,2024-10-23,13,915,LV,47.9,52.1,4.11,,,Gender,Female,Female,53.84,46.16,,,,,emerson_sheets,2024-10-21
2024-Governor-NH|Emerson october-2024-new-hampshire-poll-harris-5,Emerson College Polling,Emerson,emerson_1oROXvVw_NH_Governor_crosst,2024,Governor,NH,,2024-10-23,13,915,LV,47.9,52.1,4.11,,,Gender,Nonbinary,Nonbinary,100.0,0.0,,,,,emerson_sheets,2024-10-21
2026-Senate-NH|Emerson new-hampshire-2026-sununu-leads-gop-nomi,Emerson College Polling,Emerson,emerson_1-Q3fMv-_NH_Senate_full c,2026,Senate,NH,,2026-03-23,225,523,LV,51.0,49.0,-1.91,,,Race,Nonwhite,Nonwhite,47.0,53.0,,,,,emerson_sheets,2026-03-21
2026-Senate-NH|Emerson new-hampshire-2026-sununu-leads-gop-nomi,Emerson College Polling,Emerson,emerson_1-Q3fMv-_NH_Senate_full c,2026,Senate,NH,,2026-03-23,225,523,LV,51.0,49.0,-1.91,,,Race,White,White,51.38,48.62,,,,,emerson_sheets,2026-03-21
2026-Senate-NH|Emerson new-hampshire-2026-sununu-leads-gop-nomi,Emerson College Polling,Emerson,emerson_1-Q3fMv-_NH_Senate_full c,2026,Senate,NH,,2026-03-23,225,523,LV,51.0,49.0,-1.91,,,Age,18-39 years,18-39,63.31,36.69,,,,,emerson_sheets,2026-03-21
2026-Senate-NH|Emerson new-hampshire-2026-sununu-leads-gop-nomi,Emerson College Polling,Emerson,emerson_1-Q3fMv-_NH_Senate_full c,2026,Senate,NH,,2026-03-23,225,523,LV,51.0,49.0,-1.91,,,Age,40-49 years,40-49,52.05,47.95,,,,,emerson_sheets,2026-03-21
2026-Senate-NH|Emerson new-hampshire-2026-sununu-leads-gop-nomi,Emerson College Polling,Emerson,emerson_1-Q3fMv-_NH_Senate_full c,2026,Senate,NH,,2026-03-23,225,523,LV,51.0,49.0,-1.91,,,Age,50-59 years,50-59,44.9,55.1,,,,,emerson_sheets,2026-03-21
2026-Senate-NH|Emerson new-hampshire-2026-sununu-leads-gop-nomi,Emerson College Polling,Emerson,emerson_1-Q3fMv-_NH_Senate_full c,2026,Senate,NH,,2026-03-23,225,523,LV,51.0,49.0,-1.91,,,Age,60-69 years,60-69,42.35,57.65,,,,,emerson_sheets,2026-03-21
2026-Senate-NH|Emerson new-hampshire-2026-sununu-leads-gop-nomi,Emerson College Polling,Emerson,emerson_1-Q3fMv-_NH_Senate_full c,2026,Senate,NH,,2026-03-23,225,523,LV,51.0,49.0,-1.91,,,Age,70 or more years,70 or more years,53.1,46.9,,,,,emerson_sheets,2026-03-21
2026-Senate-NH|Emerson new-hampshire-2026-sununu-leads-gop-nomi,Emerson College Polling,Emerson,emerson_1-Q3fMv-_NH_Senate_full c,2026,Senate,NH,,2026-03-23,225,523,LV,51.0,49.0,-1.91,,,Education,HSorLess,HSorLess,40.42,59.58,,,,,emerson_sheets,2026-03-21
2026-Senate-NH|Emerson new-hampshire-2026-sununu-leads-gop-nomi,Emerson College Polling,Emerson,emerson_1-Q3fMv-_NH_Senate_full c,2026,Senate,NH,,2026-03-23,225,523,LV,51.0,49.0,-1.91,,,Education,SomeCollege,SomeCollege,40.84,59.16,,,,,emerson_sheets,2026-03-21
2026-Senate-NH|Emerson new-hampshire-2026-sununu-leads-gop-nomi,Emerson College Polling,Emerson,emerson_1-Q3fMv-_NH_Senate_full c,2026,Senate,NH,,2026-03-23,225,523,LV,51.0,49.0,-1.91,,,Education,BA,BA,60.3,39.7,,,,,emerson_sheets,2026-03-21
2026-Senate-NH|Emerson new-hampshire-2026-sununu-leads-gop-nomi,Emerson College Polling,Emerson,emerson_1-Q3fMv-_NH_Senate_full c,2026,Senate,NH,,2026-03-23,225,523,LV,51.0,49.0,-1.91,,,Gender,Male,Male,46.42,53.58,,,,,emerson_sheets,2026-03-21
2026-Senate-NH|Emerson new-hampshire-2026-sununu-leads-gop-nomi,Emerson College Polling,Emerson,emerson_1-Q3fMv-_NH_Senate_full c,2026,Senate,NH,,2026-03-23,225,523,LV,51.0,49.0,-1.91,,,Gender,Female,Female,55.19,44.81,,,,,emerson_sheets,2026-03-21
2026-Senate-NH|Emerson new-hampshire-2026-sununu-leads-gop-nomi,Emerson College Polling,Emerson,emerson_1-Q3fMv-_NH_Senate_full c,2026,Senate,NH,,2026-03-23,225,523,LV,51.0,49.0,-1.91,,,Gender,Nonbinary,Nonbinary,44.04,55.96,,,,,emerson_sheets,2026-03-21
2026-Senate-NH|Emerson new-hampshire-2026-sununu-leads-gop-nomi,Emerson College Polling,Emerson,emerson_1-Q3fMv-_NH_Senate_full c,2026,Senate,NH,,2026-03-23,225,523,LV,54.9,45.1,-9.71,,,Race,Nonwhite,Nonwhite,52.76,47.24,,,,,emerson_sheets,2026-03-21
2026-Senate-NH|Emerson new-hampshire-2026-sununu-leads-gop-nomi,Emerson College Polling,Emerson,emerson_1-Q3fMv-_NH_Senate_full c,2026,Senate,NH,,2026-03-23,225,523,LV,54.9,45.1,-9.71,,,Race,White,White,55.06,44.94,,,,,emerson_sheets,2026-03-21
2026-Senate-NH|Emerson new-hampshire-2026-sununu-leads-gop-nomi,Emerson College Polling,Emerson,emerson_1-Q3fMv-_NH_Senate_full c,2026,Senate,NH,,2026-03-23,225,523,LV,54.9,45.1,-9.71,,,Age,18-39 years,18-39,66.24,33.76,,,,,emerson_sheets,2026-03-21
2026-Senate-NH|Emerson new-hampshire-2026-sununu-leads-gop-nomi,Emerson College Polling,Emerson,emerson_1-Q3fMv-_NH_Senate_full c,2026,Senate,NH,,2026-03-23,225,523,LV,54.9,45.1,-9.71,,,Age,40-49 years,40-49,56.78,43.22,,,,,emerson_sheets,2026-03-21
2026-Senate-NH|Emerson new-hampshire-2026-sununu-leads-gop-nomi,Emerson College Polling,Emerson,emerson_1-Q3fMv-_NH_Senate_full c,2026,Senate,NH,,2026-03-23,225,523,LV,54.9,45.1,-9.71,,,Age,50-59 years,50-59,49.31,50.69,,,,,emerson_sheets,2026-03-21
2026-Senate-NH|Emerson new-hampshire-2026-sununu-leads-gop-nomi,Emerson College Polling,Emerson,emerson_1-Q3fMv-_NH_Senate_full c,2026,Senate,NH,,2026-03-23,225,523,LV,54.9,45.1,-9.71,,,Age,60-69 years,60-69,46.51,53.49,,,,,emerson_sheets,2026-03-21
2026-Senate-NH|Emerson new-hampshire-2026-sununu-leads-gop-nomi,Emerson College Polling,Emerson,emerson_1-Q3fMv-_NH_Senate_full c,2026,Senate,NH,,2026-03-23,225,523,LV,54.9,45.1,-9.71,,,Age,70 or more years,70 or more years,56.32,43.68,,,,,emerson_sheets,2026-03-21
2026-Senate-NH|Emerson new-hampshire-2026-sununu-leads-gop-nomi,Emerson College Polling,Emerson,emerson_1-Q3fMv-_NH_Senate_full c,2026,Senate,NH,,2026-03-23,225,523,LV,54.9,45.1,-9.71,,,Education,HSorLess,HSorLess,42.8,57.2,,,,,emerson_sheets,2026-03-21
2026-Senate-NH|Emerson new-hampshire-2026-sununu-leads-gop-nomi,Emerson College Polling,Emerson,emerson_1-Q3fMv-_NH_Senate_full c,2026,Senate,NH,,2026-03-23,225,523,LV,54.9,45.1,-9.71,,,Education,SomeCollege,SomeCollege,42.61,57.39,,,,,emerson_sheets,2026-03-21
2026-Senate-NH|Emerson new-hampshire-2026-sununu-leads-gop-nomi,Emerson College Polling,Emerson,emerson_1-Q3fMv-_NH_Senate_full c,2026,Senate,NH,,2026-03-23,225,523,LV,54.9,45.1,-9.71,,,Education,BA,BA,66.04,33.96,,,,,emerson_sheets,2026-03-21
2026-Senate-NH|Emerson new-hampshire-2026-sununu-leads-gop-nomi,Emerson College Polling,Emerson,emerson_1-Q3fMv-_NH_Senate_full c,2026,Senate,NH,,2026-03-23,225,523,LV,54.9,45.1,-9.71,,,Gender,Male,Male,49.84,50.16,,,,,emerson_sheets,2026-03-21
2026-Senate-NH|Emerson new-hampshire-2026-sununu-leads-gop-nomi,Emerson College Polling,Emerson,emerson_1-Q3fMv-_NH_Senate_full c,2026,Senate,NH,,2026-03-23,225,523,LV,54.9,45.1,-9.71,,,Gender,Female,Female,59.63,40.37,,,,,emerson_sheets,2026-03-21
2026-Senate-NH|Emerson new-hampshire-2026-sununu-leads-gop-nomi,Emerson College Polling,Emerson,emerson_1-Q3fMv-_NH_Senate_full c,2026,Senate,NH,,2026-03-23,225,523,LV,54.9,45.1,-9.71,,,Gender,Nonbinary,Nonbinary,44.04,55.96,,,,,emerson_sheets,2026-03-21
2024-President-NM|Emerson new-mexico-2024-harris-52-trump-42,Emerson College Polling,Emerson,emerson_19sdRc0t_NM_President_crosst,2024,President,NM,,2024-08-22,75,965,RV,55.4,44.6,-10.76,,,Race,Hispanic,Hispanic,61.89,38.11,,,,,emerson_sheets,2024-08-20
2024-President-NM|Emerson new-mexico-2024-harris-52-trump-42,Emerson College Polling,Emerson,emerson_19sdRc0t_NM_President_crosst,2024,President,NM,,2024-08-22,75,965,RV,55.4,44.6,-10.76,,,Race,White,White,52.83,47.17,,,,,emerson_sheets,2024-08-20
2024-President-NM|Emerson new-mexico-2024-harris-52-trump-42,Emerson College Polling,Emerson,emerson_19sdRc0t_NM_President_crosst,2024,President,NM,,2024-08-22,75,965,RV,55.4,44.6,-10.76,,,Race,Black,Black,54.92,45.08,,,,,emerson_sheets,2024-08-20
2024-President-NM|Emerson new-mexico-2024-harris-52-trump-42,Emerson College Polling,Emerson,emerson_19sdRc0t_NM_President_crosst,2024,President,NM,,2024-08-22,75,965,RV,55.4,44.6,-10.76,,,Race,Asian,Asian,44.61,55.39,,,,,emerson_sheets,2024-08-20
2024-President-NM|Emerson new-mexico-2024-harris-52-trump-42,Emerson College Polling,Emerson,emerson_19sdRc0t_NM_President_crosst,2024,President,NM,,2024-08-22,75,965,RV,55.4,44.6,-10.76,,,Race,Other,Other,47.87,52.13,,,,,emerson_sheets,2024-08-20
2024-President-NM|Emerson new-mexico-2024-harris-52-trump-42,Emerson College Polling,Emerson,emerson_19sdRc0t_NM_President_crosst,2024,President,NM,,2024-08-22,75,965,RV,55.4,44.6,-10.76,,,Age,18-39 years,18-39,53.84,46.16,,,,,emerson_sheets,2024-08-20
2024-President-NM|Emerson new-mexico-2024-harris-52-trump-42,Emerson College Polling,Emerson,emerson_19sdRc0t_NM_President_crosst,2024,President,NM,,2024-08-22,75,965,RV,55.4,44.6,-10.76,,,Age,40-49 years,40-49,61.99,38.01,,,,,emerson_sheets,2024-08-20
2024-President-NM|Emerson new-mexico-2024-harris-52-trump-42,Emerson College Polling,Emerson,emerson_19sdRc0t_NM_President_crosst,2024,President,NM,,2024-08-22,75,965,RV,55.4,44.6,-10.76,,,Age,50-59 years,50-59,53.19,46.81,,,,,emerson_sheets,2024-08-20
2024-President-NM|Emerson new-mexico-2024-harris-52-trump-42,Emerson College Polling,Emerson,emerson_19sdRc0t_NM_President_crosst,2024,President,NM,,2024-08-22,75,965,RV,55.4,44.6,-10.76,,,Age,60-69 years,60-69,54.7,45.3,,,,,emerson_sheets,2024-08-20
2024-President-NM|Emerson new-mexico-2024-harris-52-trump-42,Emerson College Polling,Emerson,emerson_19sdRc0t_NM_President_crosst,2024,President,NM,,2024-08-22,75,965,RV,55.4,44.6,-10.76,,,Age,70 or more years,70 or more years,55.71,44.29,,,,,emerson_sheets,2024-08-20
2024-President-NM|Emerson new-mexico-2024-harris-52-trump-42,Emerson College Polling,Emerson,emerson_19sdRc0t_NM_President_crosst,2024,President,NM,,2024-08-22,75,965,RV,55.4,44.6,-10.76,,,Education,HSorLess,HSorLess,45.61,54.39,,,,,emerson_sheets,2024-08-20
2024-President-NM|Emerson new-mexico-2024-harris-52-trump-42,Emerson College Polling,Emerson,emerson_19sdRc0t_NM_President_crosst,2024,President,NM,,2024-08-22,75,965,RV,55.4,44.6,-10.76,,,Education,SomeCollege,SomeCollege,55.07,44.93,,,,,emerson_sheets,2024-08-20
2024-President-NM|Emerson new-mexico-2024-harris-52-trump-42,Emerson College Polling,Emerson,emerson_19sdRc0t_NM_President_crosst,2024,President,NM,,2024-08-22,75,965,RV,55.4,44.6,-10.76,,,Education,BA,BA,60.56,39.44,,,,,emerson_sheets,2024-08-20
2024-President-NM|Emerson new-mexico-2024-harris-52-trump-42,Emerson College Polling,Emerson,emerson_19sdRc0t_NM_President_crosst,2024,President,NM,,2024-08-22,75,965,RV,55.4,44.6,-10.76,,,Gender,Male,Male,51.08,48.92,,,,,emerson_sheets,2024-08-20
2024-President-NM|Emerson new-mexico-2024-harris-52-trump-42,Emerson College Polling,Emerson,emerson_19sdRc0t_NM_President_crosst,2024,President,NM,,2024-08-22,75,965,RV,55.4,44.6,-10.76,,,Gender,Female,Female,58.95,41.05,,,,,emerson_sheets,2024-08-20
2024-President-NM|Emerson new-mexico-2024-harris-52-trump-42,Emerson College Polling,Emerson,emerson_19sdRc0t_NM_President_crosst,2024,President,NM,,2024-08-22,75,965,RV,55.4,44.6,-10.76,,,Gender,Nonbinary,Nonbinary,100.0,0.0,,,,,emerson_sheets,2024-08-20
2024-President-NM|Emerson new-mexico-2024-harris-52-trump-42,Emerson College Polling,Emerson,emerson_19sdRc0t_NM_President_crosst,2024,President,NM,,2024-08-22,75,965,RV,53.6,46.4,-7.14,,,Race,Hispanic,Hispanic,60.63,39.37,,,,,emerson_sheets,2024-08-20
2024-President-NM|Emerson new-mexico-2024-harris-52-trump-42,Emerson College Polling,Emerson,emerson_19sdRc0t_NM_President_crosst,2024,President,NM,,2024-08-22,75,965,RV,53.6,46.4,-7.14,,,Race,White,White,50.55,49.45,,,,,emerson_sheets,2024-08-20
2024-President-NM|Emerson new-mexico-2024-harris-52-trump-42,Emerson College Polling,Emerson,emerson_19sdRc0t_NM_President_crosst,2024,President,NM,,2024-08-22,75,965,RV,53.6,46.4,-7.14,,,Race,Black,Black,54.92,45.08,,,,,emerson_sheets,2024-08-20
2024-President-NM|Emerson new-mexico-2024-harris-52-trump-42,Emerson College Polling,Emerson,emerson_19sdRc0t_NM_President_crosst,2024,President,NM,,2024-08-22,75,965,RV,53.6,46.4,-7.14,,,Race,Asian,Asian,35.33,64.67,,,,,emerson_sheets,2024-08-20
2024-President-NM|Emerson new-mexico-2024-harris-52-trump-42,Emerson College Polling,Emerson,emerson_19sdRc0t_NM_President_crosst,2024,President,NM,,2024-08-22,75,965,RV,53.6,46.4,-7.14,,,Race,Other,Other,47.57,52.43,,,,,emerson_sheets,2024-08-20
2024-President-NM|Emerson new-mexico-2024-harris-52-trump-42,Emerson College Polling,Emerson,emerson_19sdRc0t_NM_President_crosst,2024,President,NM,,2024-08-22,75,965,RV,53.6,46.4,-7.14,,,Age,18-39 years,18-39,52.19,47.81,,,,,emerson_sheets,2024-08-20
2024-President-NM|Emerson new-mexico-2024-harris-52-trump-42,Emerson College Polling,Emerson,emerson_19sdRc0t_NM_President_crosst,2024,President,NM,,2024-08-22,75,965,RV,53.6,46.4,-7.14,,,Age,40-49 years,40-49,58.15,41.85,,,,,emerson_sheets,2024-08-20
2024-President-NM|Emerson new-mexico-2024-harris-52-trump-42,Emerson College Polling,Emerson,emerson_19sdRc0t_NM_President_crosst,2024,President,NM,,2024-08-22,75,965,RV,53.6,46.4,-7.14,,,Age,50-59 years,50-59,50.48,49.52,,,,,emerson_sheets,2024-08-20
2024-President-NM|Emerson new-mexico-2024-harris-52-trump-42,Emerson College Polling,Emerson,emerson_19sdRc0t_NM_President_crosst,2024,President,NM,,2024-08-22,75,965,RV,53.6,46.4,-7.14,,,Age,60-69 years,60-69,54.01,45.99,,,,,emerson_sheets,2024-08-20
2024-President-NM|Emerson new-mexico-2024-harris-52-trump-42,Emerson College Polling,Emerson,emerson_19sdRc0t_NM_President_crosst,2024,President,NM,,2024-08-22,75,965,RV,53.6,46.4,-7.14,,,Age,70 or more years,70 or more years,54.65,45.35,,,,,emerson_sheets,2024-08-20
2024-President-NM|Emerson new-mexico-2024-harris-52-trump-42,Emerson College Polling,Emerson,emerson_19sdRc0t_NM_President_crosst,2024,President,NM,,2024-08-22,75,965,RV,53.6,46.4,-7.14,,,Education,HSorLess,HSorLess,43.7,56.3,,,,,emerson_sheets,2024-08-20
2024-President-NM|Emerson new-mexico-2024-harris-52-trump-42,Emerson College Polling,Emerson,emerson_19sdRc0t_NM_President_crosst,2024,President,NM,,2024-08-22,75,965,RV,53.6,46.4,-7.14,,,Education,SomeCollege,SomeCollege,53.59,46.41,,,,,emerson_sheets,2024-08-20
2024-President-NM|Emerson new-mexico-2024-harris-52-trump-42,Emerson College Polling,Emerson,emerson_19sdRc0t_NM_President_crosst,2024,President,NM,,2024-08-22,75,965,RV,53.6,46.4,-7.14,,,Education,BA,BA,58.67,41.33,,,,,emerson_sheets,2024-08-20
2024-President-NM|Emerson new-mexico-2024-harris-52-trump-42,Emerson College Polling,Emerson,emerson_19sdRc0t_NM_President_crosst,2024,President,NM,,2024-08-22,75,965,RV,53.6,46.4,-7.14,,,Gender,Male,Male,48.99,51.01,,,,,emerson_sheets,2024-08-20
2024-President-NM|Emerson new-mexico-2024-harris-52-trump-42,Emerson College Polling,Emerson,emerson_19sdRc0t_NM_President_crosst,2024,President,NM,,2024-08-22,75,965,RV,53.6,46.4,-7.14,,,Gender,Female,Female,57.34,42.66,,,,,emerson_sheets,2024-08-20
2024-President-NM|Emerson new-mexico-2024-harris-52-trump-42,Emerson College Polling,Emerson,emerson_19sdRc0t_NM_President_crosst,2024,President,NM,,2024-08-22,75,965,RV,53.6,46.4,-7.14,,,Gender,Nonbinary,Nonbinary,100.0,0.0,,,,,emerson_sheets,2024-08-20
2024-President-NM|Emerson new-mexico-2024-harris-52-trump-42,Emerson College Polling,Emerson,emerson_19sdRc0t_NM_President_crosst,2024,President,NM,,2024-08-22,75,965,RV,55.9,44.1,-11.87,,,Race,Hispanic,Hispanic,63.51,36.49,,,,,emerson_sheets,2024-08-20
2024-President-NM|Emerson new-mexico-2024-harris-52-trump-42,Emerson College Polling,Emerson,emerson_19sdRc0t_NM_President_crosst,2024,President,NM,,2024-08-22,75,965,RV,55.9,44.1,-11.87,,,Race,White,White,52.39,47.61,,,,,emerson_sheets,2024-08-20
2024-President-NM|Emerson new-mexico-2024-harris-52-trump-42,Emerson College Polling,Emerson,emerson_19sdRc0t_NM_President_crosst,2024,President,NM,,2024-08-22,75,965,RV,55.9,44.1,-11.87,,,Race,Black,Black,61.18,38.82,,,,,emerson_sheets,2024-08-20
2024-President-NM|Emerson new-mexico-2024-harris-52-trump-42,Emerson College Polling,Emerson,emerson_19sdRc0t_NM_President_crosst,2024,President,NM,,2024-08-22,75,965,RV,55.9,44.1,-11.87,,,Race,Asian,Asian,31.42,68.58,,,,,emerson_sheets,2024-08-20
2024-President-NM|Emerson new-mexico-2024-harris-52-trump-42,Emerson College Polling,Emerson,emerson_19sdRc0t_NM_President_crosst,2024,President,NM,,2024-08-22,75,965,RV,55.9,44.1,-11.87,,,Race,Other,Other,49.78,50.22,,,,,emerson_sheets,2024-08-20
2024-President-NM|Emerson new-mexico-2024-harris-52-trump-42,Emerson College Polling,Emerson,emerson_19sdRc0t_NM_President_crosst,2024,President,NM,,2024-08-22,75,965,RV,55.9,44.1,-11.87,,,Age,18-39 years,18-39,54.33,45.67,,,,,emerson_sheets,2024-08-20
2024-President-NM|Emerson new-mexico-2024-harris-52-trump-42,Emerson College Polling,Emerson,emerson_19sdRc0t_NM_President_crosst,2024,President,NM,,2024-08-22,75,965,RV,55.9,44.1,-11.87,,,Age,40-49 years,40-49,62.89,37.11,,,,,emerson_sheets,2024-08-20
2024-President-NM|Emerson new-mexico-2024-harris-52-trump-42,Emerson College Polling,Emerson,emerson_19sdRc0t_NM_President_crosst,2024,President,NM,,2024-08-22,75,965,RV,55.9,44.1,-11.87,,,Age,50-59 years,50-59,54.89,45.11,,,,,emerson_sheets,2024-08-20
2024-President-NM|Emerson new-mexico-2024-harris-52-trump-42,Emerson College Polling,Emerson,emerson_19sdRc0t_NM_President_crosst,2024,President,NM,,2024-08-22,75,965,RV,55.9,44.1,-11.87,,,Age,60-69 years,60-69,54.87,45.13,,,,,emerson_sheets,2024-08-20
2024-President-NM|Emerson new-mexico-2024-harris-52-trump-42,Emerson College Polling,Emerson,emerson_19sdRc0t_NM_President_crosst,2024,President,NM,,2024-08-22,75,965,RV,55.9,44.1,-11.87,,,Age,70 or more years,70 or more years,55.6,44.4,,,,,emerson_sheets,2024-08-20
2024-President-NM|Emerson new-mexico-2024-harris-52-trump-42,Emerson College Polling,Emerson,emerson_19sdRc0t_NM_President_crosst,2024,President,NM,,2024-08-22,75,965,RV,55.9,44.1,-11.87,,,Education,HSorLess,HSorLess,46.41,53.59,,,,,emerson_sheets,2024-08-20
2024-President-NM|Emerson new-mexico-2024-harris-52-trump-42,Emerson College Polling,Emerson,emerson_19sdRc0t_NM_President_crosst,2024,President,NM,,2024-08-22,75,965,RV,55.9,44.1,-11.87,,,Education,SomeCollege,SomeCollege,55.87,44.13,,,,,emerson_sheets,2024-08-20
2024-President-NM|Emerson new-mexico-2024-harris-52-trump-42,Emerson College Polling,Emerson,emerson_19sdRc0t_NM_President_crosst,2024,President,NM,,2024-08-22,75,965,RV,55.9,44.1,-11.87,,,Education,BA,BA,60.77,39.23,,,,,emerson_sheets,2024-08-20
2024-President-NM|Emerson new-mexico-2024-harris-52-trump-42,Emerson College Polling,Emerson,emerson_19sdRc0t_NM_President_crosst,2024,President,NM,,2024-08-22,75,965,RV,55.9,44.1,-11.87,,,Gender,Male,Male,51.25,48.75,,,,,emerson_sheets,2024-08-20
2024-President-NM|Emerson new-mexico-2024-harris-52-trump-42,Emerson College Polling,Emerson,emerson_19sdRc0t_NM_President_crosst,2024,President,NM,,2024-08-22,75,965,RV,55.9,44.1,-11.87,,,Gender,Female,Female,59.88,40.12,,,,,emerson_sheets,2024-08-20
2024-President-NM|Emerson new-mexico-2024-harris-52-trump-42,Emerson College Polling,Emerson,emerson_19sdRc0t_NM_President_crosst,2024,President,NM,,2024-08-22,75,965,RV,55.9,44.1,-11.87,,,Gender,Nonbinary,Nonbinary,100.0,0.0,,,,,emerson_sheets,2024-08-20
2024-Senate-NM|Emerson new-mexico-2024-harris-52-trump-42,Emerson College Polling,Emerson,emerson_19sdRc0t_NM_Senate_crosst,2024,Senate,NM,,2024-08-22,75,965,RV,56.9,43.1,-13.81,,,Race,Hispanic,Hispanic,64.62,35.38,,,,,emerson_sheets,2024-08-20
2024-Senate-NM|Emerson new-mexico-2024-harris-52-trump-42,Emerson College Polling,Emerson,emerson_19sdRc0t_NM_Senate_crosst,2024,Senate,NM,,2024-08-22,75,965,RV,56.9,43.1,-13.81,,,Race,White,White,52.51,47.49,,,,,emerson_sheets,2024-08-20
2024-Senate-NM|Emerson new-mexico-2024-harris-52-trump-42,Emerson College Polling,Emerson,emerson_19sdRc0t_NM_Senate_crosst,2024,Senate,NM,,2024-08-22,75,965,RV,56.9,43.1,-13.81,,,Race,Black,Black,60.99,39.01,,,,,emerson_sheets,2024-08-20
2024-Senate-NM|Emerson new-mexico-2024-harris-52-trump-42,Emerson College Polling,Emerson,emerson_19sdRc0t_NM_Senate_crosst,2024,Senate,NM,,2024-08-22,75,965,RV,56.9,43.1,-13.81,,,Race,Asian,Asian,39.84,60.16,,,,,emerson_sheets,2024-08-20
2024-Senate-NM|Emerson new-mexico-2024-harris-52-trump-42,Emerson College Polling,Emerson,emerson_19sdRc0t_NM_Senate_crosst,2024,Senate,NM,,2024-08-22,75,965,RV,56.9,43.1,-13.81,,,Race,Other,Other,57.08,42.92,,,,,emerson_sheets,2024-08-20
2024-Senate-NM|Emerson new-mexico-2024-harris-52-trump-42,Emerson College Polling,Emerson,emerson_19sdRc0t_NM_Senate_crosst,2024,Senate,NM,,2024-08-22,75,965,RV,56.9,43.1,-13.81,,,Age,18-39 years,18-39,56.94,43.06,,,,,emerson_sheets,2024-08-20
2024-Senate-NM|Emerson new-mexico-2024-harris-52-trump-42,Emerson College Polling,Emerson,emerson_19sdRc0t_NM_Senate_crosst,2024,Senate,NM,,2024-08-22,75,965,RV,56.9,43.1,-13.81,,,Age,40-49 years,40-49,64.81,35.19,,,,,emerson_sheets,2024-08-20
2024-Senate-NM|Emerson new-mexico-2024-harris-52-trump-42,Emerson College Polling,Emerson,emerson_19sdRc0t_NM_Senate_crosst,2024,Senate,NM,,2024-08-22,75,965,RV,56.9,43.1,-13.81,,,Age,50-59 years,50-59,55.61,44.39,,,,,emerson_sheets,2024-08-20
2024-Senate-NM|Emerson new-mexico-2024-harris-52-trump-42,Emerson College Polling,Emerson,emerson_19sdRc0t_NM_Senate_crosst,2024,Senate,NM,,2024-08-22,75,965,RV,56.9,43.1,-13.81,,,Age,60-69 years,60-69,55.68,44.32,,,,,emerson_sheets,2024-08-20
2024-Senate-NM|Emerson new-mexico-2024-harris-52-trump-42,Emerson College Polling,Emerson,emerson_19sdRc0t_NM_Senate_crosst,2024,Senate,NM,,2024-08-22,75,965,RV,56.9,43.1,-13.81,,,Age,70 or more years,70 or more years,54.1,45.9,,,,,emerson_sheets,2024-08-20
2024-Senate-NM|Emerson new-mexico-2024-harris-52-trump-42,Emerson College Polling,Emerson,emerson_19sdRc0t_NM_Senate_crosst,2024,Senate,NM,,2024-08-22,75,965,RV,56.9,43.1,-13.81,,,Education,HSorLess,HSorLess,50.36,49.64,,,,,emerson_sheets,2024-08-20
2024-Senate-NM|Emerson new-mexico-2024-harris-52-trump-42,Emerson College Polling,Emerson,emerson_19sdRc0t_NM_Senate_crosst,2024,Senate,NM,,2024-08-22,75,965,RV,56.9,43.1,-13.81,,,Education,SomeCollege,SomeCollege,56.56,43.44,,,,,emerson_sheets,2024-08-20
2024-Senate-NM|Emerson new-mexico-2024-harris-52-trump-42,Emerson College Polling,Emerson,emerson_19sdRc0t_NM_Senate_crosst,2024,Senate,NM,,2024-08-22,75,965,RV,56.9,43.1,-13.81,,,Education,BA,BA,60.19,39.81,,,,,emerson_sheets,2024-08-20
2024-Senate-NM|Emerson new-mexico-2024-harris-52-trump-42,Emerson College Polling,Emerson,emerson_19sdRc0t_NM_Senate_crosst,2024,Senate,NM,,2024-08-22,75,965,RV,56.9,43.1,-13.81,,,Gender,Male,Male,54.24,45.76,,,,,emerson_sheets,2024-08-20
2024-Senate-NM|Emerson new-mexico-2024-harris-52-trump-42,Emerson College Polling,Emerson,emerson_19sdRc0t_NM_Senate_crosst,2024,Senate,NM,,2024-08-22,75,965,RV,56.9,43.1,-13.81,,,Gender,Female,Female,59.12,40.88,,,,,emerson_sheets,2024-08-20
2024-Senate-NM|Emerson new-mexico-2024-harris-52-trump-42,Emerson College Polling,Emerson,emerson_19sdRc0t_NM_Senate_crosst,2024,Senate,NM,,2024-08-22,75,965,RV,56.9,43.1,-13.81,,,Gender,Nonbinary,Nonbinary,100.0,0.0,,,,,emerson_sheets,2024-08-20
2024-President-NY|Emerson new-york-2024-poll-biden-48-trump-41,Emerson College Polling,Emerson,emerson_1wVxm2o4_NY_President_crosst,2024,President,NY,,2024-05-29,160,1000,RV,53.8,46.2,-7.57,,,Race,Hispanic,Hispanic,63.54,36.46,,,,,emerson_sheets,2024-05-28
2024-President-NY|Emerson new-york-2024-poll-biden-48-trump-41,Emerson College Polling,Emerson,emerson_1wVxm2o4_NY_President_crosst,2024,President,NY,,2024-05-29,160,1000,RV,53.8,46.2,-7.57,,,Race,White,White,44.95,55.05,,,,,emerson_sheets,2024-05-28
2024-President-NY|Emerson new-york-2024-poll-biden-48-trump-41,Emerson College Polling,Emerson,emerson_1wVxm2o4_NY_President_crosst,2024,President,NY,,2024-05-29,160,1000,RV,53.8,46.2,-7.57,,,Race,Black,Black,82.21,17.79,,,,,emerson_sheets,2024-05-28
2024-President-NY|Emerson new-york-2024-poll-biden-48-trump-41,Emerson College Polling,Emerson,emerson_1wVxm2o4_NY_President_crosst,2024,President,NY,,2024-05-29,160,1000,RV,53.8,46.2,-7.57,,,Race,Asian,Asian,63.31,36.69,,,,,emerson_sheets,2024-05-28
2024-President-NY|Emerson new-york-2024-poll-biden-48-trump-41,Emerson College Polling,Emerson,emerson_1wVxm2o4_NY_President_crosst,2024,President,NY,,2024-05-29,160,1000,RV,53.8,46.2,-7.57,,,Race,Other,Other,54.06,45.94,,,,,emerson_sheets,2024-05-28
2024-President-NY|Emerson new-york-2024-poll-biden-48-trump-41,Emerson College Polling,Emerson,emerson_1wVxm2o4_NY_President_crosst,2024,President,NY,,2024-05-29,160,1000,RV,53.8,46.2,-7.57,,,Age,18-29 years,18-29 years,58.17,41.83,,,,,emerson_sheets,2024-05-28
2024-President-NY|Emerson new-york-2024-poll-biden-48-trump-41,Emerson College Polling,Emerson,emerson_1wVxm2o4_NY_President_crosst,2024,President,NY,,2024-05-29,160,1000,RV,53.8,46.2,-7.57,,,Age,30-39 years,30-39 years,57.37,42.63,,,,,emerson_sheets,2024-05-28
2024-President-NY|Emerson new-york-2024-poll-biden-48-trump-41,Emerson College Polling,Emerson,emerson_1wVxm2o4_NY_President_crosst,2024,President,NY,,2024-05-29,160,1000,RV,53.8,46.2,-7.57,,,Age,40-49 years,40-49,62.59,37.41,,,,,emerson_sheets,2024-05-28
2024-President-NY|Emerson new-york-2024-poll-biden-48-trump-41,Emerson College Polling,Emerson,emerson_1wVxm2o4_NY_President_crosst,2024,President,NY,,2024-05-29,160,1000,RV,53.8,46.2,-7.57,,,Age,50-59 years,50-59,47.35,52.65,,,,,emerson_sheets,2024-05-28
2024-President-NY|Emerson new-york-2024-poll-biden-48-trump-41,Emerson College Polling,Emerson,emerson_1wVxm2o4_NY_President_crosst,2024,President,NY,,2024-05-29,160,1000,RV,53.8,46.2,-7.57,,,Age,60-69 years,60-69,46.78,53.22,,,,,emerson_sheets,2024-05-28
2024-President-NY|Emerson new-york-2024-poll-biden-48-trump-41,Emerson College Polling,Emerson,emerson_1wVxm2o4_NY_President_crosst,2024,President,NY,,2024-05-29,160,1000,RV,53.8,46.2,-7.57,,,Age,70 or more years,70 or more years,50.55,49.45,,,,,emerson_sheets,2024-05-28
2024-President-NY|Emerson new-york-2024-poll-biden-48-trump-41,Emerson College Polling,Emerson,emerson_1wVxm2o4_NY_President_crosst,2024,President,NY,,2024-05-29,160,1000,RV,53.8,46.2,-7.57,,,Education,HSorLess,HSorLess,47.32,52.68,,,,,emerson_sheets,2024-05-28
2024-President-NY|Emerson new-york-2024-poll-biden-48-trump-41,Emerson College Polling,Emerson,emerson_1wVxm2o4_NY_President_crosst,2024,President,NY,,2024-05-29,160,1000,RV,53.8,46.2,-7.57,,,Education,SomeCollege,SomeCollege,46.38,53.62,,,,,emerson_sheets,2024-05-28
2024-President-NY|Emerson new-york-2024-poll-biden-48-trump-41,Emerson College Polling,Emerson,emerson_1wVxm2o4_NY_President_crosst,2024,President,NY,,2024-05-29,160,1000,RV,53.8,46.2,-7.57,,,Education,BA,BA,61.39,38.61,,,,,emerson_sheets,2024-05-28
2024-President-NY|Emerson new-york-2024-poll-biden-48-trump-41,Emerson College Polling,Emerson,emerson_1wVxm2o4_NY_President_crosst,2024,President,NY,,2024-05-29,160,1000,RV,53.8,46.2,-7.57,,,Gender,Male,Male,51.78,48.22,,,,,emerson_sheets,2024-05-28
2024-President-NY|Emerson new-york-2024-poll-biden-48-trump-41,Emerson College Polling,Emerson,emerson_1wVxm2o4_NY_President_crosst,2024,President,NY,,2024-05-29,160,1000,RV,53.8,46.2,-7.57,,,Gender,Female,Female,55.81,44.19,,,,,emerson_sheets,2024-05-28
2024-President-NY|Emerson new-york-2024-poll-biden-48-trump-41,Emerson College Polling,Emerson,emerson_1wVxm2o4_NY_President_crosst,2024,President,NY,,2024-05-29,160,1000,RV,53.8,46.2,-7.57,,,Gender,Nonbinary,Nonbinary,35.2,64.8,,,,,emerson_sheets,2024-05-28
2024-President-NY|Emerson new-york-2024-poll-biden-48-trump-41,Emerson College Polling,Emerson,emerson_1wVxm2o4_NY_President_crosst,2024,President,NY,,2024-05-29,160,1000,RV,55.2,44.8,-10.48,,,Race,Hispanic,Hispanic,65.44,34.56,,,,,emerson_sheets,2024-05-28
2024-President-NY|Emerson new-york-2024-poll-biden-48-trump-41,Emerson College Polling,Emerson,emerson_1wVxm2o4_NY_President_crosst,2024,President,NY,,2024-05-29,160,1000,RV,55.2,44.8,-10.48,,,Race,White,White,45.31,54.69,,,,,emerson_sheets,2024-05-28
2024-President-NY|Emerson new-york-2024-poll-biden-48-trump-41,Emerson College Polling,Emerson,emerson_1wVxm2o4_NY_President_crosst,2024,President,NY,,2024-05-29,160,1000,RV,55.2,44.8,-10.48,,,Race,Black,Black,80.14,19.86,,,,,emerson_sheets,2024-05-28
2024-President-NY|Emerson new-york-2024-poll-biden-48-trump-41,Emerson College Polling,Emerson,emerson_1wVxm2o4_NY_President_crosst,2024,President,NY,,2024-05-29,160,1000,RV,55.2,44.8,-10.48,,,Race,Asian,Asian,71.13,28.87,,,,,emerson_sheets,2024-05-28
2024-President-NY|Emerson new-york-2024-poll-biden-48-trump-41,Emerson College Polling,Emerson,emerson_1wVxm2o4_NY_President_crosst,2024,President,NY,,2024-05-29,160,1000,RV,55.2,44.8,-10.48,,,Race,Other,Other,52.46,47.54,,,,,emerson_sheets,2024-05-28
2024-President-NY|Emerson new-york-2024-poll-biden-48-trump-41,Emerson College Polling,Emerson,emerson_1wVxm2o4_NY_President_crosst,2024,President,NY,,2024-05-29,160,1000,RV,55.2,44.8,-10.48,,,Age,18-29 years,18-29 years,63.71,36.29,,,,,emerson_sheets,2024-05-28
2024-President-NY|Emerson new-york-2024-poll-biden-48-trump-41,Emerson College Polling,Emerson,emerson_1wVxm2o4_NY_President_crosst,2024,President,NY,,2024-05-29,160,1000,RV,55.2,44.8,-10.48,,,Age,30-39 years,30-39 years,58.3,41.7,,,,,emerson_sheets,2024-05-28
2024-President-NY|Emerson new-york-2024-poll-biden-48-trump-41,Emerson College Polling,Emerson,emerson_1wVxm2o4_NY_President_crosst,2024,President,NY,,2024-05-29,160,1000,RV,55.2,44.8,-10.48,,,Age,40-49 years,40-49,61.28,38.72,,,,,emerson_sheets,2024-05-28
2024-President-NY|Emerson new-york-2024-poll-biden-48-trump-41,Emerson College Polling,Emerson,emerson_1wVxm2o4_NY_President_crosst,2024,President,NY,,2024-05-29,160,1000,RV,55.2,44.8,-10.48,,,Age,50-59 years,50-59,48.92,51.08,,,,,emerson_sheets,2024-05-28
2024-President-NY|Emerson new-york-2024-poll-biden-48-trump-41,Emerson College Polling,Emerson,emerson_1wVxm2o4_NY_President_crosst,2024,President,NY,,2024-05-29,160,1000,RV,55.2,44.8,-10.48,,,Age,60-69 years,60-69,47.96,52.04,,,,,emerson_sheets,2024-05-28
2024-President-NY|Emerson new-york-2024-poll-biden-48-trump-41,Emerson College Polling,Emerson,emerson_1wVxm2o4_NY_President_crosst,2024,President,NY,,2024-05-29,160,1000,RV,55.2,44.8,-10.48,,,Age,70 or more years,70 or more years,50.4,49.6,,,,,emerson_sheets,2024-05-28
2024-President-NY|Emerson new-york-2024-poll-biden-48-trump-41,Emerson College Polling,Emerson,emerson_1wVxm2o4_NY_President_crosst,2024,President,NY,,2024-05-29,160,1000,RV,55.2,44.8,-10.48,,,Education,HSorLess,HSorLess,50.68,49.32,,,,,emerson_sheets,2024-05-28
2024-President-NY|Emerson new-york-2024-poll-biden-48-trump-41,Emerson College Polling,Emerson,emerson_1wVxm2o4_NY_President_crosst,2024,President,NY,,2024-05-29,160,1000,RV,55.2,44.8,-10.48,,,Education,SomeCollege,SomeCollege,48.95,51.05,,,,,emerson_sheets,2024-05-28
2024-President-NY|Emerson new-york-2024-poll-biden-48-trump-41,Emerson College Polling,Emerson,emerson_1wVxm2o4_NY_President_crosst,2024,President,NY,,2024-05-29,160,1000,RV,55.2,44.8,-10.48,,,Education,BA,BA,61.55,38.45,,,,,emerson_sheets,2024-05-28
2024-President-NY|Emerson new-york-2024-poll-biden-48-trump-41,Emerson College Polling,Emerson,emerson_1wVxm2o4_NY_President_crosst,2024,President,NY,,2024-05-29,160,1000,RV,55.2,44.8,-10.48,,,Gender,Male,Male,53.78,46.22,,,,,emerson_sheets,2024-05-28
2024-President-NY|Emerson new-york-2024-poll-biden-48-trump-41,Emerson College Polling,Emerson,emerson_1wVxm2o4_NY_President_crosst,2024,President,NY,,2024-05-29,160,1000,RV,55.2,44.8,-10.48,,,Gender,Female,Female,56.29,43.71,,,,,emerson_sheets,2024-05-28
2024-President-NY|Emerson new-york-2024-poll-biden-48-trump-41,Emerson College Polling,Emerson,emerson_1wVxm2o4_NY_President_crosst,2024,President,NY,,2024-05-29,160,1000,RV,55.2,44.8,-10.48,,,Gender,Nonbinary,Nonbinary,82.44,17.56,,,,,emerson_sheets,2024-05-28
2024-President-NY|Emerson new-york-2024-poll-biden-48-trump-41,Emerson College Polling,Emerson,emerson_1wVxm2o4_NY_President_crosst,2024,President,NY,,2024-05-29,160,1000,RV,54.0,46.0,-7.94,,,Race,Hispanic,Hispanic,63.63,36.37,,,,,emerson_sheets,2024-05-28
2024-President-NY|Emerson new-york-2024-poll-biden-48-trump-41,Emerson College Polling,Emerson,emerson_1wVxm2o4_NY_President_crosst,2024,President,NY,,2024-05-29,160,1000,RV,54.0,46.0,-7.94,,,Race,White,White,45.56,54.44,,,,,emerson_sheets,2024-05-28
2024-President-NY|Emerson new-york-2024-poll-biden-48-trump-41,Emerson College Polling,Emerson,emerson_1wVxm2o4_NY_President_crosst,2024,President,NY,,2024-05-29,160,1000,RV,54.0,46.0,-7.94,,,Race,Black,Black,82.26,17.74,,,,,emerson_sheets,2024-05-28
2024-President-NY|Emerson new-york-2024-poll-biden-48-trump-41,Emerson College Polling,Emerson,emerson_1wVxm2o4_NY_President_crosst,2024,President,NY,,2024-05-29,160,1000,RV,54.0,46.0,-7.94,,,Race,Asian,Asian,60.39,39.61,,,,,emerson_sheets,2024-05-28
2024-President-NY|Emerson new-york-2024-poll-biden-48-trump-41,Emerson College Polling,Emerson,emerson_1wVxm2o4_NY_President_crosst,2024,President,NY,,2024-05-29,160,1000,RV,54.0,46.0,-7.94,,,Race,Other,Other,56.32,43.68,,,,,emerson_sheets,2024-05-28
2024-President-NY|Emerson new-york-2024-poll-biden-48-trump-41,Emerson College Polling,Emerson,emerson_1wVxm2o4_NY_President_crosst,2024,President,NY,,2024-05-29,160,1000,RV,54.0,46.0,-7.94,,,Age,18-29 years,18-29 years,60.12,39.88,,,,,emerson_sheets,2024-05-28
2024-President-NY|Emerson new-york-2024-poll-biden-48-trump-41,Emerson College Polling,Emerson,emerson_1wVxm2o4_NY_President_crosst,2024,President,NY,,2024-05-29,160,1000,RV,54.0,46.0,-7.94,,,Age,30-39 years,30-39 years,57.59,42.41,,,,,emerson_sheets,2024-05-28
2024-President-NY|Emerson new-york-2024-poll-biden-48-trump-41,Emerson College Polling,Emerson,emerson_1wVxm2o4_NY_President_crosst,2024,President,NY,,2024-05-29,160,1000,RV,54.0,46.0,-7.94,,,Age,40-49 years,40-49,61.17,38.83,,,,,emerson_sheets,2024-05-28
2024-President-NY|Emerson new-york-2024-poll-biden-48-trump-41,Emerson College Polling,Emerson,emerson_1wVxm2o4_NY_President_crosst,2024,President,NY,,2024-05-29,160,1000,RV,54.0,46.0,-7.94,,,Age,50-59 years,50-59,47.95,52.05,,,,,emerson_sheets,2024-05-28
2024-President-NY|Emerson new-york-2024-poll-biden-48-trump-41,Emerson College Polling,Emerson,emerson_1wVxm2o4_NY_President_crosst,2024,President,NY,,2024-05-29,160,1000,RV,54.0,46.0,-7.94,,,Age,60-69 years,60-69,46.55,53.45,,,,,emerson_sheets,2024-05-28
2024-President-NY|Emerson new-york-2024-poll-biden-48-trump-41,Emerson College Polling,Emerson,emerson_1wVxm2o4_NY_President_crosst,2024,President,NY,,2024-05-29,160,1000,RV,54.0,46.0,-7.94,,,Age,70 or more years,70 or more years,53.15,46.85,,,,,emerson_sheets,2024-05-28
2024-President-NY|Emerson new-york-2024-poll-biden-48-trump-41,Emerson College Polling,Emerson,emerson_1wVxm2o4_NY_President_crosst,2024,President,NY,,2024-05-29,160,1000,RV,54.0,46.0,-7.94,,,Education,HSorLess,HSorLess,42.89,57.11,,,,,emerson_sheets,2024-05-28
2024-President-NY|Emerson new-york-2024-poll-biden-48-trump-41,Emerson College Polling,Emerson,emerson_1wVxm2o4_NY_President_crosst,2024,President,NY,,2024-05-29,160,1000,RV,54.0,46.0,-7.94,,,Education,SomeCollege,SomeCollege,47.75,52.25,,,,,emerson_sheets,2024-05-28
2024-President-NY|Emerson new-york-2024-poll-biden-48-trump-41,Emerson College Polling,Emerson,emerson_1wVxm2o4_NY_President_crosst,2024,President,NY,,2024-05-29,160,1000,RV,54.0,46.0,-7.94,,,Education,BA,BA,62.25,37.75,,,,,emerson_sheets,2024-05-28
2024-President-NY|Emerson new-york-2024-poll-biden-48-trump-41,Emerson College Polling,Emerson,emerson_1wVxm2o4_NY_President_crosst,2024,President,NY,,2024-05-29,160,1000,RV,54.0,46.0,-7.94,,,Gender,Male,Male,52.6,47.4,,,,,emerson_sheets,2024-05-28
2024-President-NY|Emerson new-york-2024-poll-biden-48-trump-41,Emerson College Polling,Emerson,emerson_1wVxm2o4_NY_President_crosst,2024,President,NY,,2024-05-29,160,1000,RV,54.0,46.0,-7.94,,,Gender,Female,Female,55.54,44.46,,,,,emerson_sheets,2024-05-28
2024-President-NY|Emerson new-york-2024-poll-biden-48-trump-41,Emerson College Polling,Emerson,emerson_1wVxm2o4_NY_President_crosst,2024,President,NY,,2024-05-29,160,1000,RV,54.0,46.0,-7.94,,,Gender,Nonbinary,Nonbinary,0.0,100.0,,,,,emerson_sheets,2024-05-28
2024-President-NY|Emerson september-2024-new-york-poll-harris-54-t,Emerson College Polling,Emerson,emerson_1tgXGdNd_NY_President_crosst,2024,President,NY,,2024-09-25,41,1000,LV,57.3,42.7,-14.66,,,Race,Hispanic,Hispanic,76.14,23.86,,,,,emerson_sheets,2024-09-23
2024-President-NY|Emerson september-2024-new-york-poll-harris-54-t,Emerson College Polling,Emerson,emerson_1tgXGdNd_NY_President_crosst,2024,President,NY,,2024-09-25,41,1000,LV,57.3,42.7,-14.66,,,Race,White,White,45.26,54.74,,,,,emerson_sheets,2024-09-23
2024-President-NY|Emerson september-2024-new-york-poll-harris-54-t,Emerson College Polling,Emerson,emerson_1tgXGdNd_NY_President_crosst,2024,President,NY,,2024-09-25,41,1000,LV,57.3,42.7,-14.66,,,Race,Black,Black,91.84,8.16,,,,,emerson_sheets,2024-09-23
2024-President-NY|Emerson september-2024-new-york-poll-harris-54-t,Emerson College Polling,Emerson,emerson_1tgXGdNd_NY_President_crosst,2024,President,NY,,2024-09-25,41,1000,LV,57.3,42.7,-14.66,,,Race,Asian,Asian,66.33,33.67,,,,,emerson_sheets,2024-09-23
2024-President-NY|Emerson september-2024-new-york-poll-harris-54-t,Emerson College Polling,Emerson,emerson_1tgXGdNd_NY_President_crosst,2024,President,NY,,2024-09-25,41,1000,LV,57.3,42.7,-14.66,,,Race,Other,Other,40.87,59.13,,,,,emerson_sheets,2024-09-23
2024-President-NY|Emerson september-2024-new-york-poll-harris-54-t,Emerson College Polling,Emerson,emerson_1tgXGdNd_NY_President_crosst,2024,President,NY,,2024-09-25,41,1000,LV,57.3,42.7,-14.66,,,Age,18-29 years,18-29 years,66.29,33.71,,,,,emerson_sheets,2024-09-23
2024-President-NY|Emerson september-2024-new-york-poll-harris-54-t,Emerson College Polling,Emerson,emerson_1tgXGdNd_NY_President_crosst,2024,President,NY,,2024-09-25,41,1000,LV,57.3,42.7,-14.66,,,Age,30-39 years,30-39 years,57.41,42.59,,,,,emerson_sheets,2024-09-23
2024-President-NY|Emerson september-2024-new-york-poll-harris-54-t,Emerson College Polling,Emerson,emerson_1tgXGdNd_NY_President_crosst,2024,President,NY,,2024-09-25,41,1000,LV,57.3,42.7,-14.66,,,Age,40-49 years,40-49,64.01,35.99,,,,,emerson_sheets,2024-09-23
2024-President-NY|Emerson september-2024-new-york-poll-harris-54-t,Emerson College Polling,Emerson,emerson_1tgXGdNd_NY_President_crosst,2024,President,NY,,2024-09-25,41,1000,LV,57.3,42.7,-14.66,,,Age,50-59 years,50-59,52.28,47.72,,,,,emerson_sheets,2024-09-23
2024-President-NY|Emerson september-2024-new-york-poll-harris-54-t,Emerson College Polling,Emerson,emerson_1tgXGdNd_NY_President_crosst,2024,President,NY,,2024-09-25,41,1000,LV,57.3,42.7,-14.66,,,Age,60-69 years,60-69,53.04,46.96,,,,,emerson_sheets,2024-09-23
2024-President-NY|Emerson september-2024-new-york-poll-harris-54-t,Emerson College Polling,Emerson,emerson_1tgXGdNd_NY_President_crosst,2024,President,NY,,2024-09-25,41,1000,LV,57.3,42.7,-14.66,,,Age,70 or more years,70 or more years,48.6,51.4,,,,,emerson_sheets,2024-09-23
2024-President-NY|Emerson september-2024-new-york-poll-harris-54-t,Emerson College Polling,Emerson,emerson_1tgXGdNd_NY_President_crosst,2024,President,NY,,2024-09-25,41,1000,LV,57.3,42.7,-14.66,,,Education,HSorLess,HSorLess,55.53,44.47,,,,,emerson_sheets,2024-09-23
2024-President-NY|Emerson september-2024-new-york-poll-harris-54-t,Emerson College Polling,Emerson,emerson_1tgXGdNd_NY_President_crosst,2024,President,NY,,2024-09-25,41,1000,LV,57.3,42.7,-14.66,,,Education,SomeCollege,SomeCollege,45.94,54.06,,,,,emerson_sheets,2024-09-23
2024-President-NY|Emerson september-2024-new-york-poll-harris-54-t,Emerson College Polling,Emerson,emerson_1tgXGdNd_NY_President_crosst,2024,President,NY,,2024-09-25,41,1000,LV,57.3,42.7,-14.66,,,Education,BA,BA,66.29,33.71,,,,,emerson_sheets,2024-09-23
2024-President-NY|Emerson september-2024-new-york-poll-harris-54-t,Emerson College Polling,Emerson,emerson_1tgXGdNd_NY_President_crosst,2024,President,NY,,2024-09-25,41,1000,LV,57.3,42.7,-14.66,,,Gender,Male,Male,55.81,44.19,,,,,emerson_sheets,2024-09-23
2024-President-NY|Emerson september-2024-new-york-poll-harris-54-t,Emerson College Polling,Emerson,emerson_1tgXGdNd_NY_President_crosst,2024,President,NY,,2024-09-25,41,1000,LV,57.3,42.7,-14.66,,,Gender,Female,Female,58.52,41.48,,,,,emerson_sheets,2024-09-23
2024-President-NY|Emerson september-2024-new-york-poll-harris-54-t,Emerson College Polling,Emerson,emerson_1tgXGdNd_NY_President_crosst,2024,President,NY,,2024-09-25,41,1000,LV,57.3,42.7,-14.66,,,Gender,Nonbinary,Nonbinary,77.3,22.7,,,,,emerson_sheets,2024-09-23
2024-President-NY|Emerson september-2024-new-york-poll-harris-54-t,Emerson College Polling,Emerson,emerson_1tgXGdNd_NY_President_crosst,2024,President,NY,,2024-09-25,41,1000,LV,57.2,42.8,-14.38,,,Race,Hispanic,Hispanic,76.87,23.13,,,,,emerson_sheets,2024-09-23
2024-President-NY|Emerson september-2024-new-york-poll-harris-54-t,Emerson College Polling,Emerson,emerson_1tgXGdNd_NY_President_crosst,2024,President,NY,,2024-09-25,41,1000,LV,57.2,42.8,-14.38,,,Race,White,White,45.13,54.87,,,,,emerson_sheets,2024-09-23
2024-President-NY|Emerson september-2024-new-york-poll-harris-54-t,Emerson College Polling,Emerson,emerson_1tgXGdNd_NY_President_crosst,2024,President,NY,,2024-09-25,41,1000,LV,57.2,42.8,-14.38,,,Race,Black,Black,89.94,10.06,,,,,emerson_sheets,2024-09-23
2024-President-NY|Emerson september-2024-new-york-poll-harris-54-t,Emerson College Polling,Emerson,emerson_1tgXGdNd_NY_President_crosst,2024,President,NY,,2024-09-25,41,1000,LV,57.2,42.8,-14.38,,,Race,Asian,Asian,65.25,34.75,,,,,emerson_sheets,2024-09-23
2024-President-NY|Emerson september-2024-new-york-poll-harris-54-t,Emerson College Polling,Emerson,emerson_1tgXGdNd_NY_President_crosst,2024,President,NY,,2024-09-25,41,1000,LV,57.2,42.8,-14.38,,,Race,Other,Other,40.62,59.38,,,,,emerson_sheets,2024-09-23
2024-President-NY|Emerson september-2024-new-york-poll-harris-54-t,Emerson College Polling,Emerson,emerson_1tgXGdNd_NY_President_crosst,2024,President,NY,,2024-09-25,41,1000,LV,57.2,42.8,-14.38,,,Age,18-29 years,18-29 years,64.15,35.85,,,,,emerson_sheets,2024-09-23
2024-President-NY|Emerson september-2024-new-york-poll-harris-54-t,Emerson College Polling,Emerson,emerson_1tgXGdNd_NY_President_crosst,2024,President,NY,,2024-09-25,41,1000,LV,57.2,42.8,-14.38,,,Age,30-39 years,30-39 years,58.97,41.03,,,,,emerson_sheets,2024-09-23
2024-President-NY|Emerson september-2024-new-york-poll-harris-54-t,Emerson College Polling,Emerson,emerson_1tgXGdNd_NY_President_crosst,2024,President,NY,,2024-09-25,41,1000,LV,57.2,42.8,-14.38,,,Age,40-49 years,40-49,64.06,35.94,,,,,emerson_sheets,2024-09-23
2024-President-NY|Emerson september-2024-new-york-poll-harris-54-t,Emerson College Polling,Emerson,emerson_1tgXGdNd_NY_President_crosst,2024,President,NY,,2024-09-25,41,1000,LV,57.2,42.8,-14.38,,,Age,50-59 years,50-59,52.28,47.72,,,,,emerson_sheets,2024-09-23
2024-President-NY|Emerson september-2024-new-york-poll-harris-54-t,Emerson College Polling,Emerson,emerson_1tgXGdNd_NY_President_crosst,2024,President,NY,,2024-09-25,41,1000,LV,57.2,42.8,-14.38,,,Age,60-69 years,60-69,52.78,47.22,,,,,emerson_sheets,2024-09-23
2024-President-NY|Emerson september-2024-new-york-poll-harris-54-t,Emerson College Polling,Emerson,emerson_1tgXGdNd_NY_President_crosst,2024,President,NY,,2024-09-25,41,1000,LV,57.2,42.8,-14.38,,,Age,70 or more years,70 or more years,48.61,51.39,,,,,emerson_sheets,2024-09-23
2024-President-NY|Emerson september-2024-new-york-poll-harris-54-t,Emerson College Polling,Emerson,emerson_1tgXGdNd_NY_President_crosst,2024,President,NY,,2024-09-25,41,1000,LV,57.2,42.8,-14.38,,,Education,HSorLess,HSorLess,55.73,44.27,,,,,emerson_sheets,2024-09-23
2024-President-NY|Emerson september-2024-new-york-poll-harris-54-t,Emerson College Polling,Emerson,emerson_1tgXGdNd_NY_President_crosst,2024,President,NY,,2024-09-25,41,1000,LV,57.2,42.8,-14.38,,,Education,SomeCollege,SomeCollege,45.25,54.75,,,,,emerson_sheets,2024-09-23
2024-President-NY|Emerson september-2024-new-york-poll-harris-54-t,Emerson College Polling,Emerson,emerson_1tgXGdNd_NY_President_crosst,2024,President,NY,,2024-09-25,41,1000,LV,57.2,42.8,-14.38,,,Education,BA,BA,66.38,33.62,,,,,emerson_sheets,2024-09-23
2024-President-NY|Emerson september-2024-new-york-poll-harris-54-t,Emerson College Polling,Emerson,emerson_1tgXGdNd_NY_President_crosst,2024,President,NY,,2024-09-25,41,1000,LV,57.2,42.8,-14.38,,,Gender,Male,Male,55.04,44.96,,,,,emerson_sheets,2024-09-23
2024-President-NY|Emerson september-2024-new-york-poll-harris-54-t,Emerson College Polling,Emerson,emerson_1tgXGdNd_NY_President_crosst,2024,President,NY,,2024-09-25,41,1000,LV,57.2,42.8,-14.38,,,Gender,Female,Female,59.01,40.99,,,,,emerson_sheets,2024-09-23
2024-President-NY|Emerson september-2024-new-york-poll-harris-54-t,Emerson College Polling,Emerson,emerson_1tgXGdNd_NY_President_crosst,2024,President,NY,,2024-09-25,41,1000,LV,57.2,42.8,-14.38,,,Gender,Nonbinary,Nonbinary,72.28,27.72,,,,,emerson_sheets,2024-09-23
2024-Senate-NY|Emerson september-2024-new-york-poll-harris-54-t,Emerson College Polling,Emerson,emerson_1tgXGdNd_NY_Senate_crosst,2024,Senate,NY,,2024-09-25,41,1000,LV,60.0,40.0,-20.03,,,Race,Hispanic,Hispanic,77.6,22.4,,,,,emerson_sheets,2024-09-23
2024-Senate-NY|Emerson september-2024-new-york-poll-harris-54-t,Emerson College Polling,Emerson,emerson_1tgXGdNd_NY_Senate_crosst,2024,Senate,NY,,2024-09-25,41,1000,LV,60.0,40.0,-20.03,,,Race,White,White,49.36,50.64,,,,,emerson_sheets,2024-09-23
2024-Senate-NY|Emerson september-2024-new-york-poll-harris-54-t,Emerson College Polling,Emerson,emerson_1tgXGdNd_NY_Senate_crosst,2024,Senate,NY,,2024-09-25,41,1000,LV,60.0,40.0,-20.03,,,Race,Black,Black,90.13,9.87,,,,,emerson_sheets,2024-09-23
2024-Senate-NY|Emerson september-2024-new-york-poll-harris-54-t,Emerson College Polling,Emerson,emerson_1tgXGdNd_NY_Senate_crosst,2024,Senate,NY,,2024-09-25,41,1000,LV,60.0,40.0,-20.03,,,Race,Asian,Asian,70.85,29.15,,,,,emerson_sheets,2024-09-23
2024-Senate-NY|Emerson september-2024-new-york-poll-harris-54-t,Emerson College Polling,Emerson,emerson_1tgXGdNd_NY_Senate_crosst,2024,Senate,NY,,2024-09-25,41,1000,LV,60.0,40.0,-20.03,,,Race,Other,Other,46.91,53.09,,,,,emerson_sheets,2024-09-23
2024-Senate-NY|Emerson september-2024-new-york-poll-harris-54-t,Emerson College Polling,Emerson,emerson_1tgXGdNd_NY_Senate_crosst,2024,Senate,NY,,2024-09-25,41,1000,LV,60.0,40.0,-20.03,,,Age,18-29 years,18-29 years,64.46,35.54,,,,,emerson_sheets,2024-09-23
2024-Senate-NY|Emerson september-2024-new-york-poll-harris-54-t,Emerson College Polling,Emerson,emerson_1tgXGdNd_NY_Senate_crosst,2024,Senate,NY,,2024-09-25,41,1000,LV,60.0,40.0,-20.03,,,Age,30-39 years,30-39 years,58.68,41.32,,,,,emerson_sheets,2024-09-23
2024-Senate-NY|Emerson september-2024-new-york-poll-harris-54-t,Emerson College Polling,Emerson,emerson_1tgXGdNd_NY_Senate_crosst,2024,Senate,NY,,2024-09-25,41,1000,LV,60.0,40.0,-20.03,,,Age,40-49 years,40-49,69.53,30.47,,,,,emerson_sheets,2024-09-23
2024-Senate-NY|Emerson september-2024-new-york-poll-harris-54-t,Emerson College Polling,Emerson,emerson_1tgXGdNd_NY_Senate_crosst,2024,Senate,NY,,2024-09-25,41,1000,LV,60.0,40.0,-20.03,,,Age,50-59 years,50-59,56.8,43.2,,,,,emerson_sheets,2024-09-23
2024-Senate-NY|Emerson september-2024-new-york-poll-harris-54-t,Emerson College Polling,Emerson,emerson_1tgXGdNd_NY_Senate_crosst,2024,Senate,NY,,2024-09-25,41,1000,LV,60.0,40.0,-20.03,,,Age,60-69 years,60-69,56.21,43.79,,,,,emerson_sheets,2024-09-23
2024-Senate-NY|Emerson september-2024-new-york-poll-harris-54-t,Emerson College Polling,Emerson,emerson_1tgXGdNd_NY_Senate_crosst,2024,Senate,NY,,2024-09-25,41,1000,LV,60.0,40.0,-20.03,,,Age,70 or more years,70 or more years,51.54,48.46,,,,,emerson_sheets,2024-09-23
2024-Senate-NY|Emerson september-2024-new-york-poll-harris-54-t,Emerson College Polling,Emerson,emerson_1tgXGdNd_NY_Senate_crosst,2024,Senate,NY,,2024-09-25,41,1000,LV,60.0,40.0,-20.03,,,Education,HSorLess,HSorLess,53.01,46.99,,,,,emerson_sheets,2024-09-23
2024-Senate-NY|Emerson september-2024-new-york-poll-harris-54-t,Emerson College Polling,Emerson,emerson_1tgXGdNd_NY_Senate_crosst,2024,Senate,NY,,2024-09-25,41,1000,LV,60.0,40.0,-20.03,,,Education,SomeCollege,SomeCollege,50.13,49.87,,,,,emerson_sheets,2024-09-23
2024-Senate-NY|Emerson september-2024-new-york-poll-harris-54-t,Emerson College Polling,Emerson,emerson_1tgXGdNd_NY_Senate_crosst,2024,Senate,NY,,2024-09-25,41,1000,LV,60.0,40.0,-20.03,,,Education,BA,BA,69.49,30.51,,,,,emerson_sheets,2024-09-23
2024-Senate-NY|Emerson september-2024-new-york-poll-harris-54-t,Emerson College Polling,Emerson,emerson_1tgXGdNd_NY_Senate_crosst,2024,Senate,NY,,2024-09-25,41,1000,LV,60.0,40.0,-20.03,,,Gender,Male,Male,56.27,43.73,,,,,emerson_sheets,2024-09-23
2024-Senate-NY|Emerson september-2024-new-york-poll-harris-54-t,Emerson College Polling,Emerson,emerson_1tgXGdNd_NY_Senate_crosst,2024,Senate,NY,,2024-09-25,41,1000,LV,60.0,40.0,-20.03,,,Gender,Female,Female,63.72,36.28,,,,,emerson_sheets,2024-09-23
2024-Senate-NY|Emerson september-2024-new-york-poll-harris-54-t,Emerson College Polling,Emerson,emerson_1tgXGdNd_NY_Senate_crosst,2024,Senate,NY,,2024-09-25,41,1000,LV,60.0,40.0,-20.03,,,Gender,Nonbinary,Nonbinary,72.77,27.23,,,,,emerson_sheets,2024-09-23
2024-President-SD|Emerson october-2024-south-dakota-poll-trump-62-,Emerson College Polling,Emerson,emerson_1Ss4zZ6J_SD_President_crosst,2024,President,SD,,2024-10-22,14,825,LV,36.0,64.0,28.01,,,Race,Hispanic,Hispanic,51.78,48.22,,,,,emerson_sheets,2024-10-19
2024-President-SD|Emerson october-2024-south-dakota-poll-trump-62-,Emerson College Polling,Emerson,emerson_1Ss4zZ6J_SD_President_crosst,2024,President,SD,,2024-10-22,14,825,LV,36.0,64.0,28.01,,,Race,White,White,34.31,65.69,,,,,emerson_sheets,2024-10-19
2024-President-SD|Emerson october-2024-south-dakota-poll-trump-62-,Emerson College Polling,Emerson,emerson_1Ss4zZ6J_SD_President_crosst,2024,President,SD,,2024-10-22,14,825,LV,36.0,64.0,28.01,,,Race,Black,Black,65.03,34.97,,,,,emerson_sheets,2024-10-19
2024-President-SD|Emerson october-2024-south-dakota-poll-trump-62-,Emerson College Polling,Emerson,emerson_1Ss4zZ6J_SD_President_crosst,2024,President,SD,,2024-10-22,14,825,LV,36.0,64.0,28.01,,,Race,Asian,Asian,68.13,31.87,,,,,emerson_sheets,2024-10-19
2024-President-SD|Emerson october-2024-south-dakota-poll-trump-62-,Emerson College Polling,Emerson,emerson_1Ss4zZ6J_SD_President_crosst,2024,President,SD,,2024-10-22,14,825,LV,36.0,64.0,28.01,,,Race,Other,Other,38.5,61.5,,,,,emerson_sheets,2024-10-19
2024-President-SD|Emerson october-2024-south-dakota-poll-trump-62-,Emerson College Polling,Emerson,emerson_1Ss4zZ6J_SD_President_crosst,2024,President,SD,,2024-10-22,14,825,LV,36.0,64.0,28.01,,,Age,18-29 years,18-29 years,55.74,44.26,,,,,emerson_sheets,2024-10-19
2024-President-SD|Emerson october-2024-south-dakota-poll-trump-62-,Emerson College Polling,Emerson,emerson_1Ss4zZ6J_SD_President_crosst,2024,President,SD,,2024-10-22,14,825,LV,36.0,64.0,28.01,,,Age,30-39 years,30-39 years,37.18,62.82,,,,,emerson_sheets,2024-10-19
2024-President-SD|Emerson october-2024-south-dakota-poll-trump-62-,Emerson College Polling,Emerson,emerson_1Ss4zZ6J_SD_President_crosst,2024,President,SD,,2024-10-22,14,825,LV,36.0,64.0,28.01,,,Age,40-49 years,40-49,35.57,64.43,,,,,emerson_sheets,2024-10-19
2024-President-SD|Emerson october-2024-south-dakota-poll-trump-62-,Emerson College Polling,Emerson,emerson_1Ss4zZ6J_SD_President_crosst,2024,President,SD,,2024-10-22,14,825,LV,36.0,64.0,28.01,,,Age,50-59 years,50-59,27.01,72.99,,,,,emerson_sheets,2024-10-19
2024-President-SD|Emerson october-2024-south-dakota-poll-trump-62-,Emerson College Polling,Emerson,emerson_1Ss4zZ6J_SD_President_crosst,2024,President,SD,,2024-10-22,14,825,LV,36.0,64.0,28.01,,,Age,60-69 years,60-69,36.1,63.9,,,,,emerson_sheets,2024-10-19
2024-President-SD|Emerson october-2024-south-dakota-poll-trump-62-,Emerson College Polling,Emerson,emerson_1Ss4zZ6J_SD_President_crosst,2024,President,SD,,2024-10-22,14,825,LV,36.0,64.0,28.01,,,Age,70 or more years,70 or more years,36.33,63.67,,,,,emerson_sheets,2024-10-19
2024-President-SD|Emerson october-2024-south-dakota-poll-trump-62-,Emerson College Polling,Emerson,emerson_1Ss4zZ6J_SD_President_crosst,2024,President,SD,,2024-10-22,14,825,LV,36.0,64.0,28.01,,,Education,HSorLess,HSorLess,25.65,74.35,,,,,emerson_sheets,2024-10-19
2024-President-SD|Emerson october-2024-south-dakota-poll-trump-62-,Emerson College Polling,Emerson,emerson_1Ss4zZ6J_SD_President_crosst,2024,President,SD,,2024-10-22,14,825,LV,36.0,64.0,28.01,,,Education,SomeCollege,SomeCollege,33.16,66.84,,,,,emerson_sheets,2024-10-19
2024-President-SD|Emerson october-2024-south-dakota-poll-trump-62-,Emerson College Polling,Emerson,emerson_1Ss4zZ6J_SD_President_crosst,2024,President,SD,,2024-10-22,14,825,LV,36.0,64.0,28.01,,,Education,BA,BA,44.51,55.49,,,,,emerson_sheets,2024-10-19
2024-President-SD|Emerson october-2024-south-dakota-poll-trump-62-,Emerson College Polling,Emerson,emerson_1Ss4zZ6J_SD_President_crosst,2024,President,SD,,2024-10-22,14,825,LV,36.0,64.0,28.01,,,Gender,Male,Male,30.04,69.96,,,,,emerson_sheets,2024-10-19
2024-President-SD|Emerson october-2024-south-dakota-poll-trump-62-,Emerson College Polling,Emerson,emerson_1Ss4zZ6J_SD_President_crosst,2024,President,SD,,2024-10-22,14,825,LV,36.0,64.0,28.01,,,Gender,Female,Female,41.15,58.85,,,,,emerson_sheets,2024-10-19
2024-President-SD|Emerson october-2024-south-dakota-poll-trump-62-,Emerson College Polling,Emerson,emerson_1Ss4zZ6J_SD_President_crosst,2024,President,SD,,2024-10-22,14,825,LV,36.0,64.0,28.01,,,Gender,Nonbinary,Nonbinary,100.0,0.0,,,,,emerson_sheets,2024-10-19
2024-President-SD|Emerson october-2024-south-dakota-poll-trump-62-,Emerson College Polling,Emerson,emerson_1Ss4zZ6J_SD_President_crosst,2024,President,SD,,2024-10-22,14,825,LV,37.0,63.0,25.92,,,Race,Hispanic,Hispanic,51.78,48.22,,,,,emerson_sheets,2024-10-19
2024-President-SD|Emerson october-2024-south-dakota-poll-trump-62-,Emerson College Polling,Emerson,emerson_1Ss4zZ6J_SD_President_crosst,2024,President,SD,,2024-10-22,14,825,LV,37.0,63.0,25.92,,,Race,White,White,35.2,64.8,,,,,emerson_sheets,2024-10-19
2024-President-SD|Emerson october-2024-south-dakota-poll-trump-62-,Emerson College Polling,Emerson,emerson_1Ss4zZ6J_SD_President_crosst,2024,President,SD,,2024-10-22,14,825,LV,37.0,63.0,25.92,,,Race,Black,Black,66.03,33.97,,,,,emerson_sheets,2024-10-19
2024-President-SD|Emerson october-2024-south-dakota-poll-trump-62-,Emerson College Polling,Emerson,emerson_1Ss4zZ6J_SD_President_crosst,2024,President,SD,,2024-10-22,14,825,LV,37.0,63.0,25.92,,,Race,Asian,Asian,68.13,31.87,,,,,emerson_sheets,2024-10-19
2024-President-SD|Emerson october-2024-south-dakota-poll-trump-62-,Emerson College Polling,Emerson,emerson_1Ss4zZ6J_SD_President_crosst,2024,President,SD,,2024-10-22,14,825,LV,37.0,63.0,25.92,,,Race,Other,Other,42.61,57.39,,,,,emerson_sheets,2024-10-19
2024-President-SD|Emerson october-2024-south-dakota-poll-trump-62-,Emerson College Polling,Emerson,emerson_1Ss4zZ6J_SD_President_crosst,2024,President,SD,,2024-10-22,14,825,LV,37.0,63.0,25.92,,,Age,18-29 years,18-29 years,53.21,46.79,,,,,emerson_sheets,2024-10-19
2024-President-SD|Emerson october-2024-south-dakota-poll-trump-62-,Emerson College Polling,Emerson,emerson_1Ss4zZ6J_SD_President_crosst,2024,President,SD,,2024-10-22,14,825,LV,37.0,63.0,25.92,,,Age,30-39 years,30-39 years,40.23,59.77,,,,,emerson_sheets,2024-10-19
2024-President-SD|Emerson october-2024-south-dakota-poll-trump-62-,Emerson College Polling,Emerson,emerson_1Ss4zZ6J_SD_President_crosst,2024,President,SD,,2024-10-22,14,825,LV,37.0,63.0,25.92,,,Age,40-49 years,40-49,36.97,63.03,,,,,emerson_sheets,2024-10-19
2024-President-SD|Emerson october-2024-south-dakota-poll-trump-62-,Emerson College Polling,Emerson,emerson_1Ss4zZ6J_SD_President_crosst,2024,President,SD,,2024-10-22,14,825,LV,37.0,63.0,25.92,,,Age,50-59 years,50-59,28.87,71.13,,,,,emerson_sheets,2024-10-19
2024-President-SD|Emerson october-2024-south-dakota-poll-trump-62-,Emerson College Polling,Emerson,emerson_1Ss4zZ6J_SD_President_crosst,2024,President,SD,,2024-10-22,14,825,LV,37.0,63.0,25.92,,,Age,60-69 years,60-69,37.0,63.0,,,,,emerson_sheets,2024-10-19
2024-President-SD|Emerson october-2024-south-dakota-poll-trump-62-,Emerson College Polling,Emerson,emerson_1Ss4zZ6J_SD_President_crosst,2024,President,SD,,2024-10-22,14,825,LV,37.0,63.0,25.92,,,Age,70 or more years,70 or more years,36.33,63.67,,,,,emerson_sheets,2024-10-19
2024-President-SD|Emerson october-2024-south-dakota-poll-trump-62-,Emerson College Polling,Emerson,emerson_1Ss4zZ6J_SD_President_crosst,2024,President,SD,,2024-10-22,14,825,LV,37.0,63.0,25.92,,,Education,HSorLess,HSorLess,27.77,72.23,,,,,emerson_sheets,2024-10-19
2024-President-SD|Emerson october-2024-south-dakota-poll-trump-62-,Emerson College Polling,Emerson,emerson_1Ss4zZ6J_SD_President_crosst,2024,President,SD,,2024-10-22,14,825,LV,37.0,63.0,25.92,,,Education,SomeCollege,SomeCollege,33.87,66.13,,,,,emerson_sheets,2024-10-19
2024-President-SD|Emerson october-2024-south-dakota-poll-trump-62-,Emerson College Polling,Emerson,emerson_1Ss4zZ6J_SD_President_crosst,2024,President,SD,,2024-10-22,14,825,LV,37.0,63.0,25.92,,,Education,BA,BA,45.49,54.51,,,,,emerson_sheets,2024-10-19
2024-President-SD|Emerson october-2024-south-dakota-poll-trump-62-,Emerson College Polling,Emerson,emerson_1Ss4zZ6J_SD_President_crosst,2024,President,SD,,2024-10-22,14,825,LV,37.0,63.0,25.92,,,Gender,Male,Male,31.09,68.91,,,,,emerson_sheets,2024-10-19
2024-President-SD|Emerson october-2024-south-dakota-poll-trump-62-,Emerson College Polling,Emerson,emerson_1Ss4zZ6J_SD_President_crosst,2024,President,SD,,2024-10-22,14,825,LV,37.0,63.0,25.92,,,Gender,Female,Female,42.13,57.87,,,,,emerson_sheets,2024-10-19
2024-President-SD|Emerson october-2024-south-dakota-poll-trump-62-,Emerson College Polling,Emerson,emerson_1Ss4zZ6J_SD_President_crosst,2024,President,SD,,2024-10-22,14,825,LV,37.0,63.0,25.92,,,Gender,Nonbinary,Nonbinary,100.0,0.0,,,,,emerson_sheets,2024-10-19
2024-President-SD|Emerson october-2024-south-dakota-poll-trump-62-,Emerson College Polling,Emerson,emerson_1Ss4zZ6J_SD_President_crosst,2024,President,SD,,2024-10-22,14,825,LV,30.4,69.6,39.2,,,Race,Hispanic,Hispanic,35.58,64.42,,,,,emerson_sheets,2024-10-19
2024-President-SD|Emerson october-2024-south-dakota-poll-trump-62-,Emerson College Polling,Emerson,emerson_1Ss4zZ6J_SD_President_crosst,2024,President,SD,,2024-10-22,14,825,LV,30.4,69.6,39.2,,,Race,White,White,27.52,72.48,,,,,emerson_sheets,2024-10-19
2024-President-SD|Emerson october-2024-south-dakota-poll-trump-62-,Emerson College Polling,Emerson,emerson_1Ss4zZ6J_SD_President_crosst,2024,President,SD,,2024-10-22,14,825,LV,30.4,69.6,39.2,,,Race,Black,Black,72.41,27.59,,,,,emerson_sheets,2024-10-19
2024-President-SD|Emerson october-2024-south-dakota-poll-trump-62-,Emerson College Polling,Emerson,emerson_1Ss4zZ6J_SD_President_crosst,2024,President,SD,,2024-10-22,14,825,LV,30.4,69.6,39.2,,,Race,Asian,Asian,68.13,31.87,,,,,emerson_sheets,2024-10-19
2024-President-SD|Emerson october-2024-south-dakota-poll-trump-62-,Emerson College Polling,Emerson,emerson_1Ss4zZ6J_SD_President_crosst,2024,President,SD,,2024-10-22,14,825,LV,30.4,69.6,39.2,,,Race,Other,Other,52.92,47.08,,,,,emerson_sheets,2024-10-19
2024-President-SD|Emerson october-2024-south-dakota-poll-trump-62-,Emerson College Polling,Emerson,emerson_1Ss4zZ6J_SD_President_crosst,2024,President,SD,,2024-10-22,14,825,LV,30.4,69.6,39.2,,,Age,18-29 years,18-29 years,50.23,49.77,,,,,emerson_sheets,2024-10-19
2024-President-SD|Emerson october-2024-south-dakota-poll-trump-62-,Emerson College Polling,Emerson,emerson_1Ss4zZ6J_SD_President_crosst,2024,President,SD,,2024-10-22,14,825,LV,30.4,69.6,39.2,,,Age,30-39 years,30-39 years,25.48,74.52,,,,,emerson_sheets,2024-10-19
2024-President-SD|Emerson october-2024-south-dakota-poll-trump-62-,Emerson College Polling,Emerson,emerson_1Ss4zZ6J_SD_President_crosst,2024,President,SD,,2024-10-22,14,825,LV,30.4,69.6,39.2,,,Age,40-49 years,40-49,36.84,63.16,,,,,emerson_sheets,2024-10-19
2024-President-SD|Emerson october-2024-south-dakota-poll-trump-62-,Emerson College Polling,Emerson,emerson_1Ss4zZ6J_SD_President_crosst,2024,President,SD,,2024-10-22,14,825,LV,30.4,69.6,39.2,,,Age,50-59 years,50-59,25.72,74.28,,,,,emerson_sheets,2024-10-19
2024-President-SD|Emerson october-2024-south-dakota-poll-trump-62-,Emerson College Polling,Emerson,emerson_1Ss4zZ6J_SD_President_crosst,2024,President,SD,,2024-10-22,14,825,LV,30.4,69.6,39.2,,,Age,60-69 years,60-69,29.91,70.09,,,,,emerson_sheets,2024-10-19
2024-President-SD|Emerson october-2024-south-dakota-poll-trump-62-,Emerson College Polling,Emerson,emerson_1Ss4zZ6J_SD_President_crosst,2024,President,SD,,2024-10-22,14,825,LV,30.4,69.6,39.2,,,Age,70 or more years,70 or more years,27.19,72.81,,,,,emerson_sheets,2024-10-19
2024-President-SD|Emerson october-2024-south-dakota-poll-trump-62-,Emerson College Polling,Emerson,emerson_1Ss4zZ6J_SD_President_crosst,2024,President,SD,,2024-10-22,14,825,LV,30.4,69.6,39.2,,,Education,HSorLess,HSorLess,19.72,80.28,,,,,emerson_sheets,2024-10-19
2024-President-SD|Emerson october-2024-south-dakota-poll-trump-62-,Emerson College Polling,Emerson,emerson_1Ss4zZ6J_SD_President_crosst,2024,President,SD,,2024-10-22,14,825,LV,30.4,69.6,39.2,,,Education,SomeCollege,SomeCollege,30.95,69.05,,,,,emerson_sheets,2024-10-19
2024-President-SD|Emerson october-2024-south-dakota-poll-trump-62-,Emerson College Polling,Emerson,emerson_1Ss4zZ6J_SD_President_crosst,2024,President,SD,,2024-10-22,14,825,LV,30.4,69.6,39.2,,,Education,BA,BA,35.19,64.81,,,,,emerson_sheets,2024-10-19
2024-President-SD|Emerson october-2024-south-dakota-poll-trump-62-,Emerson College Polling,Emerson,emerson_1Ss4zZ6J_SD_President_crosst,2024,President,SD,,2024-10-22,14,825,LV,30.4,69.6,39.2,,,Gender,Male,Male,25.91,74.09,,,,,emerson_sheets,2024-10-19
2024-President-SD|Emerson october-2024-south-dakota-poll-trump-62-,Emerson College Polling,Emerson,emerson_1Ss4zZ6J_SD_President_crosst,2024,President,SD,,2024-10-22,14,825,LV,30.4,69.6,39.2,,,Gender,Female,Female,34.19,65.81,,,,,emerson_sheets,2024-10-19
2024-President-SD|Emerson october-2024-south-dakota-poll-trump-62-,Emerson College Polling,Emerson,emerson_1Ss4zZ6J_SD_President_crosst,2024,President,SD,,2024-10-22,14,825,LV,30.4,69.6,39.2,,,Gender,Nonbinary,Nonbinary,100.0,0.0,,,,,emerson_sheets,2024-10-19
2024-President-VA|Emerson september-2024-virginia-poll-harris-52-t,Emerson College Polling,Emerson,emerson_1oA8tuH8_VA_President_crosst,2024,President,VA,,2024-09-24,42,860,LV,53.9,46.1,-7.84,,,Race,Hispanic,Hispanic,59.95,40.05,,,,,emerson_sheets,2024-09-22
2024-President-VA|Emerson september-2024-virginia-poll-harris-52-t,Emerson College Polling,Emerson,emerson_1oA8tuH8_VA_President_crosst,2024,President,VA,,2024-09-24,42,860,LV,53.9,46.1,-7.84,,,Race,White,White,43.8,56.2,,,,,emerson_sheets,2024-09-22
2024-President-VA|Emerson september-2024-virginia-poll-harris-52-t,Emerson College Polling,Emerson,emerson_1oA8tuH8_VA_President_crosst,2024,President,VA,,2024-09-24,42,860,LV,53.9,46.1,-7.84,,,Race,Black,Black,88.39,11.61,,,,,emerson_sheets,2024-09-22
2024-President-VA|Emerson september-2024-virginia-poll-harris-52-t,Emerson College Polling,Emerson,emerson_1oA8tuH8_VA_President_crosst,2024,President,VA,,2024-09-24,42,860,LV,53.9,46.1,-7.84,,,Race,Asian,Asian,68.61,31.39,,,,,emerson_sheets,2024-09-22
2024-President-VA|Emerson september-2024-virginia-poll-harris-52-t,Emerson College Polling,Emerson,emerson_1oA8tuH8_VA_President_crosst,2024,President,VA,,2024-09-24,42,860,LV,53.9,46.1,-7.84,,,Race,Other,Other,52.28,47.72,,,,,emerson_sheets,2024-09-22
2024-President-VA|Emerson september-2024-virginia-poll-harris-52-t,Emerson College Polling,Emerson,emerson_1oA8tuH8_VA_President_crosst,2024,President,VA,,2024-09-24,42,860,LV,53.9,46.1,-7.84,,,Age,18-29 years,18-29 years,66.07,33.93,,,,,emerson_sheets,2024-09-22
2024-President-VA|Emerson september-2024-virginia-poll-harris-52-t,Emerson College Polling,Emerson,emerson_1oA8tuH8_VA_President_crosst,2024,President,VA,,2024-09-24,42,860,LV,53.9,46.1,-7.84,,,Age,30-39 years,30-39 years,58.5,41.5,,,,,emerson_sheets,2024-09-22
2024-President-VA|Emerson september-2024-virginia-poll-harris-52-t,Emerson College Polling,Emerson,emerson_1oA8tuH8_VA_President_crosst,2024,President,VA,,2024-09-24,42,860,LV,53.9,46.1,-7.84,,,Age,40-49 years,40-49,59.03,40.97,,,,,emerson_sheets,2024-09-22
2024-President-VA|Emerson september-2024-virginia-poll-harris-52-t,Emerson College Polling,Emerson,emerson_1oA8tuH8_VA_President_crosst,2024,President,VA,,2024-09-24,42,860,LV,53.9,46.1,-7.84,,,Age,50-59 years,50-59,45.74,54.26,,,,,emerson_sheets,2024-09-22
2024-President-VA|Emerson september-2024-virginia-poll-harris-52-t,Emerson College Polling,Emerson,emerson_1oA8tuH8_VA_President_crosst,2024,President,VA,,2024-09-24,42,860,LV,53.9,46.1,-7.84,,,Age,60-69 years,60-69,46.07,53.93,,,,,emerson_sheets,2024-09-22
2024-President-VA|Emerson september-2024-virginia-poll-harris-52-t,Emerson College Polling,Emerson,emerson_1oA8tuH8_VA_President_crosst,2024,President,VA,,2024-09-24,42,860,LV,53.9,46.1,-7.84,,,Age,70 or more years,70 or more years,44.95,55.05,,,,,emerson_sheets,2024-09-22
2024-President-VA|Emerson september-2024-virginia-poll-harris-52-t,Emerson College Polling,Emerson,emerson_1oA8tuH8_VA_President_crosst,2024,President,VA,,2024-09-24,42,860,LV,53.9,46.1,-7.84,,,Education,HSorLess,HSorLess,46.91,53.09,,,,,emerson_sheets,2024-09-22
2024-President-VA|Emerson september-2024-virginia-poll-harris-52-t,Emerson College Polling,Emerson,emerson_1oA8tuH8_VA_President_crosst,2024,President,VA,,2024-09-24,42,860,LV,53.9,46.1,-7.84,,,Education,SomeCollege,SomeCollege,53.18,46.82,,,,,emerson_sheets,2024-09-22
2024-President-VA|Emerson september-2024-virginia-poll-harris-52-t,Emerson College Polling,Emerson,emerson_1oA8tuH8_VA_President_crosst,2024,President,VA,,2024-09-24,42,860,LV,53.9,46.1,-7.84,,,Education,BA,BA,57.77,42.23,,,,,emerson_sheets,2024-09-22
2024-President-VA|Emerson september-2024-virginia-poll-harris-52-t,Emerson College Polling,Emerson,emerson_1oA8tuH8_VA_President_crosst,2024,President,VA,,2024-09-24,42,860,LV,53.9,46.1,-7.84,,,Gender,Male,Male,47.42,52.58,,,,,emerson_sheets,2024-09-22
2024-President-VA|Emerson september-2024-virginia-poll-harris-52-t,Emerson College Polling,Emerson,emerson_1oA8tuH8_VA_President_crosst,2024,President,VA,,2024-09-24,42,860,LV,53.9,46.1,-7.84,,,Gender,Female,Female,60.6,39.4,,,,,emerson_sheets,2024-09-22
2024-President-VA|Emerson september-2024-virginia-poll-harris-52-t,Emerson College Polling,Emerson,emerson_1oA8tuH8_VA_President_crosst,2024,President,VA,,2024-09-24,42,860,LV,53.9,46.1,-7.84,,,Gender,Nonbinary,Nonbinary,2.23,97.77,,,,,emerson_sheets,2024-09-22
2024-President-VA|Emerson september-2024-virginia-poll-harris-52-t,Emerson College Polling,Emerson,emerson_1oA8tuH8_VA_President_crosst,2024,President,VA,,2024-09-24,42,860,LV,53.3,46.7,-6.57,,,Race,Hispanic,Hispanic,59.95,40.05,,,,,emerson_sheets,2024-09-22
2024-President-VA|Emerson september-2024-virginia-poll-harris-52-t,Emerson College Polling,Emerson,emerson_1oA8tuH8_VA_President_crosst,2024,President,VA,,2024-09-24,42,860,LV,53.3,46.7,-6.57,,,Race,White,White,43.54,56.46,,,,,emerson_sheets,2024-09-22
2024-President-VA|Emerson september-2024-virginia-poll-harris-52-t,Emerson College Polling,Emerson,emerson_1oA8tuH8_VA_President_crosst,2024,President,VA,,2024-09-24,42,860,LV,53.3,46.7,-6.57,,,Race,Black,Black,84.87,15.13,,,,,emerson_sheets,2024-09-22
2024-President-VA|Emerson september-2024-virginia-poll-harris-52-t,Emerson College Polling,Emerson,emerson_1oA8tuH8_VA_President_crosst,2024,President,VA,,2024-09-24,42,860,LV,53.3,46.7,-6.57,,,Race,Asian,Asian,70.08,29.92,,,,,emerson_sheets,2024-09-22
2024-President-VA|Emerson september-2024-virginia-poll-harris-52-t,Emerson College Polling,Emerson,emerson_1oA8tuH8_VA_President_crosst,2024,President,VA,,2024-09-24,42,860,LV,53.3,46.7,-6.57,,,Race,Other,Other,53.59,46.41,,,,,emerson_sheets,2024-09-22
2024-President-VA|Emerson september-2024-virginia-poll-harris-52-t,Emerson College Polling,Emerson,emerson_1oA8tuH8_VA_President_crosst,2024,President,VA,,2024-09-24,42,860,LV,53.3,46.7,-6.57,,,Age,18-29 years,18-29 years,61.8,38.2,,,,,emerson_sheets,2024-09-22
2024-President-VA|Emerson september-2024-virginia-poll-harris-52-t,Emerson College Polling,Emerson,emerson_1oA8tuH8_VA_President_crosst,2024,President,VA,,2024-09-24,42,860,LV,53.3,46.7,-6.57,,,Age,30-39 years,30-39 years,58.78,41.22,,,,,emerson_sheets,2024-09-22
2024-President-VA|Emerson september-2024-virginia-poll-harris-52-t,Emerson College Polling,Emerson,emerson_1oA8tuH8_VA_President_crosst,2024,President,VA,,2024-09-24,42,860,LV,53.3,46.7,-6.57,,,Age,40-49 years,40-49,58.47,41.53,,,,,emerson_sheets,2024-09-22
2024-President-VA|Emerson september-2024-virginia-poll-harris-52-t,Emerson College Polling,Emerson,emerson_1oA8tuH8_VA_President_crosst,2024,President,VA,,2024-09-24,42,860,LV,53.3,46.7,-6.57,,,Age,50-59 years,50-59,45.91,54.09,,,,,emerson_sheets,2024-09-22
2024-President-VA|Emerson september-2024-virginia-poll-harris-52-t,Emerson College Polling,Emerson,emerson_1oA8tuH8_VA_President_crosst,2024,President,VA,,2024-09-24,42,860,LV,53.3,46.7,-6.57,,,Age,60-69 years,60-69,46.11,53.89,,,,,emerson_sheets,2024-09-22
2024-President-VA|Emerson september-2024-virginia-poll-harris-52-t,Emerson College Polling,Emerson,emerson_1oA8tuH8_VA_President_crosst,2024,President,VA,,2024-09-24,42,860,LV,53.3,46.7,-6.57,,,Age,70 or more years,70 or more years,45.34,54.66,,,,,emerson_sheets,2024-09-22
2024-President-VA|Emerson september-2024-virginia-poll-harris-52-t,Emerson College Polling,Emerson,emerson_1oA8tuH8_VA_President_crosst,2024,President,VA,,2024-09-24,42,860,LV,53.3,46.7,-6.57,,,Education,HSorLess,HSorLess,45.89,54.11,,,,,emerson_sheets,2024-09-22
2024-President-VA|Emerson september-2024-virginia-poll-harris-52-t,Emerson College Polling,Emerson,emerson_1oA8tuH8_VA_President_crosst,2024,President,VA,,2024-09-24,42,860,LV,53.3,46.7,-6.57,,,Education,SomeCollege,SomeCollege,51.73,48.27,,,,,emerson_sheets,2024-09-22
2024-President-VA|Emerson september-2024-virginia-poll-harris-52-t,Emerson College Polling,Emerson,emerson_1oA8tuH8_VA_President_crosst,2024,President,VA,,2024-09-24,42,860,LV,53.3,46.7,-6.57,,,Education,BA,BA,57.99,42.01,,,,,emerson_sheets,2024-09-22
2024-President-VA|Emerson september-2024-virginia-poll-harris-52-t,Emerson College Polling,Emerson,emerson_1oA8tuH8_VA_President_crosst,2024,President,VA,,2024-09-24,42,860,LV,53.3,46.7,-6.57,,,Gender,Male,Male,46.88,53.12,,,,,emerson_sheets,2024-09-22
2024-President-VA|Emerson september-2024-virginia-poll-harris-52-t,Emerson College Polling,Emerson,emerson_1oA8tuH8_VA_President_crosst,2024,President,VA,,2024-09-24,42,860,LV,53.3,46.7,-6.57,,,Gender,Female,Female,59.84,40.16,,,,,emerson_sheets,2024-09-22
2024-President-VA|Emerson september-2024-virginia-poll-harris-52-t,Emerson College Polling,Emerson,emerson_1oA8tuH8_VA_President_crosst,2024,President,VA,,2024-09-24,42,860,LV,53.3,46.7,-6.57,,,Gender,Nonbinary,Nonbinary,2.23,97.77,,,,,emerson_sheets,2024-09-22
2024-Senate-VA|Emerson september-2024-virginia-poll-harris-52-t,Emerson College Polling,Emerson,emerson_1oA8tuH8_VA_Senate_crosst,2024,Senate,VA,,2024-09-24,42,860,LV,55.4,44.6,-10.74,,,Race,Hispanic,Hispanic,60.09,39.91,,,,,emerson_sheets,2024-09-22
2024-Senate-VA|Emerson september-2024-virginia-poll-harris-52-t,Emerson College Polling,Emerson,emerson_1oA8tuH8_VA_Senate_crosst,2024,Senate,VA,,2024-09-24,42,860,LV,55.4,44.6,-10.74,,,Race,White,White,46.19,53.81,,,,,emerson_sheets,2024-09-22
2024-Senate-VA|Emerson september-2024-virginia-poll-harris-52-t,Emerson College Polling,Emerson,emerson_1oA8tuH8_VA_Senate_crosst,2024,Senate,VA,,2024-09-24,42,860,LV,55.4,44.6,-10.74,,,Race,Black,Black,87.74,12.26,,,,,emerson_sheets,2024-09-22
2024-Senate-VA|Emerson september-2024-virginia-poll-harris-52-t,Emerson College Polling,Emerson,emerson_1oA8tuH8_VA_Senate_crosst,2024,Senate,VA,,2024-09-24,42,860,LV,55.4,44.6,-10.74,,,Race,Asian,Asian,68.17,31.83,,,,,emerson_sheets,2024-09-22
2024-Senate-VA|Emerson september-2024-virginia-poll-harris-52-t,Emerson College Polling,Emerson,emerson_1oA8tuH8_VA_Senate_crosst,2024,Senate,VA,,2024-09-24,42,860,LV,55.4,44.6,-10.74,,,Race,Other,Other,47.06,52.94,,,,,emerson_sheets,2024-09-22
2024-Senate-VA|Emerson september-2024-virginia-poll-harris-52-t,Emerson College Polling,Emerson,emerson_1oA8tuH8_VA_Senate_crosst,2024,Senate,VA,,2024-09-24,42,860,LV,55.4,44.6,-10.74,,,Age,18-29 years,18-29 years,72.8,27.2,,,,,emerson_sheets,2024-09-22
2024-Senate-VA|Emerson september-2024-virginia-poll-harris-52-t,Emerson College Polling,Emerson,emerson_1oA8tuH8_VA_Senate_crosst,2024,Senate,VA,,2024-09-24,42,860,LV,55.4,44.6,-10.74,,,Age,30-39 years,30-39 years,57.4,42.6,,,,,emerson_sheets,2024-09-22
2024-Senate-VA|Emerson september-2024-virginia-poll-harris-52-t,Emerson College Polling,Emerson,emerson_1oA8tuH8_VA_Senate_crosst,2024,Senate,VA,,2024-09-24,42,860,LV,55.4,44.6,-10.74,,,Age,40-49 years,40-49,60.21,39.79,,,,,emerson_sheets,2024-09-22
2024-Senate-VA|Emerson september-2024-virginia-poll-harris-52-t,Emerson College Polling,Emerson,emerson_1oA8tuH8_VA_Senate_crosst,2024,Senate,VA,,2024-09-24,42,860,LV,55.4,44.6,-10.74,,,Age,50-59 years,50-59,47.64,52.36,,,,,emerson_sheets,2024-09-22
2024-Senate-VA|Emerson september-2024-virginia-poll-harris-52-t,Emerson College Polling,Emerson,emerson_1oA8tuH8_VA_Senate_crosst,2024,Senate,VA,,2024-09-24,42,860,LV,55.4,44.6,-10.74,,,Age,60-69 years,60-69,47.22,52.78,,,,,emerson_sheets,2024-09-22
2024-Senate-VA|Emerson september-2024-virginia-poll-harris-52-t,Emerson College Polling,Emerson,emerson_1oA8tuH8_VA_Senate_crosst,2024,Senate,VA,,2024-09-24,42,860,LV,55.4,44.6,-10.74,,,Age,70 or more years,70 or more years,44.83,55.17,,,,,emerson_sheets,2024-09-22
2024-Senate-VA|Emerson september-2024-virginia-poll-harris-52-t,Emerson College Polling,Emerson,emerson_1oA8tuH8_VA_Senate_crosst,2024,Senate,VA,,2024-09-24,42,860,LV,55.4,44.6,-10.74,,,Education,HSorLess,HSorLess,47.18,52.82,,,,,emerson_sheets,2024-09-22
2024-Senate-VA|Emerson september-2024-virginia-poll-harris-52-t,Emerson College Polling,Emerson,emerson_1oA8tuH8_VA_Senate_crosst,2024,Senate,VA,,2024-09-24,42,860,LV,55.4,44.6,-10.74,,,Education,SomeCollege,SomeCollege,55.11,44.89,,,,,emerson_sheets,2024-09-22
2024-Senate-VA|Emerson september-2024-virginia-poll-harris-52-t,Emerson College Polling,Emerson,emerson_1oA8tuH8_VA_Senate_crosst,2024,Senate,VA,,2024-09-24,42,860,LV,55.4,44.6,-10.74,,,Education,BA,BA,58.99,41.01,,,,,emerson_sheets,2024-09-22
2024-Senate-VA|Emerson september-2024-virginia-poll-harris-52-t,Emerson College Polling,Emerson,emerson_1oA8tuH8_VA_Senate_crosst,2024,Senate,VA,,2024-09-24,42,860,LV,55.4,44.6,-10.74,,,Gender,Male,Male,50.59,49.41,,,,,emerson_sheets,2024-09-22
2024-Senate-VA|Emerson september-2024-virginia-poll-harris-52-t,Emerson College Polling,Emerson,emerson_1oA8tuH8_VA_Senate_crosst,2024,Senate,VA,,2024-09-24,42,860,LV,55.4,44.6,-10.74,,,Gender,Female,Female,60.32,39.68,,,,,emerson_sheets,2024-09-22
2024-Senate-VA|Emerson september-2024-virginia-poll-harris-52-t,Emerson College Polling,Emerson,emerson_1oA8tuH8_VA_Senate_crosst,2024,Senate,VA,,2024-09-24,42,860,LV,55.4,44.6,-10.74,,,Gender,Nonbinary,Nonbinary,2.23,97.77,,,,,emerson_sheets,2024-09-22
2024-President-VA|Emerson virginia-2024-poll-trump-45-biden-43,Emerson College Polling,Emerson,emerson_1QWGG8yq_VA_President_crosst,2024,President,VA,,2024-07-15,113,1000,RV,48.9,51.1,2.25,,,Race,Hispanic,Hispanic,56.78,43.22,,,,,emerson_sheets,2024-07-14
2024-President-VA|Emerson virginia-2024-poll-trump-45-biden-43,Emerson College Polling,Emerson,emerson_1QWGG8yq_VA_President_crosst,2024,President,VA,,2024-07-15,113,1000,RV,48.9,51.1,2.25,,,Race,White,White,39.87,60.13,,,,,emerson_sheets,2024-07-14
2024-President-VA|Emerson virginia-2024-poll-trump-45-biden-43,Emerson College Polling,Emerson,emerson_1QWGG8yq_VA_President_crosst,2024,President,VA,,2024-07-15,113,1000,RV,48.9,51.1,2.25,,,Race,Black,Black,85.81,14.19,,,,,emerson_sheets,2024-07-14
2024-President-VA|Emerson virginia-2024-poll-trump-45-biden-43,Emerson College Polling,Emerson,emerson_1QWGG8yq_VA_President_crosst,2024,President,VA,,2024-07-15,113,1000,RV,48.9,51.1,2.25,,,Race,Asian,Asian,61.38,38.62,,,,,emerson_sheets,2024-07-14
2024-President-VA|Emerson virginia-2024-poll-trump-45-biden-43,Emerson College Polling,Emerson,emerson_1QWGG8yq_VA_President_crosst,2024,President,VA,,2024-07-15,113,1000,RV,48.9,51.1,2.25,,,Race,Other,Other,27.92,72.08,,,,,emerson_sheets,2024-07-14
2024-President-VA|Emerson virginia-2024-poll-trump-45-biden-43,Emerson College Polling,Emerson,emerson_1QWGG8yq_VA_President_crosst,2024,President,VA,,2024-07-15,113,1000,RV,48.9,51.1,2.25,,,Age,18-29 years,18-29 years,54.34,45.66,,,,,emerson_sheets,2024-07-14
2024-President-VA|Emerson virginia-2024-poll-trump-45-biden-43,Emerson College Polling,Emerson,emerson_1QWGG8yq_VA_President_crosst,2024,President,VA,,2024-07-15,113,1000,RV,48.9,51.1,2.25,,,Age,30-39 years,30-39 years,54.32,45.68,,,,,emerson_sheets,2024-07-14
2024-President-VA|Emerson virginia-2024-poll-trump-45-biden-43,Emerson College Polling,Emerson,emerson_1QWGG8yq_VA_President_crosst,2024,President,VA,,2024-07-15,113,1000,RV,48.9,51.1,2.25,,,Age,40-49 years,40-49,56.25,43.75,,,,,emerson_sheets,2024-07-14
2024-President-VA|Emerson virginia-2024-poll-trump-45-biden-43,Emerson College Polling,Emerson,emerson_1QWGG8yq_VA_President_crosst,2024,President,VA,,2024-07-15,113,1000,RV,48.9,51.1,2.25,,,Age,50-59 years,50-59,40.68,59.32,,,,,emerson_sheets,2024-07-14
2024-President-VA|Emerson virginia-2024-poll-trump-45-biden-43,Emerson College Polling,Emerson,emerson_1QWGG8yq_VA_President_crosst,2024,President,VA,,2024-07-15,113,1000,RV,48.9,51.1,2.25,,,Age,60-69 years,60-69,43.69,56.31,,,,,emerson_sheets,2024-07-14
2024-President-VA|Emerson virginia-2024-poll-trump-45-biden-43,Emerson College Polling,Emerson,emerson_1QWGG8yq_VA_President_crosst,2024,President,VA,,2024-07-15,113,1000,RV,48.9,51.1,2.25,,,Age,70 or more years,70 or more years,42.73,57.27,,,,,emerson_sheets,2024-07-14
2024-President-VA|Emerson virginia-2024-poll-trump-45-biden-43,Emerson College Polling,Emerson,emerson_1QWGG8yq_VA_President_crosst,2024,President,VA,,2024-07-15,113,1000,RV,48.9,51.1,2.25,,,Education,HSorLess,HSorLess,39.26,60.74,,,,,emerson_sheets,2024-07-14
2024-President-VA|Emerson virginia-2024-poll-trump-45-biden-43,Emerson College Polling,Emerson,emerson_1QWGG8yq_VA_President_crosst,2024,President,VA,,2024-07-15,113,1000,RV,48.9,51.1,2.25,,,Education,SomeCollege,SomeCollege,44.77,55.23,,,,,emerson_sheets,2024-07-14
2024-President-VA|Emerson virginia-2024-poll-trump-45-biden-43,Emerson College Polling,Emerson,emerson_1QWGG8yq_VA_President_crosst,2024,President,VA,,2024-07-15,113,1000,RV,48.9,51.1,2.25,,,Education,BA,BA,56.54,43.46,,,,,emerson_sheets,2024-07-14
2024-President-VA|Emerson virginia-2024-poll-trump-45-biden-43,Emerson College Polling,Emerson,emerson_1QWGG8yq_VA_President_crosst,2024,President,VA,,2024-07-15,113,1000,RV,48.9,51.1,2.25,,,Gender,Male,Male,43.83,56.17,,,,,emerson_sheets,2024-07-14
2024-President-VA|Emerson virginia-2024-poll-trump-45-biden-43,Emerson College Polling,Emerson,emerson_1QWGG8yq_VA_President_crosst,2024,President,VA,,2024-07-15,113,1000,RV,48.9,51.1,2.25,,,Gender,Female,Female,53.73,46.27,,,,,emerson_sheets,2024-07-14
2024-President-VA|Emerson virginia-2024-poll-trump-45-biden-43,Emerson College Polling,Emerson,emerson_1QWGG8yq_VA_President_crosst,2024,President,VA,,2024-07-15,113,1000,RV,48.9,51.1,2.25,,,Gender,Nonbinary,Nonbinary,53.6,46.4,,,,,emerson_sheets,2024-07-14
2024-President-VA|Emerson virginia-2024-poll-trump-45-biden-43,Emerson College Polling,Emerson,emerson_1QWGG8yq_VA_President_crosst,2024,President,VA,,2024-07-15,113,1000,RV,49.6,50.4,0.89,,,Race,Hispanic,Hispanic,64.35,35.65,,,,,emerson_sheets,2024-07-14
2024-President-VA|Emerson virginia-2024-poll-trump-45-biden-43,Emerson College Polling,Emerson,emerson_1QWGG8yq_VA_President_crosst,2024,President,VA,,2024-07-15,113,1000,RV,49.6,50.4,0.89,,,Race,White,White,41.63,58.37,,,,,emerson_sheets,2024-07-14
2024-President-VA|Emerson virginia-2024-poll-trump-45-biden-43,Emerson College Polling,Emerson,emerson_1QWGG8yq_VA_President_crosst,2024,President,VA,,2024-07-15,113,1000,RV,49.6,50.4,0.89,,,Race,Black,Black,79.54,20.46,,,,,emerson_sheets,2024-07-14
2024-President-VA|Emerson virginia-2024-poll-trump-45-biden-43,Emerson College Polling,Emerson,emerson_1QWGG8yq_VA_President_crosst,2024,President,VA,,2024-07-15,113,1000,RV,49.6,50.4,0.89,,,Race,Asian,Asian,55.45,44.55,,,,,emerson_sheets,2024-07-14
2024-President-VA|Emerson virginia-2024-poll-trump-45-biden-43,Emerson College Polling,Emerson,emerson_1QWGG8yq_VA_President_crosst,2024,President,VA,,2024-07-15,113,1000,RV,49.6,50.4,0.89,,,Race,Other,Other,27.49,72.51,,,,,emerson_sheets,2024-07-14
2024-President-VA|Emerson virginia-2024-poll-trump-45-biden-43,Emerson College Polling,Emerson,emerson_1QWGG8yq_VA_President_crosst,2024,President,VA,,2024-07-15,113,1000,RV,49.6,50.4,0.89,,,Age,18-29 years,18-29 years,55.8,44.2,,,,,emerson_sheets,2024-07-14
2024-President-VA|Emerson virginia-2024-poll-trump-45-biden-43,Emerson College Polling,Emerson,emerson_1QWGG8yq_VA_President_crosst,2024,President,VA,,2024-07-15,113,1000,RV,49.6,50.4,0.89,,,Age,30-39 years,30-39 years,52.95,47.05,,,,,emerson_sheets,2024-07-14
2024-President-VA|Emerson virginia-2024-poll-trump-45-biden-43,Emerson College Polling,Emerson,emerson_1QWGG8yq_VA_President_crosst,2024,President,VA,,2024-07-15,113,1000,RV,49.6,50.4,0.89,,,Age,40-49 years,40-49,56.7,43.3,,,,,emerson_sheets,2024-07-14
2024-President-VA|Emerson virginia-2024-poll-trump-45-biden-43,Emerson College Polling,Emerson,emerson_1QWGG8yq_VA_President_crosst,2024,President,VA,,2024-07-15,113,1000,RV,49.6,50.4,0.89,,,Age,50-59 years,50-59,42.68,57.32,,,,,emerson_sheets,2024-07-14
2024-President-VA|Emerson virginia-2024-poll-trump-45-biden-43,Emerson College Polling,Emerson,emerson_1QWGG8yq_VA_President_crosst,2024,President,VA,,2024-07-15,113,1000,RV,49.6,50.4,0.89,,,Age,60-69 years,60-69,43.51,56.49,,,,,emerson_sheets,2024-07-14
2024-President-VA|Emerson virginia-2024-poll-trump-45-biden-43,Emerson College Polling,Emerson,emerson_1QWGG8yq_VA_President_crosst,2024,President,VA,,2024-07-15,113,1000,RV,49.6,50.4,0.89,,,Age,70 or more years,70 or more years,42.98,57.02,,,,,emerson_sheets,2024-07-14
2024-President-VA|Emerson virginia-2024-poll-trump-45-biden-43,Emerson College Polling,Emerson,emerson_1QWGG8yq_VA_President_crosst,2024,President,VA,,2024-07-15,113,1000,RV,49.6,50.4,0.89,,,Education,HSorLess,HSorLess,39.06,60.94,,,,,emerson_sheets,2024-07-14
2024-President-VA|Emerson virginia-2024-poll-trump-45-biden-43,Emerson College Polling,Emerson,emerson_1QWGG8yq_VA_President_crosst,2024,President,VA,,2024-07-15,113,1000,RV,49.6,50.4,0.89,,,Education,SomeCollege,SomeCollege,45.84,54.16,,,,,emerson_sheets,2024-07-14
2024-President-VA|Emerson virginia-2024-poll-trump-45-biden-43,Emerson College Polling,Emerson,emerson_1QWGG8yq_VA_President_crosst,2024,President,VA,,2024-07-15,113,1000,RV,49.6,50.4,0.89,,,Education,BA,BA,57.45,42.55,,,,,emerson_sheets,2024-07-14
2024-President-VA|Emerson virginia-2024-poll-trump-45-biden-43,Emerson College Polling,Emerson,emerson_1QWGG8yq_VA_President_crosst,2024,President,VA,,2024-07-15,113,1000,RV,49.6,50.4,0.89,,,Gender,Male,Male,44.57,55.43,,,,,emerson_sheets,2024-07-14
2024-President-VA|Emerson virginia-2024-poll-trump-45-biden-43,Emerson College Polling,Emerson,emerson_1QWGG8yq_VA_President_crosst,2024,President,VA,,2024-07-15,113,1000,RV,49.6,50.4,0.89,,,Gender,Female,Female,54.14,45.86,,,,,emerson_sheets,2024-07-14
2024-President-VA|Emerson virginia-2024-poll-trump-45-biden-43,Emerson College Polling,Emerson,emerson_1QWGG8yq_VA_President_crosst,2024,President,VA,,2024-07-15,113,1000,RV,49.6,50.4,0.89,,,Gender,Nonbinary,Nonbinary,66.26,33.74,,,,,emerson_sheets,2024-07-14
2024-President-VA|Emerson virginia-2024-poll-trump-45-biden-43,Emerson College Polling,Emerson,emerson_1QWGG8yq_VA_President_crosst,2024,President,VA,,2024-07-15,113,1000,RV,47.0,53.0,5.97,,,Race,Hispanic,Hispanic,51.33,48.67,,,,,emerson_sheets,2024-07-14
2024-President-VA|Emerson virginia-2024-poll-trump-45-biden-43,Emerson College Polling,Emerson,emerson_1QWGG8yq_VA_President_crosst,2024,President,VA,,2024-07-15,113,1000,RV,47.0,53.0,5.97,,,Race,White,White,37.85,62.15,,,,,emerson_sheets,2024-07-14
2024-President-VA|Emerson virginia-2024-poll-trump-45-biden-43,Emerson College Polling,Emerson,emerson_1QWGG8yq_VA_President_crosst,2024,President,VA,,2024-07-15,113,1000,RV,47.0,53.0,5.97,,,Race,Black,Black,83.94,16.06,,,,,emerson_sheets,2024-07-14
2024-President-VA|Emerson virginia-2024-poll-trump-45-biden-43,Emerson College Polling,Emerson,emerson_1QWGG8yq_VA_President_crosst,2024,President,VA,,2024-07-15,113,1000,RV,47.0,53.0,5.97,,,Race,Asian,Asian,48.52,51.48,,,,,emerson_sheets,2024-07-14
2024-President-VA|Emerson virginia-2024-poll-trump-45-biden-43,Emerson College Polling,Emerson,emerson_1QWGG8yq_VA_President_crosst,2024,President,VA,,2024-07-15,113,1000,RV,47.0,53.0,5.97,,,Race,Other,Other,31.49,68.51,,,,,emerson_sheets,2024-07-14
2024-President-VA|Emerson virginia-2024-poll-trump-45-biden-43,Emerson College Polling,Emerson,emerson_1QWGG8yq_VA_President_crosst,2024,President,VA,,2024-07-15,113,1000,RV,47.0,53.0,5.97,,,Age,18-29 years,18-29 years,50.98,49.02,,,,,emerson_sheets,2024-07-14
2024-President-VA|Emerson virginia-2024-poll-trump-45-biden-43,Emerson College Polling,Emerson,emerson_1QWGG8yq_VA_President_crosst,2024,President,VA,,2024-07-15,113,1000,RV,47.0,53.0,5.97,,,Age,30-39 years,30-39 years,48.02,51.98,,,,,emerson_sheets,2024-07-14
2024-President-VA|Emerson virginia-2024-poll-trump-45-biden-43,Emerson College Polling,Emerson,emerson_1QWGG8yq_VA_President_crosst,2024,President,VA,,2024-07-15,113,1000,RV,47.0,53.0,5.97,,,Age,40-49 years,40-49,56.89,43.11,,,,,emerson_sheets,2024-07-14
2024-President-VA|Emerson virginia-2024-poll-trump-45-biden-43,Emerson College Polling,Emerson,emerson_1QWGG8yq_VA_President_crosst,2024,President,VA,,2024-07-15,113,1000,RV,47.0,53.0,5.97,,,Age,50-59 years,50-59,40.09,59.91,,,,,emerson_sheets,2024-07-14
2024-President-VA|Emerson virginia-2024-poll-trump-45-biden-43,Emerson College Polling,Emerson,emerson_1QWGG8yq_VA_President_crosst,2024,President,VA,,2024-07-15,113,1000,RV,47.0,53.0,5.97,,,Age,60-69 years,60-69,43.58,56.42,,,,,emerson_sheets,2024-07-14
2024-President-VA|Emerson virginia-2024-poll-trump-45-biden-43,Emerson College Polling,Emerson,emerson_1QWGG8yq_VA_President_crosst,2024,President,VA,,2024-07-15,113,1000,RV,47.0,53.0,5.97,,,Age,70 or more years,70 or more years,42.28,57.72,,,,,emerson_sheets,2024-07-14
2024-President-VA|Emerson virginia-2024-poll-trump-45-biden-43,Emerson College Polling,Emerson,emerson_1QWGG8yq_VA_President_crosst,2024,President,VA,,2024-07-15,113,1000,RV,47.0,53.0,5.97,,,Education,HSorLess,HSorLess,39.4,60.6,,,,,emerson_sheets,2024-07-14
2024-President-VA|Emerson virginia-2024-poll-trump-45-biden-43,Emerson College Polling,Emerson,emerson_1QWGG8yq_VA_President_crosst,2024,President,VA,,2024-07-15,113,1000,RV,47.0,53.0,5.97,,,Education,SomeCollege,SomeCollege,41.33,58.67,,,,,emerson_sheets,2024-07-14
2024-President-VA|Emerson virginia-2024-poll-trump-45-biden-43,Emerson College Polling,Emerson,emerson_1QWGG8yq_VA_President_crosst,2024,President,VA,,2024-07-15,113,1000,RV,47.0,53.0,5.97,,,Education,BA,BA,55.48,44.52,,,,,emerson_sheets,2024-07-14
2024-President-VA|Emerson virginia-2024-poll-trump-45-biden-43,Emerson College Polling,Emerson,emerson_1QWGG8yq_VA_President_crosst,2024,President,VA,,2024-07-15,113,1000,RV,47.0,53.0,5.97,,,Gender,Male,Male,42.14,57.86,,,,,emerson_sheets,2024-07-14
2024-President-VA|Emerson virginia-2024-poll-trump-45-biden-43,Emerson College Polling,Emerson,emerson_1QWGG8yq_VA_President_crosst,2024,President,VA,,2024-07-15,113,1000,RV,47.0,53.0,5.97,,,Gender,Female,Female,52.0,48.0,,,,,emerson_sheets,2024-07-14
2024-President-VA|Emerson virginia-2024-poll-trump-45-biden-43,Emerson College Polling,Emerson,emerson_1QWGG8yq_VA_President_crosst,2024,President,VA,,2024-07-15,113,1000,RV,47.0,53.0,5.97,,,Gender,Nonbinary,Nonbinary,27.11,72.89,,,,,emerson_sheets,2024-07-14
2024-President-VA|Emerson virginia-2024-poll-trump-45-biden-43,Emerson College Polling,Emerson,emerson_1QWGG8yq_VA_President_crosst,2024,President,VA,,2024-07-15,113,1000,RV,48.8,51.2,2.4,,,Race,Hispanic,Hispanic,61.72,38.28,,,,,emerson_sheets,2024-07-14
2024-President-VA|Emerson virginia-2024-poll-trump-45-biden-43,Emerson College Polling,Emerson,emerson_1QWGG8yq_VA_President_crosst,2024,President,VA,,2024-07-15,113,1000,RV,48.8,51.2,2.4,,,Race,White,White,40.19,59.81,,,,,emerson_sheets,2024-07-14
2024-President-VA|Emerson virginia-2024-poll-trump-45-biden-43,Emerson College Polling,Emerson,emerson_1QWGG8yq_VA_President_crosst,2024,President,VA,,2024-07-15,113,1000,RV,48.8,51.2,2.4,,,Race,Black,Black,82.15,17.85,,,,,emerson_sheets,2024-07-14
2024-President-VA|Emerson virginia-2024-poll-trump-45-biden-43,Emerson College Polling,Emerson,emerson_1QWGG8yq_VA_President_crosst,2024,President,VA,,2024-07-15,113,1000,RV,48.8,51.2,2.4,,,Race,Asian,Asian,61.38,38.62,,,,,emerson_sheets,2024-07-14
2024-President-VA|Emerson virginia-2024-poll-trump-45-biden-43,Emerson College Polling,Emerson,emerson_1QWGG8yq_VA_President_crosst,2024,President,VA,,2024-07-15,113,1000,RV,48.8,51.2,2.4,,,Race,Other,Other,36.66,63.34,,,,,emerson_sheets,2024-07-14
2024-President-VA|Emerson virginia-2024-poll-trump-45-biden-43,Emerson College Polling,Emerson,emerson_1QWGG8yq_VA_President_crosst,2024,President,VA,,2024-07-15,113,1000,RV,48.8,51.2,2.4,,,Age,18-29 years,18-29 years,51.8,48.2,,,,,emerson_sheets,2024-07-14
2024-President-VA|Emerson virginia-2024-poll-trump-45-biden-43,Emerson College Polling,Emerson,emerson_1QWGG8yq_VA_President_crosst,2024,President,VA,,2024-07-15,113,1000,RV,48.8,51.2,2.4,,,Age,30-39 years,30-39 years,55.99,44.01,,,,,emerson_sheets,2024-07-14
2024-President-VA|Emerson virginia-2024-poll-trump-45-biden-43,Emerson College Polling,Emerson,emerson_1QWGG8yq_VA_President_crosst,2024,President,VA,,2024-07-15,113,1000,RV,48.8,51.2,2.4,,,Age,40-49 years,40-49,58.2,41.8,,,,,emerson_sheets,2024-07-14
2024-President-VA|Emerson virginia-2024-poll-trump-45-biden-43,Emerson College Polling,Emerson,emerson_1QWGG8yq_VA_President_crosst,2024,President,VA,,2024-07-15,113,1000,RV,48.8,51.2,2.4,,,Age,50-59 years,50-59,41.08,58.92,,,,,emerson_sheets,2024-07-14
2024-President-VA|Emerson virginia-2024-poll-trump-45-biden-43,Emerson College Polling,Emerson,emerson_1QWGG8yq_VA_President_crosst,2024,President,VA,,2024-07-15,113,1000,RV,48.8,51.2,2.4,,,Age,60-69 years,60-69,42.89,57.11,,,,,emerson_sheets,2024-07-14
2024-President-VA|Emerson virginia-2024-poll-trump-45-biden-43,Emerson College Polling,Emerson,emerson_1QWGG8yq_VA_President_crosst,2024,President,VA,,2024-07-15,113,1000,RV,48.8,51.2,2.4,,,Age,70 or more years,70 or more years,41.06,58.94,,,,,emerson_sheets,2024-07-14
2024-President-VA|Emerson virginia-2024-poll-trump-45-biden-43,Emerson College Polling,Emerson,emerson_1QWGG8yq_VA_President_crosst,2024,President,VA,,2024-07-15,113,1000,RV,48.8,51.2,2.4,,,Education,HSorLess,HSorLess,41.54,58.46,,,,,emerson_sheets,2024-07-14
2024-President-VA|Emerson virginia-2024-poll-trump-45-biden-43,Emerson College Polling,Emerson,emerson_1QWGG8yq_VA_President_crosst,2024,President,VA,,2024-07-15,113,1000,RV,48.8,51.2,2.4,,,Education,SomeCollege,SomeCollege,43.83,56.17,,,,,emerson_sheets,2024-07-14
2024-President-VA|Emerson virginia-2024-poll-trump-45-biden-43,Emerson College Polling,Emerson,emerson_1QWGG8yq_VA_President_crosst,2024,President,VA,,2024-07-15,113,1000,RV,48.8,51.2,2.4,,,Education,BA,BA,56.22,43.78,,,,,emerson_sheets,2024-07-14
2024-President-VA|Emerson virginia-2024-poll-trump-45-biden-43,Emerson College Polling,Emerson,emerson_1QWGG8yq_VA_President_crosst,2024,President,VA,,2024-07-15,113,1000,RV,48.8,51.2,2.4,,,Gender,Male,Male,45.45,54.55,,,,,emerson_sheets,2024-07-14
2024-President-VA|Emerson virginia-2024-poll-trump-45-biden-43,Emerson College Polling,Emerson,emerson_1QWGG8yq_VA_President_crosst,2024,President,VA,,2024-07-15,113,1000,RV,48.8,51.2,2.4,,,Gender,Female,Female,51.89,48.11,,,,,emerson_sheets,2024-07-14
2024-President-VA|Emerson virginia-2024-poll-trump-45-biden-43,Emerson College Polling,Emerson,emerson_1QWGG8yq_VA_President_crosst,2024,President,VA,,2024-07-15,113,1000,RV,48.8,51.2,2.4,,,Gender,Nonbinary,Nonbinary,69.07,30.93,,,,,emerson_sheets,2024-07-14
2024-President-VA|Emerson virginia-2024-poll-trump-45-biden-43,Emerson College Polling,Emerson,emerson_1QWGG8yq_VA_President_crosst,2024,President,VA,,2024-07-15,113,1000,RV,49.9,50.1,0.29,,,Race,Hispanic,Hispanic,65.48,34.52,,,,,emerson_sheets,2024-07-14
2024-President-VA|Emerson virginia-2024-poll-trump-45-biden-43,Emerson College Polling,Emerson,emerson_1QWGG8yq_VA_President_crosst,2024,President,VA,,2024-07-15,113,1000,RV,49.9,50.1,0.29,,,Race,White,White,41.21,58.79,,,,,emerson_sheets,2024-07-14
2024-President-VA|Emerson virginia-2024-poll-trump-45-biden-43,Emerson College Polling,Emerson,emerson_1QWGG8yq_VA_President_crosst,2024,President,VA,,2024-07-15,113,1000,RV,49.9,50.1,0.29,,,Race,Black,Black,83.86,16.14,,,,,emerson_sheets,2024-07-14
2024-President-VA|Emerson virginia-2024-poll-trump-45-biden-43,Emerson College Polling,Emerson,emerson_1QWGG8yq_VA_President_crosst,2024,President,VA,,2024-07-15,113,1000,RV,49.9,50.1,0.29,,,Race,Asian,Asian,53.57,46.43,,,,,emerson_sheets,2024-07-14
2024-President-VA|Emerson virginia-2024-poll-trump-45-biden-43,Emerson College Polling,Emerson,emerson_1QWGG8yq_VA_President_crosst,2024,President,VA,,2024-07-15,113,1000,RV,49.9,50.1,0.29,,,Race,Other,Other,35.99,64.01,,,,,emerson_sheets,2024-07-14
2024-President-VA|Emerson virginia-2024-poll-trump-45-biden-43,Emerson College Polling,Emerson,emerson_1QWGG8yq_VA_President_crosst,2024,President,VA,,2024-07-15,113,1000,RV,49.9,50.1,0.29,,,Age,18-29 years,18-29 years,56.33,43.67,,,,,emerson_sheets,2024-07-14
2024-President-VA|Emerson virginia-2024-poll-trump-45-biden-43,Emerson College Polling,Emerson,emerson_1QWGG8yq_VA_President_crosst,2024,President,VA,,2024-07-15,113,1000,RV,49.9,50.1,0.29,,,Age,30-39 years,30-39 years,54.33,45.67,,,,,emerson_sheets,2024-07-14
2024-President-VA|Emerson virginia-2024-poll-trump-45-biden-43,Emerson College Polling,Emerson,emerson_1QWGG8yq_VA_President_crosst,2024,President,VA,,2024-07-15,113,1000,RV,49.9,50.1,0.29,,,Age,40-49 years,40-49,57.88,42.12,,,,,emerson_sheets,2024-07-14
2024-President-VA|Emerson virginia-2024-poll-trump-45-biden-43,Emerson College Polling,Emerson,emerson_1QWGG8yq_VA_President_crosst,2024,President,VA,,2024-07-15,113,1000,RV,49.9,50.1,0.29,,,Age,50-59 years,50-59,41.4,58.6,,,,,emerson_sheets,2024-07-14
2024-President-VA|Emerson virginia-2024-poll-trump-45-biden-43,Emerson College Polling,Emerson,emerson_1QWGG8yq_VA_President_crosst,2024,President,VA,,2024-07-15,113,1000,RV,49.9,50.1,0.29,,,Age,60-69 years,60-69,43.91,56.09,,,,,emerson_sheets,2024-07-14
2024-President-VA|Emerson virginia-2024-poll-trump-45-biden-43,Emerson College Polling,Emerson,emerson_1QWGG8yq_VA_President_crosst,2024,President,VA,,2024-07-15,113,1000,RV,49.9,50.1,0.29,,,Age,70 or more years,70 or more years,42.81,57.19,,,,,emerson_sheets,2024-07-14
2024-President-VA|Emerson virginia-2024-poll-trump-45-biden-43,Emerson College Polling,Emerson,emerson_1QWGG8yq_VA_President_crosst,2024,President,VA,,2024-07-15,113,1000,RV,49.9,50.1,0.29,,,Education,HSorLess,HSorLess,40.01,59.99,,,,,emerson_sheets,2024-07-14
2024-President-VA|Emerson virginia-2024-poll-trump-45-biden-43,Emerson College Polling,Emerson,emerson_1QWGG8yq_VA_President_crosst,2024,President,VA,,2024-07-15,113,1000,RV,49.9,50.1,0.29,,,Education,SomeCollege,SomeCollege,47.08,52.92,,,,,emerson_sheets,2024-07-14
2024-President-VA|Emerson virginia-2024-poll-trump-45-biden-43,Emerson College Polling,Emerson,emerson_1QWGG8yq_VA_President_crosst,2024,President,VA,,2024-07-15,113,1000,RV,49.9,50.1,0.29,,,Education,BA,BA,56.63,43.37,,,,,emerson_sheets,2024-07-14
2024-President-VA|Emerson virginia-2024-poll-trump-45-biden-43,Emerson College Polling,Emerson,emerson_1QWGG8yq_VA_President_crosst,2024,President,VA,,2024-07-15,113,1000,RV,49.9,50.1,0.29,,,Gender,Male,Male,44.26,55.74,,,,,emerson_sheets,2024-07-14
2024-President-VA|Emerson virginia-2024-poll-trump-45-biden-43,Emerson College Polling,Emerson,emerson_1QWGG8yq_VA_President_crosst,2024,President,VA,,2024-07-15,113,1000,RV,49.9,50.1,0.29,,,Gender,Female,Female,55.17,44.83,,,,,emerson_sheets,2024-07-14
2024-President-VA|Emerson virginia-2024-poll-trump-45-biden-43,Emerson College Polling,Emerson,emerson_1QWGG8yq_VA_President_crosst,2024,President,VA,,2024-07-15,113,1000,RV,49.9,50.1,0.29,,,Gender,Nonbinary,Nonbinary,69.07,30.93,,,,,emerson_sheets,2024-07-14
2024-Senate-VA|Emerson virginia-2024-poll-trump-45-biden-43,Emerson College Polling,Emerson,emerson_1QWGG8yq_VA_Senate_crosst,2024,Senate,VA,,2024-07-15,113,1000,RV,55.8,44.2,-11.64,,,Race,Hispanic,Hispanic,57.64,42.36,,,,,emerson_sheets,2024-07-14
2024-Senate-VA|Emerson virginia-2024-poll-trump-45-biden-43,Emerson College Polling,Emerson,emerson_1QWGG8yq_VA_Senate_crosst,2024,Senate,VA,,2024-07-15,113,1000,RV,55.8,44.2,-11.64,,,Race,White,White,47.03,52.97,,,,,emerson_sheets,2024-07-14
2024-Senate-VA|Emerson virginia-2024-poll-trump-45-biden-43,Emerson College Polling,Emerson,emerson_1QWGG8yq_VA_Senate_crosst,2024,Senate,VA,,2024-07-15,113,1000,RV,55.8,44.2,-11.64,,,Race,Black,Black,88.37,11.63,,,,,emerson_sheets,2024-07-14
2024-Senate-VA|Emerson virginia-2024-poll-trump-45-biden-43,Emerson College Polling,Emerson,emerson_1QWGG8yq_VA_Senate_crosst,2024,Senate,VA,,2024-07-15,113,1000,RV,55.8,44.2,-11.64,,,Race,Asian,Asian,68.67,31.33,,,,,emerson_sheets,2024-07-14
2024-Senate-VA|Emerson virginia-2024-poll-trump-45-biden-43,Emerson College Polling,Emerson,emerson_1QWGG8yq_VA_Senate_crosst,2024,Senate,VA,,2024-07-15,113,1000,RV,55.8,44.2,-11.64,,,Race,Other,Other,45.75,54.25,,,,,emerson_sheets,2024-07-14
2024-Senate-VA|Emerson virginia-2024-poll-trump-45-biden-43,Emerson College Polling,Emerson,emerson_1QWGG8yq_VA_Senate_crosst,2024,Senate,VA,,2024-07-15,113,1000,RV,55.8,44.2,-11.64,,,Age,18-29 years,18-29 years,58.2,41.8,,,,,emerson_sheets,2024-07-14
2024-Senate-VA|Emerson virginia-2024-poll-trump-45-biden-43,Emerson College Polling,Emerson,emerson_1QWGG8yq_VA_Senate_crosst,2024,Senate,VA,,2024-07-15,113,1000,RV,55.8,44.2,-11.64,,,Age,30-39 years,30-39 years,66.83,33.17,,,,,emerson_sheets,2024-07-14
2024-Senate-VA|Emerson virginia-2024-poll-trump-45-biden-43,Emerson College Polling,Emerson,emerson_1QWGG8yq_VA_Senate_crosst,2024,Senate,VA,,2024-07-15,113,1000,RV,55.8,44.2,-11.64,,,Age,40-49 years,40-49,64.36,35.64,,,,,emerson_sheets,2024-07-14
2024-Senate-VA|Emerson virginia-2024-poll-trump-45-biden-43,Emerson College Polling,Emerson,emerson_1QWGG8yq_VA_Senate_crosst,2024,Senate,VA,,2024-07-15,113,1000,RV,55.8,44.2,-11.64,,,Age,50-59 years,50-59,50.69,49.31,,,,,emerson_sheets,2024-07-14
2024-Senate-VA|Emerson virginia-2024-poll-trump-45-biden-43,Emerson College Polling,Emerson,emerson_1QWGG8yq_VA_Senate_crosst,2024,Senate,VA,,2024-07-15,113,1000,RV,55.8,44.2,-11.64,,,Age,60-69 years,60-69,48.07,51.93,,,,,emerson_sheets,2024-07-14
2024-Senate-VA|Emerson virginia-2024-poll-trump-45-biden-43,Emerson College Polling,Emerson,emerson_1QWGG8yq_VA_Senate_crosst,2024,Senate,VA,,2024-07-15,113,1000,RV,55.8,44.2,-11.64,,,Age,70 or more years,70 or more years,44.61,55.39,,,,,emerson_sheets,2024-07-14
2024-Senate-VA|Emerson virginia-2024-poll-trump-45-biden-43,Emerson College Polling,Emerson,emerson_1QWGG8yq_VA_Senate_crosst,2024,Senate,VA,,2024-07-15,113,1000,RV,55.8,44.2,-11.64,,,Education,HSorLess,HSorLess,48.83,51.17,,,,,emerson_sheets,2024-07-14
2024-Senate-VA|Emerson virginia-2024-poll-trump-45-biden-43,Emerson College Polling,Emerson,emerson_1QWGG8yq_VA_Senate_crosst,2024,Senate,VA,,2024-07-15,113,1000,RV,55.8,44.2,-11.64,,,Education,SomeCollege,SomeCollege,52.23,47.77,,,,,emerson_sheets,2024-07-14
2024-Senate-VA|Emerson virginia-2024-poll-trump-45-biden-43,Emerson College Polling,Emerson,emerson_1QWGG8yq_VA_Senate_crosst,2024,Senate,VA,,2024-07-15,113,1000,RV,55.8,44.2,-11.64,,,Education,BA,BA,61.47,38.53,,,,,emerson_sheets,2024-07-14
2024-Senate-VA|Emerson virginia-2024-poll-trump-45-biden-43,Emerson College Polling,Emerson,emerson_1QWGG8yq_VA_Senate_crosst,2024,Senate,VA,,2024-07-15,113,1000,RV,55.8,44.2,-11.64,,,Gender,Male,Male,50.26,49.74,,,,,emerson_sheets,2024-07-14
2024-Senate-VA|Emerson virginia-2024-poll-trump-45-biden-43,Emerson College Polling,Emerson,emerson_1QWGG8yq_VA_Senate_crosst,2024,Senate,VA,,2024-07-15,113,1000,RV,55.8,44.2,-11.64,,,Gender,Female,Female,60.99,39.01,,,,,emerson_sheets,2024-07-14
2024-Senate-VA|Emerson virginia-2024-poll-trump-45-biden-43,Emerson College Polling,Emerson,emerson_1QWGG8yq_VA_Senate_crosst,2024,Senate,VA,,2024-07-15,113,1000,RV,55.8,44.2,-11.64,,,Gender,Nonbinary,Nonbinary,67.19,32.81,,,,,emerson_sheets,2024-07-14
2025-Governor-VA|Emerson virginia-2025-spanberger-leads,Emerson College Polling,Emerson,emerson_1Htk94qw_VA_Governor_crosst,2025,Governor,VA,,2025-10-31,4,880,LV,55.6,44.4,-11.12,,,Race,Hispanic,Hispanic,71.87,28.13,,,,,emerson_sheets,2025-10-30
2025-Governor-VA|Emerson virginia-2025-spanberger-leads,Emerson College Polling,Emerson,emerson_1Htk94qw_VA_Governor_crosst,2025,Governor,VA,,2025-10-31,4,880,LV,55.6,44.4,-11.12,,,Race,White,White,45.3,54.7,,,,,emerson_sheets,2025-10-30
2025-Governor-VA|Emerson virginia-2025-spanberger-leads,Emerson College Polling,Emerson,emerson_1Htk94qw_VA_Governor_crosst,2025,Governor,VA,,2025-10-31,4,880,LV,55.6,44.4,-11.12,,,Race,Black,Black,89.3,10.7,,,,,emerson_sheets,2025-10-30
2025-Governor-VA|Emerson virginia-2025-spanberger-leads,Emerson College Polling,Emerson,emerson_1Htk94qw_VA_Governor_crosst,2025,Governor,VA,,2025-10-31,4,880,LV,55.6,44.4,-11.12,,,Race,Asian,Asian,74.38,25.62,,,,,emerson_sheets,2025-10-30
2025-Governor-VA|Emerson virginia-2025-spanberger-leads,Emerson College Polling,Emerson,emerson_1Htk94qw_VA_Governor_crosst,2025,Governor,VA,,2025-10-31,4,880,LV,55.6,44.4,-11.12,,,Race,Other,Other,58.3,41.7,,,,,emerson_sheets,2025-10-30
2025-Governor-VA|Emerson virginia-2025-spanberger-leads,Emerson College Polling,Emerson,emerson_1Htk94qw_VA_Governor_crosst,2025,Governor,VA,,2025-10-31,4,880,LV,55.6,44.4,-11.12,,,Age,18-29 years,18-29 years,70.1,29.9,,,,,emerson_sheets,2025-10-30
2025-Governor-VA|Emerson virginia-2025-spanberger-leads,Emerson College Polling,Emerson,emerson_1Htk94qw_VA_Governor_crosst,2025,Governor,VA,,2025-10-31,4,880,LV,55.6,44.4,-11.12,,,Age,30-39 years,30-39 years,66.34,33.66,,,,,emerson_sheets,2025-10-30
2025-Governor-VA|Emerson virginia-2025-spanberger-leads,Emerson College Polling,Emerson,emerson_1Htk94qw_VA_Governor_crosst,2025,Governor,VA,,2025-10-31,4,880,LV,55.6,44.4,-11.12,,,Age,40-49 years,40-49,66.66,33.34,,,,,emerson_sheets,2025-10-30
2025-Governor-VA|Emerson virginia-2025-spanberger-leads,Emerson College Polling,Emerson,emerson_1Htk94qw_VA_Governor_crosst,2025,Governor,VA,,2025-10-31,4,880,LV,55.6,44.4,-11.12,,,Age,50-59 years,50-59,48.49,51.51,,,,,emerson_sheets,2025-10-30
2025-Governor-VA|Emerson virginia-2025-spanberger-leads,Emerson College Polling,Emerson,emerson_1Htk94qw_VA_Governor_crosst,2025,Governor,VA,,2025-10-31,4,880,LV,55.6,44.4,-11.12,,,Age,60-69 years,60-69,46.88,53.12,,,,,emerson_sheets,2025-10-30
2025-Governor-VA|Emerson virginia-2025-spanberger-leads,Emerson College Polling,Emerson,emerson_1Htk94qw_VA_Governor_crosst,2025,Governor,VA,,2025-10-31,4,880,LV,55.6,44.4,-11.12,,,Age,70 or more years,70 or more years,46.07,53.93,,,,,emerson_sheets,2025-10-30
2025-Governor-VA|Emerson virginia-2025-spanberger-leads,Emerson College Polling,Emerson,emerson_1Htk94qw_VA_Governor_crosst,2025,Governor,VA,,2025-10-31,4,880,LV,55.6,44.4,-11.12,,,Education,HSorLess,HSorLess,40.9,59.1,,,,,emerson_sheets,2025-10-30
2025-Governor-VA|Emerson virginia-2025-spanberger-leads,Emerson College Polling,Emerson,emerson_1Htk94qw_VA_Governor_crosst,2025,Governor,VA,,2025-10-31,4,880,LV,55.6,44.4,-11.12,,,Education,SomeCollege,SomeCollege,48.57,51.43,,,,,emerson_sheets,2025-10-30
2025-Governor-VA|Emerson virginia-2025-spanberger-leads,Emerson College Polling,Emerson,emerson_1Htk94qw_VA_Governor_crosst,2025,Governor,VA,,2025-10-31,4,880,LV,55.6,44.4,-11.12,,,Education,BA,BA,65.94,34.06,,,,,emerson_sheets,2025-10-30
2025-Governor-VA|Emerson virginia-2025-spanberger-leads,Emerson College Polling,Emerson,emerson_1Htk94qw_VA_Governor_crosst,2025,Governor,VA,,2025-10-31,4,880,LV,55.6,44.4,-11.12,,,Gender,Male,Male,53.11,46.89,,,,,emerson_sheets,2025-10-30
2025-Governor-VA|Emerson virginia-2025-spanberger-leads,Emerson College Polling,Emerson,emerson_1Htk94qw_VA_Governor_crosst,2025,Governor,VA,,2025-10-31,4,880,LV,55.6,44.4,-11.12,,,Gender,Female,Female,57.25,42.75,,,,,emerson_sheets,2025-10-30
2025-Governor-VA|Emerson virginia-2025-spanberger-leads,Emerson College Polling,Emerson,emerson_1Htk94qw_VA_Governor_crosst,2025,Governor,VA,,2025-10-31,4,880,LV,55.6,44.4,-11.12,,,Gender,Nonbinary,Nonbinary,100.0,0.0,,,,,emerson_sheets,2025-10-30
2025-Governor-VA|Emerson virginia-2025-spanberger-leads,Emerson College Polling,Emerson,emerson_1Htk94qw_VA_Governor_crosst,2025,Governor,VA,,2025-10-31,4,880,LV,51.3,48.7,-2.6,,,Race,Hispanic,Hispanic,53.86,46.14,,,,,emerson_sheets,2025-10-30
2025-Governor-VA|Emerson virginia-2025-spanberger-leads,Emerson College Polling,Emerson,emerson_1Htk94qw_VA_Governor_crosst,2025,Governor,VA,,2025-10-31,4,880,LV,51.3,48.7,-2.6,,,Race,White,White,43.46,56.54,,,,,emerson_sheets,2025-10-30
2025-Governor-VA|Emerson virginia-2025-spanberger-leads,Emerson College Polling,Emerson,emerson_1Htk94qw_VA_Governor_crosst,2025,Governor,VA,,2025-10-31,4,880,LV,51.3,48.7,-2.6,,,Race,Black,Black,80.81,19.19,,,,,emerson_sheets,2025-10-30
2025-Governor-VA|Emerson virginia-2025-spanberger-leads,Emerson College Polling,Emerson,emerson_1Htk94qw_VA_Governor_crosst,2025,Governor,VA,,2025-10-31,4,880,LV,51.3,48.7,-2.6,,,Race,Asian,Asian,60.65,39.35,,,,,emerson_sheets,2025-10-30
2025-Governor-VA|Emerson virginia-2025-spanberger-leads,Emerson College Polling,Emerson,emerson_1Htk94qw_VA_Governor_crosst,2025,Governor,VA,,2025-10-31,4,880,LV,51.3,48.7,-2.6,,,Race,Other,Other,55.98,44.02,,,,,emerson_sheets,2025-10-30
2025-Governor-VA|Emerson virginia-2025-spanberger-leads,Emerson College Polling,Emerson,emerson_1Htk94qw_VA_Governor_crosst,2025,Governor,VA,,2025-10-31,4,880,LV,51.3,48.7,-2.6,,,Age,18-29 years,18-29 years,66.36,33.64,,,,,emerson_sheets,2025-10-30
2025-Governor-VA|Emerson virginia-2025-spanberger-leads,Emerson College Polling,Emerson,emerson_1Htk94qw_VA_Governor_crosst,2025,Governor,VA,,2025-10-31,4,880,LV,51.3,48.7,-2.6,,,Age,30-39 years,30-39 years,56.3,43.7,,,,,emerson_sheets,2025-10-30
2025-Governor-VA|Emerson virginia-2025-spanberger-leads,Emerson College Polling,Emerson,emerson_1Htk94qw_VA_Governor_crosst,2025,Governor,VA,,2025-10-31,4,880,LV,51.3,48.7,-2.6,,,Age,40-49 years,40-49,57.69,42.31,,,,,emerson_sheets,2025-10-30
2025-Governor-VA|Emerson virginia-2025-spanberger-leads,Emerson College Polling,Emerson,emerson_1Htk94qw_VA_Governor_crosst,2025,Governor,VA,,2025-10-31,4,880,LV,51.3,48.7,-2.6,,,Age,50-59 years,50-59,47.21,52.79,,,,,emerson_sheets,2025-10-30
2025-Governor-VA|Emerson virginia-2025-spanberger-leads,Emerson College Polling,Emerson,emerson_1Htk94qw_VA_Governor_crosst,2025,Governor,VA,,2025-10-31,4,880,LV,51.3,48.7,-2.6,,,Age,60-69 years,60-69,44.68,55.32,,,,,emerson_sheets,2025-10-30
2025-Governor-VA|Emerson virginia-2025-spanberger-leads,Emerson College Polling,Emerson,emerson_1Htk94qw_VA_Governor_crosst,2025,Governor,VA,,2025-10-31,4,880,LV,51.3,48.7,-2.6,,,Age,70 or more years,70 or more years,44.75,55.25,,,,,emerson_sheets,2025-10-30
2025-Governor-VA|Emerson virginia-2025-spanberger-leads,Emerson College Polling,Emerson,emerson_1Htk94qw_VA_Governor_crosst,2025,Governor,VA,,2025-10-31,4,880,LV,51.3,48.7,-2.6,,,Education,HSorLess,HSorLess,35.5,64.5,,,,,emerson_sheets,2025-10-30
2025-Governor-VA|Emerson virginia-2025-spanberger-leads,Emerson College Polling,Emerson,emerson_1Htk94qw_VA_Governor_crosst,2025,Governor,VA,,2025-10-31,4,880,LV,51.3,48.7,-2.6,,,Education,SomeCollege,SomeCollege,44.23,55.77,,,,,emerson_sheets,2025-10-30
2025-Governor-VA|Emerson virginia-2025-spanberger-leads,Emerson College Polling,Emerson,emerson_1Htk94qw_VA_Governor_crosst,2025,Governor,VA,,2025-10-31,4,880,LV,51.3,48.7,-2.6,,,Education,BA,BA,62.2,37.8,,,,,emerson_sheets,2025-10-30
2025-Governor-VA|Emerson virginia-2025-spanberger-leads,Emerson College Polling,Emerson,emerson_1Htk94qw_VA_Governor_crosst,2025,Governor,VA,,2025-10-31,4,880,LV,51.3,48.7,-2.6,,,Gender,Male,Male,49.12,50.88,,,,,emerson_sheets,2025-10-30
2025-Governor-VA|Emerson virginia-2025-spanberger-leads,Emerson College Polling,Emerson,emerson_1Htk94qw_VA_Governor_crosst,2025,Governor,VA,,2025-10-31,4,880,LV,51.3,48.7,-2.6,,,Gender,Female,Female,52.68,47.32,,,,,emerson_sheets,2025-10-30
2025-Governor-VA|Emerson virginia-2025-spanberger-leads,Emerson College Polling,Emerson,emerson_1Htk94qw_VA_Governor_crosst,2025,Governor,VA,,2025-10-31,4,880,LV,51.3,48.7,-2.6,,,Gender,Nonbinary,Nonbinary,100.0,0.0,,,,,emerson_sheets,2025-10-30
2025-Governor-VA|Emerson virginia-2025-poll-spanberger-d-42-earle,Emerson College Polling,Emerson,emerson_17Cg9d2c_VA_Governor_crosst,2025,Governor,VA,,2025-01-08,300,1000,RV,50.5,49.5,-0.95,,,Race,Hispanic,Hispanic,56.73,43.27,,,,,emerson_sheets,2025-01-06
2025-Governor-VA|Emerson virginia-2025-poll-spanberger-d-42-earle,Emerson College Polling,Emerson,emerson_17Cg9d2c_VA_Governor_crosst,2025,Governor,VA,,2025-01-08,300,1000,RV,50.5,49.5,-0.95,,,Race,White,White,41.36,58.64,,,,,emerson_sheets,2025-01-06
2025-Governor-VA|Emerson virginia-2025-poll-spanberger-d-42-earle,Emerson College Polling,Emerson,emerson_17Cg9d2c_VA_Governor_crosst,2025,Governor,VA,,2025-01-08,300,1000,RV,50.5,49.5,-0.95,,,Race,Black,Black,88.05,11.95,,,,,emerson_sheets,2025-01-06
2025-Governor-VA|Emerson virginia-2025-poll-spanberger-d-42-earle,Emerson College Polling,Emerson,emerson_17Cg9d2c_VA_Governor_crosst,2025,Governor,VA,,2025-01-08,300,1000,RV,50.5,49.5,-0.95,,,Race,Asian,Asian,53.82,46.18,,,,,emerson_sheets,2025-01-06
2025-Governor-VA|Emerson virginia-2025-poll-spanberger-d-42-earle,Emerson College Polling,Emerson,emerson_17Cg9d2c_VA_Governor_crosst,2025,Governor,VA,,2025-01-08,300,1000,RV,50.5,49.5,-0.95,,,Race,Other,Other,46.26,53.74,,,,,emerson_sheets,2025-01-06
2025-Governor-VA|Emerson virginia-2025-poll-spanberger-d-42-earle,Emerson College Polling,Emerson,emerson_17Cg9d2c_VA_Governor_crosst,2025,Governor,VA,,2025-01-08,300,1000,RV,50.5,49.5,-0.95,,,Age,18-29 years,18-29 years,56.31,43.69,,,,,emerson_sheets,2025-01-06
2025-Governor-VA|Emerson virginia-2025-poll-spanberger-d-42-earle,Emerson College Polling,Emerson,emerson_17Cg9d2c_VA_Governor_crosst,2025,Governor,VA,,2025-01-08,300,1000,RV,50.5,49.5,-0.95,,,Age,30-39 years,30-39 years,52.16,47.84,,,,,emerson_sheets,2025-01-06
2025-Governor-VA|Emerson virginia-2025-poll-spanberger-d-42-earle,Emerson College Polling,Emerson,emerson_17Cg9d2c_VA_Governor_crosst,2025,Governor,VA,,2025-01-08,300,1000,RV,50.5,49.5,-0.95,,,Age,40-49 years,40-49,47.56,52.44,,,,,emerson_sheets,2025-01-06
2025-Governor-VA|Emerson virginia-2025-poll-spanberger-d-42-earle,Emerson College Polling,Emerson,emerson_17Cg9d2c_VA_Governor_crosst,2025,Governor,VA,,2025-01-08,300,1000,RV,50.5,49.5,-0.95,,,Age,50-59 years,50-59,48.17,51.83,,,,,emerson_sheets,2025-01-06
2025-Governor-VA|Emerson virginia-2025-poll-spanberger-d-42-earle,Emerson College Polling,Emerson,emerson_17Cg9d2c_VA_Governor_crosst,2025,Governor,VA,,2025-01-08,300,1000,RV,50.5,49.5,-0.95,,,Age,60-69 years,60-69,50.67,49.33,,,,,emerson_sheets,2025-01-06
2025-Governor-VA|Emerson virginia-2025-poll-spanberger-d-42-earle,Emerson College Polling,Emerson,emerson_17Cg9d2c_VA_Governor_crosst,2025,Governor,VA,,2025-01-08,300,1000,RV,50.5,49.5,-0.95,,,Age,70 or more years,70 or more years,51.89,48.11,,,,,emerson_sheets,2025-01-06
2025-Governor-VA|Emerson virginia-2025-poll-spanberger-d-42-earle,Emerson College Polling,Emerson,emerson_17Cg9d2c_VA_Governor_crosst,2025,Governor,VA,,2025-01-08,300,1000,RV,50.5,49.5,-0.95,,,Education,HSorLess,HSorLess,39.88,60.12,,,,,emerson_sheets,2025-01-06
2025-Governor-VA|Emerson virginia-2025-poll-spanberger-d-42-earle,Emerson College Polling,Emerson,emerson_17Cg9d2c_VA_Governor_crosst,2025,Governor,VA,,2025-01-08,300,1000,RV,50.5,49.5,-0.95,,,Education,SomeCollege,SomeCollege,42.65,57.35,,,,,emerson_sheets,2025-01-06
2025-Governor-VA|Emerson virginia-2025-poll-spanberger-d-42-earle,Emerson College Polling,Emerson,emerson_17Cg9d2c_VA_Governor_crosst,2025,Governor,VA,,2025-01-08,300,1000,RV,50.5,49.5,-0.95,,,Education,BA,BA,58.6,41.4,,,,,emerson_sheets,2025-01-06
2025-Governor-VA|Emerson virginia-2025-poll-spanberger-d-42-earle,Emerson College Polling,Emerson,emerson_17Cg9d2c_VA_Governor_crosst,2025,Governor,VA,,2025-01-08,300,1000,RV,50.5,49.5,-0.95,,,Gender,Male,Male,41.51,58.49,,,,,emerson_sheets,2025-01-06
2025-Governor-VA|Emerson virginia-2025-poll-spanberger-d-42-earle,Emerson College Polling,Emerson,emerson_17Cg9d2c_VA_Governor_crosst,2025,Governor,VA,,2025-01-08,300,1000,RV,50.5,49.5,-0.95,,,Gender,Female,Female,59.87,40.13,,,,,emerson_sheets,2025-01-06
2025-Governor-VA|Emerson virginia-2025-poll-spanberger-d-42-earle,Emerson College Polling,Emerson,emerson_17Cg9d2c_VA_Governor_crosst,2025,Governor,VA,,2025-01-08,300,1000,RV,50.5,49.5,-0.95,,,Gender,Nonbinary,Nonbinary,58.1,41.9,,,,,emerson_sheets,2025-01-06
2024-President-CA|Emerson october-2024-california-poll-harris-59-t,Emerson College Polling,Emerson,emerson_18YPFYiD_CA_President_crosst,2024,President,CA,,2024-10-14,22,1000,LV,62.9,37.1,-25.79,,,Race,Hispanic,Hispanic,72.32,27.68,,,,,emerson_sheets,2024-10-12
2024-President-CA|Emerson october-2024-california-poll-harris-59-t,Emerson College Polling,Emerson,emerson_18YPFYiD_CA_President_crosst,2024,President,CA,,2024-10-14,22,1000,LV,62.9,37.1,-25.79,,,Race,White,White,52.16,47.84,,,,,emerson_sheets,2024-10-12
2024-President-CA|Emerson october-2024-california-poll-harris-59-t,Emerson College Polling,Emerson,emerson_18YPFYiD_CA_President_crosst,2024,President,CA,,2024-10-14,22,1000,LV,62.9,37.1,-25.79,,,Race,Black,Black,84.85,15.15,,,,,emerson_sheets,2024-10-12
2024-President-CA|Emerson october-2024-california-poll-harris-59-t,Emerson College Polling,Emerson,emerson_18YPFYiD_CA_President_crosst,2024,President,CA,,2024-10-14,22,1000,LV,62.9,37.1,-25.79,,,Race,Asian,Asian,75.39,24.61,,,,,emerson_sheets,2024-10-12
2024-President-CA|Emerson october-2024-california-poll-harris-59-t,Emerson College Polling,Emerson,emerson_18YPFYiD_CA_President_crosst,2024,President,CA,,2024-10-14,22,1000,LV,62.9,37.1,-25.79,,,Race,Other,Other,52.63,47.37,,,,,emerson_sheets,2024-10-12
2024-President-CA|Emerson october-2024-california-poll-harris-59-t,Emerson College Polling,Emerson,emerson_18YPFYiD_CA_President_crosst,2024,President,CA,,2024-10-14,22,1000,LV,62.9,37.1,-25.79,,,Age,18-29 years,18-29 years,69.77,30.23,,,,,emerson_sheets,2024-10-12
2024-President-CA|Emerson october-2024-california-poll-harris-59-t,Emerson College Polling,Emerson,emerson_18YPFYiD_CA_President_crosst,2024,President,CA,,2024-10-14,22,1000,LV,62.9,37.1,-25.79,,,Age,30-39 years,30-39 years,66.77,33.23,,,,,emerson_sheets,2024-10-12
2024-President-CA|Emerson october-2024-california-poll-harris-59-t,Emerson College Polling,Emerson,emerson_18YPFYiD_CA_President_crosst,2024,President,CA,,2024-10-14,22,1000,LV,62.9,37.1,-25.79,,,Age,40-49 years,40-49,53.8,46.2,,,,,emerson_sheets,2024-10-12
2024-President-CA|Emerson october-2024-california-poll-harris-59-t,Emerson College Polling,Emerson,emerson_18YPFYiD_CA_President_crosst,2024,President,CA,,2024-10-14,22,1000,LV,62.9,37.1,-25.79,,,Age,50-59 years,50-59,64.73,35.27,,,,,emerson_sheets,2024-10-12
2024-President-CA|Emerson october-2024-california-poll-harris-59-t,Emerson College Polling,Emerson,emerson_18YPFYiD_CA_President_crosst,2024,President,CA,,2024-10-14,22,1000,LV,62.9,37.1,-25.79,,,Age,60-69 years,60-69,60.94,39.06,,,,,emerson_sheets,2024-10-12
2024-President-CA|Emerson october-2024-california-poll-harris-59-t,Emerson College Polling,Emerson,emerson_18YPFYiD_CA_President_crosst,2024,President,CA,,2024-10-14,22,1000,LV,62.9,37.1,-25.79,,,Age,70 or more years,70 or more years,61.27,38.73,,,,,emerson_sheets,2024-10-12
2024-President-CA|Emerson october-2024-california-poll-harris-59-t,Emerson College Polling,Emerson,emerson_18YPFYiD_CA_President_crosst,2024,President,CA,,2024-10-14,22,1000,LV,62.9,37.1,-25.79,,,Education,HSorLess,HSorLess,55.99,44.01,,,,,emerson_sheets,2024-10-12
2024-President-CA|Emerson october-2024-california-poll-harris-59-t,Emerson College Polling,Emerson,emerson_18YPFYiD_CA_President_crosst,2024,President,CA,,2024-10-14,22,1000,LV,62.9,37.1,-25.79,,,Education,SomeCollege,SomeCollege,57.67,42.33,,,,,emerson_sheets,2024-10-12
2024-President-CA|Emerson october-2024-california-poll-harris-59-t,Emerson College Polling,Emerson,emerson_18YPFYiD_CA_President_crosst,2024,President,CA,,2024-10-14,22,1000,LV,62.9,37.1,-25.79,,,Education,BA,BA,70.37,29.63,,,,,emerson_sheets,2024-10-12
2024-President-CA|Emerson october-2024-california-poll-harris-59-t,Emerson College Polling,Emerson,emerson_18YPFYiD_CA_President_crosst,2024,President,CA,,2024-10-14,22,1000,LV,62.9,37.1,-25.79,,,Gender,Male,Male,58.66,41.34,,,,,emerson_sheets,2024-10-12
2024-President-CA|Emerson october-2024-california-poll-harris-59-t,Emerson College Polling,Emerson,emerson_18YPFYiD_CA_President_crosst,2024,President,CA,,2024-10-14,22,1000,LV,62.9,37.1,-25.79,,,Gender,Female,Female,66.68,33.32,,,,,emerson_sheets,2024-10-12
2024-President-CA|Emerson october-2024-california-poll-harris-59-t,Emerson College Polling,Emerson,emerson_18YPFYiD_CA_President_crosst,2024,President,CA,,2024-10-14,22,1000,LV,62.9,37.1,-25.79,,,Gender,Nonbinary,Nonbinary,85.69,14.31,,,,,emerson_sheets,2024-10-12
2024-President-CA|Emerson october-2024-california-poll-harris-59-t,Emerson College Polling,Emerson,emerson_18YPFYiD_CA_President_crosst,2024,President,CA,,2024-10-14,22,1000,LV,62.5,37.5,-24.97,,,Race,Hispanic,Hispanic,70.99,29.01,,,,,emerson_sheets,2024-10-12
2024-President-CA|Emerson october-2024-california-poll-harris-59-t,Emerson College Polling,Emerson,emerson_18YPFYiD_CA_President_crosst,2024,President,CA,,2024-10-14,22,1000,LV,62.5,37.5,-24.97,,,Race,White,White,51.96,48.04,,,,,emerson_sheets,2024-10-12
2024-President-CA|Emerson october-2024-california-poll-harris-59-t,Emerson College Polling,Emerson,emerson_18YPFYiD_CA_President_crosst,2024,President,CA,,2024-10-14,22,1000,LV,62.5,37.5,-24.97,,,Race,Black,Black,83.46,16.54,,,,,emerson_sheets,2024-10-12
2024-President-CA|Emerson october-2024-california-poll-harris-59-t,Emerson College Polling,Emerson,emerson_18YPFYiD_CA_President_crosst,2024,President,CA,,2024-10-14,22,1000,LV,62.5,37.5,-24.97,,,Race,Asian,Asian,74.4,25.6,,,,,emerson_sheets,2024-10-12
2024-President-CA|Emerson october-2024-california-poll-harris-59-t,Emerson College Polling,Emerson,emerson_18YPFYiD_CA_President_crosst,2024,President,CA,,2024-10-14,22,1000,LV,62.5,37.5,-24.97,,,Race,Other,Other,58.08,41.92,,,,,emerson_sheets,2024-10-12
2024-President-CA|Emerson october-2024-california-poll-harris-59-t,Emerson College Polling,Emerson,emerson_18YPFYiD_CA_President_crosst,2024,President,CA,,2024-10-14,22,1000,LV,62.5,37.5,-24.97,,,Age,18-29 years,18-29 years,69.44,30.56,,,,,emerson_sheets,2024-10-12
2024-President-CA|Emerson october-2024-california-poll-harris-59-t,Emerson College Polling,Emerson,emerson_18YPFYiD_CA_President_crosst,2024,President,CA,,2024-10-14,22,1000,LV,62.5,37.5,-24.97,,,Age,30-39 years,30-39 years,65.32,34.68,,,,,emerson_sheets,2024-10-12
2024-President-CA|Emerson october-2024-california-poll-harris-59-t,Emerson College Polling,Emerson,emerson_18YPFYiD_CA_President_crosst,2024,President,CA,,2024-10-14,22,1000,LV,62.5,37.5,-24.97,,,Age,40-49 years,40-49,53.93,46.07,,,,,emerson_sheets,2024-10-12
2024-President-CA|Emerson october-2024-california-poll-harris-59-t,Emerson College Polling,Emerson,emerson_18YPFYiD_CA_President_crosst,2024,President,CA,,2024-10-14,22,1000,LV,62.5,37.5,-24.97,,,Age,50-59 years,50-59,63.98,36.02,,,,,emerson_sheets,2024-10-12
2024-President-CA|Emerson october-2024-california-poll-harris-59-t,Emerson College Polling,Emerson,emerson_18YPFYiD_CA_President_crosst,2024,President,CA,,2024-10-14,22,1000,LV,62.5,37.5,-24.97,,,Age,60-69 years,60-69,61.26,38.74,,,,,emerson_sheets,2024-10-12
2024-President-CA|Emerson october-2024-california-poll-harris-59-t,Emerson College Polling,Emerson,emerson_18YPFYiD_CA_President_crosst,2024,President,CA,,2024-10-14,22,1000,LV,62.5,37.5,-24.97,,,Age,70 or more years,70 or more years,61.27,38.73,,,,,emerson_sheets,2024-10-12
2024-President-CA|Emerson october-2024-california-poll-harris-59-t,Emerson College Polling,Emerson,emerson_18YPFYiD_CA_President_crosst,2024,President,CA,,2024-10-14,22,1000,LV,62.5,37.5,-24.97,,,Education,HSorLess,HSorLess,56.47,43.53,,,,,emerson_sheets,2024-10-12
2024-President-CA|Emerson october-2024-california-poll-harris-59-t,Emerson College Polling,Emerson,emerson_18YPFYiD_CA_President_crosst,2024,President,CA,,2024-10-14,22,1000,LV,62.5,37.5,-24.97,,,Education,SomeCollege,SomeCollege,57.63,42.37,,,,,emerson_sheets,2024-10-12
2024-President-CA|Emerson october-2024-california-poll-harris-59-t,Emerson College Polling,Emerson,emerson_18YPFYiD_CA_President_crosst,2024,President,CA,,2024-10-14,22,1000,LV,62.5,37.5,-24.97,,,Education,BA,BA,69.26,30.74,,,,,emerson_sheets,2024-10-12
2024-President-CA|Emerson october-2024-california-poll-harris-59-t,Emerson College Polling,Emerson,emerson_18YPFYiD_CA_President_crosst,2024,President,CA,,2024-10-14,22,1000,LV,62.5,37.5,-24.97,,,Gender,Male,Male,58.4,41.6,,,,,emerson_sheets,2024-10-12
2024-President-CA|Emerson october-2024-california-poll-harris-59-t,Emerson College Polling,Emerson,emerson_18YPFYiD_CA_President_crosst,2024,President,CA,,2024-10-14,22,1000,LV,62.5,37.5,-24.97,,,Gender,Female,Female,66.11,33.89,,,,,emerson_sheets,2024-10-12
2024-President-CA|Emerson october-2024-california-poll-harris-59-t,Emerson College Polling,Emerson,emerson_18YPFYiD_CA_President_crosst,2024,President,CA,,2024-10-14,22,1000,LV,62.5,37.5,-24.97,,,Gender,Nonbinary,Nonbinary,85.69,14.31,,,,,emerson_sheets,2024-10-12
2024-Senate-CA|Emerson october-2024-california-poll-harris-59-t,Emerson College Polling,Emerson,emerson_18YPFYiD_CA_Senate_crosst,2024,Senate,CA,,2024-10-14,22,1000,LV,63.2,36.8,-26.41,,,Race,Hispanic,Hispanic,74.81,25.19,,,,,emerson_sheets,2024-10-12
2024-Senate-CA|Emerson october-2024-california-poll-harris-59-t,Emerson College Polling,Emerson,emerson_18YPFYiD_CA_Senate_crosst,2024,Senate,CA,,2024-10-14,22,1000,LV,63.2,36.8,-26.41,,,Race,White,White,51.35,48.65,,,,,emerson_sheets,2024-10-12
2024-Senate-CA|Emerson october-2024-california-poll-harris-59-t,Emerson College Polling,Emerson,emerson_18YPFYiD_CA_Senate_crosst,2024,Senate,CA,,2024-10-14,22,1000,LV,63.2,36.8,-26.41,,,Race,Black,Black,89.69,10.31,,,,,emerson_sheets,2024-10-12
2024-Senate-CA|Emerson october-2024-california-poll-harris-59-t,Emerson College Polling,Emerson,emerson_18YPFYiD_CA_Senate_crosst,2024,Senate,CA,,2024-10-14,22,1000,LV,63.2,36.8,-26.41,,,Race,Asian,Asian,75.69,24.31,,,,,emerson_sheets,2024-10-12
2024-Senate-CA|Emerson october-2024-california-poll-harris-59-t,Emerson College Polling,Emerson,emerson_18YPFYiD_CA_Senate_crosst,2024,Senate,CA,,2024-10-14,22,1000,LV,63.2,36.8,-26.41,,,Race,Other,Other,52.21,47.79,,,,,emerson_sheets,2024-10-12
2024-Senate-CA|Emerson october-2024-california-poll-harris-59-t,Emerson College Polling,Emerson,emerson_18YPFYiD_CA_Senate_crosst,2024,Senate,CA,,2024-10-14,22,1000,LV,63.2,36.8,-26.41,,,Age,18-29 years,18-29 years,75.8,24.2,,,,,emerson_sheets,2024-10-12
2024-Senate-CA|Emerson october-2024-california-poll-harris-59-t,Emerson College Polling,Emerson,emerson_18YPFYiD_CA_Senate_crosst,2024,Senate,CA,,2024-10-14,22,1000,LV,63.2,36.8,-26.41,,,Age,30-39 years,30-39 years,68.43,31.57,,,,,emerson_sheets,2024-10-12
2024-Senate-CA|Emerson october-2024-california-poll-harris-59-t,Emerson College Polling,Emerson,emerson_18YPFYiD_CA_Senate_crosst,2024,Senate,CA,,2024-10-14,22,1000,LV,63.2,36.8,-26.41,,,Age,40-49 years,40-49,55.67,44.33,,,,,emerson_sheets,2024-10-12
2024-Senate-CA|Emerson october-2024-california-poll-harris-59-t,Emerson College Polling,Emerson,emerson_18YPFYiD_CA_Senate_crosst,2024,Senate,CA,,2024-10-14,22,1000,LV,63.2,36.8,-26.41,,,Age,50-59 years,50-59,62.71,37.29,,,,,emerson_sheets,2024-10-12
2024-Senate-CA|Emerson october-2024-california-poll-harris-59-t,Emerson College Polling,Emerson,emerson_18YPFYiD_CA_Senate_crosst,2024,Senate,CA,,2024-10-14,22,1000,LV,63.2,36.8,-26.41,,,Age,60-69 years,60-69,59.26,40.74,,,,,emerson_sheets,2024-10-12
2024-Senate-CA|Emerson october-2024-california-poll-harris-59-t,Emerson College Polling,Emerson,emerson_18YPFYiD_CA_Senate_crosst,2024,Senate,CA,,2024-10-14,22,1000,LV,63.2,36.8,-26.41,,,Age,70 or more years,70 or more years,59.93,40.07,,,,,emerson_sheets,2024-10-12
2024-Senate-CA|Emerson october-2024-california-poll-harris-59-t,Emerson College Polling,Emerson,emerson_18YPFYiD_CA_Senate_crosst,2024,Senate,CA,,2024-10-14,22,1000,LV,63.2,36.8,-26.41,,,Education,HSorLess,HSorLess,57.1,42.9,,,,,emerson_sheets,2024-10-12
2024-Senate-CA|Emerson october-2024-california-poll-harris-59-t,Emerson College Polling,Emerson,emerson_18YPFYiD_CA_Senate_crosst,2024,Senate,CA,,2024-10-14,22,1000,LV,63.2,36.8,-26.41,,,Education,SomeCollege,SomeCollege,57.09,42.91,,,,,emerson_sheets,2024-10-12
2024-Senate-CA|Emerson october-2024-california-poll-harris-59-t,Emerson College Polling,Emerson,emerson_18YPFYiD_CA_Senate_crosst,2024,Senate,CA,,2024-10-14,22,1000,LV,63.2,36.8,-26.41,,,Education,BA,BA,70.67,29.33,,,,,emerson_sheets,2024-10-12
2024-Senate-CA|Emerson october-2024-california-poll-harris-59-t,Emerson College Polling,Emerson,emerson_18YPFYiD_CA_Senate_crosst,2024,Senate,CA,,2024-10-14,22,1000,LV,63.2,36.8,-26.41,,,Gender,Male,Male,59.64,40.36,,,,,emerson_sheets,2024-10-12
2024-Senate-CA|Emerson october-2024-california-poll-harris-59-t,Emerson College Polling,Emerson,emerson_18YPFYiD_CA_Senate_crosst,2024,Senate,CA,,2024-10-14,22,1000,LV,63.2,36.8,-26.41,,,Gender,Female,Female,66.52,33.48,,,,,emerson_sheets,2024-10-12
2024-Senate-CA|Emerson october-2024-california-poll-harris-59-t,Emerson College Polling,Emerson,emerson_18YPFYiD_CA_Senate_crosst,2024,Senate,CA,,2024-10-14,22,1000,LV,63.2,36.8,-26.41,,,Gender,Nonbinary,Nonbinary,64.32,35.68,,,,,emerson_sheets,2024-10-12
2026-Governor-IA|Emerson iowa-2026-poll-hinson-leads-turek,Emerson College Polling,Emerson,emerson_1Fd1q_VL_IA_Governor_full c,2026,Governor,IA,,2026-09-01,63,750,LV,51.7,48.3,-3.31,,,Race,Hispanic,Hispanic,44.58,55.42,,,,,emerson_sheets,2026-08-31
2026-Governor-IA|Emerson iowa-2026-poll-hinson-leads-turek,Emerson College Polling,Emerson,emerson_1Fd1q_VL_IA_Governor_full c,2026,Governor,IA,,2026-09-01,63,750,LV,51.7,48.3,-3.31,,,Race,White,White,50.82,49.18,,,,,emerson_sheets,2026-08-31
2026-Governor-IA|Emerson iowa-2026-poll-hinson-leads-turek,Emerson College Polling,Emerson,emerson_1Fd1q_VL_IA_Governor_full c,2026,Governor,IA,,2026-09-01,63,750,LV,51.7,48.3,-3.31,,,Race,Black,Black,75.93,24.07,,,,,emerson_sheets,2026-08-31
2026-Governor-IA|Emerson iowa-2026-poll-hinson-leads-turek,Emerson College Polling,Emerson,emerson_1Fd1q_VL_IA_Governor_full c,2026,Governor,IA,,2026-09-01,63,750,LV,51.7,48.3,-3.31,,,Race,Asian,Asian,19.26,80.74,,,,,emerson_sheets,2026-08-31
2026-Governor-IA|Emerson iowa-2026-poll-hinson-leads-turek,Emerson College Polling,Emerson,emerson_1Fd1q_VL_IA_Governor_full c,2026,Governor,IA,,2026-09-01,63,750,LV,51.7,48.3,-3.31,,,Race,Other,Other,42.9,57.1,,,,,emerson_sheets,2026-08-31
2026-Governor-IA|Emerson iowa-2026-poll-hinson-leads-turek,Emerson College Polling,Emerson,emerson_1Fd1q_VL_IA_Governor_full c,2026,Governor,IA,,2026-09-01,63,750,LV,51.7,48.3,-3.31,,,Age,18  39 years,18-39,59.95,40.05,,,,,emerson_sheets,2026-08-31
2026-Governor-IA|Emerson iowa-2026-poll-hinson-leads-turek,Emerson College Polling,Emerson,emerson_1Fd1q_VL_IA_Governor_full c,2026,Governor,IA,,2026-09-01,63,750,LV,51.7,48.3,-3.31,,,Age,40  49 years,40-49,52.56,47.44,,,,,emerson_sheets,2026-08-31
2026-Governor-IA|Emerson iowa-2026-poll-hinson-leads-turek,Emerson College Polling,Emerson,emerson_1Fd1q_VL_IA_Governor_full c,2026,Governor,IA,,2026-09-01,63,750,LV,51.7,48.3,-3.31,,,Age,50  59 years,50-59,47.89,52.11,,,,,emerson_sheets,2026-08-31
2026-Governor-IA|Emerson iowa-2026-poll-hinson-leads-turek,Emerson College Polling,Emerson,emerson_1Fd1q_VL_IA_Governor_full c,2026,Governor,IA,,2026-09-01,63,750,LV,51.7,48.3,-3.31,,,Age,60  69 years,60-69,42.37,57.63,,,,,emerson_sheets,2026-08-31
2026-Governor-IA|Emerson iowa-2026-poll-hinson-leads-turek,Emerson College Polling,Emerson,emerson_1Fd1q_VL_IA_Governor_full c,2026,Governor,IA,,2026-09-01,63,750,LV,51.7,48.3,-3.31,,,Age,70 or more years,70 or more years,52.62,47.38,,,,,emerson_sheets,2026-08-31
2026-Governor-IA|Emerson iowa-2026-poll-hinson-leads-turek,Emerson College Polling,Emerson,emerson_1Fd1q_VL_IA_Governor_full c,2026,Governor,IA,,2026-09-01,63,750,LV,51.7,48.3,-3.31,,,Education,HSorLess,HSorLess,45.86,54.14,,,,,emerson_sheets,2026-08-31
2026-Governor-IA|Emerson iowa-2026-poll-hinson-leads-turek,Emerson College Polling,Emerson,emerson_1Fd1q_VL_IA_Governor_full c,2026,Governor,IA,,2026-09-01,63,750,LV,51.7,48.3,-3.31,,,Education,SomeCollege,SomeCollege,51.41,48.59,,,,,emerson_sheets,2026-08-31
2026-Governor-IA|Emerson iowa-2026-poll-hinson-leads-turek,Emerson College Polling,Emerson,emerson_1Fd1q_VL_IA_Governor_full c,2026,Governor,IA,,2026-09-01,63,750,LV,51.7,48.3,-3.31,,,Education,BA,BA,53.69,46.31,,,,,emerson_sheets,2026-08-31
2026-Governor-IA|Emerson iowa-2026-poll-hinson-leads-turek,Emerson College Polling,Emerson,emerson_1Fd1q_VL_IA_Governor_full c,2026,Governor,IA,,2026-09-01,63,750,LV,51.7,48.3,-3.31,,,Gender,Male,Male,41.89,58.11,,,,,emerson_sheets,2026-08-31
2026-Governor-IA|Emerson iowa-2026-poll-hinson-leads-turek,Emerson College Polling,Emerson,emerson_1Fd1q_VL_IA_Governor_full c,2026,Governor,IA,,2026-09-01,63,750,LV,51.7,48.3,-3.31,,,Gender,Female,Female,60.5,39.5,,,,,emerson_sheets,2026-08-31
2026-Senate-IA|Emerson iowa-2026-poll-hinson-leads-turek,Emerson College Polling,Emerson,emerson_1Fd1q_VL_IA_Senate_full c,2026,Senate,IA,,2026-09-01,63,750,LV,47.7,52.3,4.68,,,Race,Hispanic,Hispanic,39.48,60.52,,,,,emerson_sheets,2026-08-31
2026-Senate-IA|Emerson iowa-2026-poll-hinson-leads-turek,Emerson College Polling,Emerson,emerson_1Fd1q_VL_IA_Senate_full c,2026,Senate,IA,,2026-09-01,63,750,LV,47.7,52.3,4.68,,,Race,White,White,47.43,52.57,,,,,emerson_sheets,2026-08-31
2026-Senate-IA|Emerson iowa-2026-poll-hinson-leads-turek,Emerson College Polling,Emerson,emerson_1Fd1q_VL_IA_Senate_full c,2026,Senate,IA,,2026-09-01,63,750,LV,47.7,52.3,4.68,,,Race,Black,Black,65.46,34.54,,,,,emerson_sheets,2026-08-31
2026-Senate-IA|Emerson iowa-2026-poll-hinson-leads-turek,Emerson College Polling,Emerson,emerson_1Fd1q_VL_IA_Senate_full c,2026,Senate,IA,,2026-09-01,63,750,LV,47.7,52.3,4.68,,,Race,Asian,Asian,19.26,80.74,,,,,emerson_sheets,2026-08-31
2026-Senate-IA|Emerson iowa-2026-poll-hinson-leads-turek,Emerson College Polling,Emerson,emerson_1Fd1q_VL_IA_Senate_full c,2026,Senate,IA,,2026-09-01,63,750,LV,47.7,52.3,4.68,,,Race,Other,Other,33.17,66.83,,,,,emerson_sheets,2026-08-31
2026-Senate-IA|Emerson iowa-2026-poll-hinson-leads-turek,Emerson College Polling,Emerson,emerson_1Fd1q_VL_IA_Senate_full c,2026,Senate,IA,,2026-09-01,63,750,LV,47.7,52.3,4.68,,,Age,18  39 years,18-39,56.32,43.68,,,,,emerson_sheets,2026-08-31
2026-Senate-IA|Emerson iowa-2026-poll-hinson-leads-turek,Emerson College Polling,Emerson,emerson_1Fd1q_VL_IA_Senate_full c,2026,Senate,IA,,2026-09-01,63,750,LV,47.7,52.3,4.68,,,Age,40  49 years,40-49,50.41,49.59,,,,,emerson_sheets,2026-08-31
2026-Senate-IA|Emerson iowa-2026-poll-hinson-leads-turek,Emerson College Polling,Emerson,emerson_1Fd1q_VL_IA_Senate_full c,2026,Senate,IA,,2026-09-01,63,750,LV,47.7,52.3,4.68,,,Age,50  59 years,50-59,45.28,54.72,,,,,emerson_sheets,2026-08-31
2026-Senate-IA|Emerson iowa-2026-poll-hinson-leads-turek,Emerson College Polling,Emerson,emerson_1Fd1q_VL_IA_Senate_full c,2026,Senate,IA,,2026-09-01,63,750,LV,47.7,52.3,4.68,,,Age,60  69 years,60-69,40.12,59.88,,,,,emerson_sheets,2026-08-31
2026-Senate-IA|Emerson iowa-2026-poll-hinson-leads-turek,Emerson College Polling,Emerson,emerson_1Fd1q_VL_IA_Senate_full c,2026,Senate,IA,,2026-09-01,63,750,LV,47.7,52.3,4.68,,,Age,70 or more years,70 or more years,43.47,56.53,,,,,emerson_sheets,2026-08-31
2026-Senate-IA|Emerson iowa-2026-poll-hinson-leads-turek,Emerson College Polling,Emerson,emerson_1Fd1q_VL_IA_Senate_full c,2026,Senate,IA,,2026-09-01,63,750,LV,47.7,52.3,4.68,,,Education,HSorLess,HSorLess,43.05,56.95,,,,,emerson_sheets,2026-08-31
2026-Senate-IA|Emerson iowa-2026-poll-hinson-leads-turek,Emerson College Polling,Emerson,emerson_1Fd1q_VL_IA_Senate_full c,2026,Senate,IA,,2026-09-01,63,750,LV,47.7,52.3,4.68,,,Education,SomeCollege,SomeCollege,47.0,53.0,,,,,emerson_sheets,2026-08-31
2026-Senate-IA|Emerson iowa-2026-poll-hinson-leads-turek,Emerson College Polling,Emerson,emerson_1Fd1q_VL_IA_Senate_full c,2026,Senate,IA,,2026-09-01,63,750,LV,47.7,52.3,4.68,,,Education,BA,BA,49.82,50.18,,,,,emerson_sheets,2026-08-31
2026-Senate-IA|Emerson iowa-2026-poll-hinson-leads-turek,Emerson College Polling,Emerson,emerson_1Fd1q_VL_IA_Senate_full c,2026,Senate,IA,,2026-09-01,63,750,LV,47.7,52.3,4.68,,,Gender,Male,Male,35.92,64.08,,,,,emerson_sheets,2026-08-31
2026-Senate-IA|Emerson iowa-2026-poll-hinson-leads-turek,Emerson College Polling,Emerson,emerson_1Fd1q_VL_IA_Senate_full c,2026,Senate,IA,,2026-09-01,63,750,LV,47.7,52.3,4.68,,,Gender,Female,Female,58.73,41.27,,,,,emerson_sheets,2026-08-31
2026-Senate-IA|Emerson iowa-2026-poll-hinson-leads-turek,Emerson College Polling,Emerson,emerson_1Fd1q_VL_IA_Senate_full c,2026,Senate,IA,,2026-09-01,63,750,LV,47.7,52.3,4.68,,,Gender,Nonbinary,Nonbinary,0.0,100.0,,,,,emerson_sheets,2026-08-31
2026-Governor-NV|Emerson nevada-2026-poll-ford-and-lombardo,Emerson College Polling,Emerson,emerson_1GuSiLBi_NV_Governor_full c,2026,Governor,NV,,2026-09-08,56,680,LV,51.2,48.8,-2.45,,,Race,Hispanic,Hispanic,72.13,27.87,,,,,emerson_sheets,2026-09-05
2026-Governor-NV|Emerson nevada-2026-poll-ford-and-lombardo,Emerson College Polling,Emerson,emerson_1GuSiLBi_NV_Governor_full c,2026,Governor,NV,,2026-09-08,56,680,LV,51.2,48.8,-2.45,,,Race,White,White,42.68,57.32,,,,,emerson_sheets,2026-09-05
2026-Governor-NV|Emerson nevada-2026-poll-ford-and-lombardo,Emerson College Polling,Emerson,emerson_1GuSiLBi_NV_Governor_full c,2026,Governor,NV,,2026-09-08,56,680,LV,51.2,48.8,-2.45,,,Race,Black,Black,85.85,14.15,,,,,emerson_sheets,2026-09-05
2026-Governor-NV|Emerson nevada-2026-poll-ford-and-lombardo,Emerson College Polling,Emerson,emerson_1GuSiLBi_NV_Governor_full c,2026,Governor,NV,,2026-09-08,56,680,LV,51.2,48.8,-2.45,,,Race,Asian,Asian,48.13,51.87,,,,,emerson_sheets,2026-09-05
2026-Governor-NV|Emerson nevada-2026-poll-ford-and-lombardo,Emerson College Polling,Emerson,emerson_1GuSiLBi_NV_Governor_full c,2026,Governor,NV,,2026-09-08,56,680,LV,51.2,48.8,-2.45,,,Race,Other,Other,50.4,49.6,,,,,emerson_sheets,2026-09-05
2026-Governor-NV|Emerson nevada-2026-poll-ford-and-lombardo,Emerson College Polling,Emerson,emerson_1GuSiLBi_NV_Governor_full c,2026,Governor,NV,,2026-09-08,56,680,LV,51.2,48.8,-2.45,,,Age,18-29 years,18-29 years,71.58,28.42,,,,,emerson_sheets,2026-09-05
2026-Governor-NV|Emerson nevada-2026-poll-ford-and-lombardo,Emerson College Polling,Emerson,emerson_1GuSiLBi_NV_Governor_full c,2026,Governor,NV,,2026-09-08,56,680,LV,51.2,48.8,-2.45,,,Age,30-39 years,30-39 years,67.0,33.0,,,,,emerson_sheets,2026-09-05
2026-Governor-NV|Emerson nevada-2026-poll-ford-and-lombardo,Emerson College Polling,Emerson,emerson_1GuSiLBi_NV_Governor_full c,2026,Governor,NV,,2026-09-08,56,680,LV,51.2,48.8,-2.45,,,Age,40-49 years,40-49,49.7,50.3,,,,,emerson_sheets,2026-09-05
2026-Governor-NV|Emerson nevada-2026-poll-ford-and-lombardo,Emerson College Polling,Emerson,emerson_1GuSiLBi_NV_Governor_full c,2026,Governor,NV,,2026-09-08,56,680,LV,51.2,48.8,-2.45,,,Age,50-59 years,50-59,45.71,54.29,,,,,emerson_sheets,2026-09-05
2026-Governor-NV|Emerson nevada-2026-poll-ford-and-lombardo,Emerson College Polling,Emerson,emerson_1GuSiLBi_NV_Governor_full c,2026,Governor,NV,,2026-09-08,56,680,LV,51.2,48.8,-2.45,,,Age,60-69 years,60-69,46.22,53.78,,,,,emerson_sheets,2026-09-05
2026-Governor-NV|Emerson nevada-2026-poll-ford-and-lombardo,Emerson College Polling,Emerson,emerson_1GuSiLBi_NV_Governor_full c,2026,Governor,NV,,2026-09-08,56,680,LV,51.2,48.8,-2.45,,,Age,70 or more years,70 or more years,42.18,57.82,,,,,emerson_sheets,2026-09-05
2026-Governor-NV|Emerson nevada-2026-poll-ford-and-lombardo,Emerson College Polling,Emerson,emerson_1GuSiLBi_NV_Governor_full c,2026,Governor,NV,,2026-09-08,56,680,LV,51.2,48.8,-2.45,,,Education,HSorLess,HSorLess,55.67,44.33,,,,,emerson_sheets,2026-09-05
2026-Governor-NV|Emerson nevada-2026-poll-ford-and-lombardo,Emerson College Polling,Emerson,emerson_1GuSiLBi_NV_Governor_full c,2026,Governor,NV,,2026-09-08,56,680,LV,51.2,48.8,-2.45,,,Education,SomeCollege,SomeCollege,48.37,51.63,,,,,emerson_sheets,2026-09-05
2026-Governor-NV|Emerson nevada-2026-poll-ford-and-lombardo,Emerson College Polling,Emerson,emerson_1GuSiLBi_NV_Governor_full c,2026,Governor,NV,,2026-09-08,56,680,LV,51.2,48.8,-2.45,,,Education,BA,BA,52.47,47.53,,,,,emerson_sheets,2026-09-05
2026-Governor-NV|Emerson nevada-2026-poll-ford-and-lombardo,Emerson College Polling,Emerson,emerson_1GuSiLBi_NV_Governor_full c,2026,Governor,NV,,2026-09-08,56,680,LV,51.2,48.8,-2.45,,,Gender,Male,Male,46.66,53.34,,,,,emerson_sheets,2026-09-05
2026-Governor-NV|Emerson nevada-2026-poll-ford-and-lombardo,Emerson College Polling,Emerson,emerson_1GuSiLBi_NV_Governor_full c,2026,Governor,NV,,2026-09-08,56,680,LV,51.2,48.8,-2.45,,,Gender,Female,Female,55.92,44.08,,,,,emerson_sheets,2026-09-05
2026-Governor-NV|Emerson nevada-2026-poll-ford-and-lombardo,Emerson College Polling,Emerson,emerson_1GuSiLBi_NV_Governor_full c,2026,Governor,NV,,2026-09-08,56,680,LV,51.2,48.8,-2.45,,,Gender,Nonbinary,Nonbinary,11.97,88.03,,,,,emerson_sheets,2026-09-05
2026-Senate-TX|Emerson texas-2026-poll-talarico-and-paxton-in-d,Emerson College Polling,Emerson,emerson_1b_uuSga_TX_Senate_full c,2026,Senate,TX,,2026-09-14,50,1000,LV,50.5,49.5,-1.07,,,Race,Hispanic,Hispanic,58.02,41.98,,,,,emerson_sheets,2026-09-12
2026-Senate-TX|Emerson texas-2026-poll-talarico-and-paxton-in-d,Emerson College Polling,Emerson,emerson_1b_uuSga_TX_Senate_full c,2026,Senate,TX,,2026-09-14,50,1000,LV,50.5,49.5,-1.07,,,Race,White,White,39.51,60.49,,,,,emerson_sheets,2026-09-12
2026-Senate-TX|Emerson texas-2026-poll-talarico-and-paxton-in-d,Emerson College Polling,Emerson,emerson_1b_uuSga_TX_Senate_full c,2026,Senate,TX,,2026-09-14,50,1000,LV,50.5,49.5,-1.07,,,Race,Black,Black,87.94,12.06,,,,,emerson_sheets,2026-09-12
2026-Senate-TX|Emerson texas-2026-poll-talarico-and-paxton-in-d,Emerson College Polling,Emerson,emerson_1b_uuSga_TX_Senate_full c,2026,Senate,TX,,2026-09-14,50,1000,LV,50.5,49.5,-1.07,,,Race,Asian,Asian,62.68,37.32,,,,,emerson_sheets,2026-09-12
2026-Senate-TX|Emerson texas-2026-poll-talarico-and-paxton-in-d,Emerson College Polling,Emerson,emerson_1b_uuSga_TX_Senate_full c,2026,Senate,TX,,2026-09-14,50,1000,LV,50.5,49.5,-1.07,,,Race,Other,Other,61.52,38.48,,,,,emerson_sheets,2026-09-12
2026-Senate-TX|Emerson texas-2026-poll-talarico-and-paxton-in-d,Emerson College Polling,Emerson,emerson_1b_uuSga_TX_Senate_full c,2026,Senate,TX,,2026-09-14,50,1000,LV,50.5,49.5,-1.07,,,Age,18-29 years,18-29 years,71.76,28.24,,,,,emerson_sheets,2026-09-12
2026-Senate-TX|Emerson texas-2026-poll-talarico-and-paxton-in-d,Emerson College Polling,Emerson,emerson_1b_uuSga_TX_Senate_full c,2026,Senate,TX,,2026-09-14,50,1000,LV,50.5,49.5,-1.07,,,Age,30-39 years,30-39 years,59.36,40.64,,,,,emerson_sheets,2026-09-12
2026-Senate-TX|Emerson texas-2026-poll-talarico-and-paxton-in-d,Emerson College Polling,Emerson,emerson_1b_uuSga_TX_Senate_full c,2026,Senate,TX,,2026-09-14,50,1000,LV,50.5,49.5,-1.07,,,Age,40-49 years,40-49,53.33,46.67,,,,,emerson_sheets,2026-09-12
2026-Senate-TX|Emerson texas-2026-poll-talarico-and-paxton-in-d,Emerson College Polling,Emerson,emerson_1b_uuSga_TX_Senate_full c,2026,Senate,TX,,2026-09-14,50,1000,LV,50.5,49.5,-1.07,,,Age,50-59 years,50-59,46.76,53.24,,,,,emerson_sheets,2026-09-12
2026-Senate-TX|Emerson texas-2026-poll-talarico-and-paxton-in-d,Emerson College Polling,Emerson,emerson_1b_uuSga_TX_Senate_full c,2026,Senate,TX,,2026-09-14,50,1000,LV,50.5,49.5,-1.07,,,Age,60-69 years,60-69,42.43,57.57,,,,,emerson_sheets,2026-09-12
2026-Senate-TX|Emerson texas-2026-poll-talarico-and-paxton-in-d,Emerson College Polling,Emerson,emerson_1b_uuSga_TX_Senate_full c,2026,Senate,TX,,2026-09-14,50,1000,LV,50.5,49.5,-1.07,,,Age,70 or more years,70 or more years,38.98,61.02,,,,,emerson_sheets,2026-09-12
2026-Senate-TX|Emerson texas-2026-poll-talarico-and-paxton-in-d,Emerson College Polling,Emerson,emerson_1b_uuSga_TX_Senate_full c,2026,Senate,TX,,2026-09-14,50,1000,LV,50.5,49.5,-1.07,,,Education,HSorLess,HSorLess,43.28,56.72,,,,,emerson_sheets,2026-09-12
2026-Senate-TX|Emerson texas-2026-poll-talarico-and-paxton-in-d,Emerson College Polling,Emerson,emerson_1b_uuSga_TX_Senate_full c,2026,Senate,TX,,2026-09-14,50,1000,LV,50.5,49.5,-1.07,,,Education,SomeCollege,SomeCollege,50.09,49.91,,,,,emerson_sheets,2026-09-12
2026-Senate-TX|Emerson texas-2026-poll-talarico-and-paxton-in-d,Emerson College Polling,Emerson,emerson_1b_uuSga_TX_Senate_full c,2026,Senate,TX,,2026-09-14,50,1000,LV,50.5,49.5,-1.07,,,Education,BA,BA,53.61,46.39,,,,,emerson_sheets,2026-09-12
2026-Senate-TX|Emerson texas-2026-poll-talarico-and-paxton-in-d,Emerson College Polling,Emerson,emerson_1b_uuSga_TX_Senate_full c,2026,Senate,TX,,2026-09-14,50,1000,LV,50.5,49.5,-1.07,,,Gender,Male,Male,48.64,51.36,,,,,emerson_sheets,2026-09-12
2026-Senate-TX|Emerson texas-2026-poll-talarico-and-paxton-in-d,Emerson College Polling,Emerson,emerson_1b_uuSga_TX_Senate_full c,2026,Senate,TX,,2026-09-14,50,1000,LV,50.5,49.5,-1.07,,,Gender,Female,Female,51.62,48.38,,,,,emerson_sheets,2026-09-12
2026-Senate-TX|Emerson texas-2026-poll-talarico-and-paxton-in-d,Emerson College Polling,Emerson,emerson_1b_uuSga_TX_Senate_full c,2026,Senate,TX,,2026-09-14,50,1000,LV,50.5,49.5,-1.07,,,Gender,Nonbinary,Nonbinary,100.0,0.0,,,,,emerson_sheets,2026-09-12
2026-Governor-TX|Emerson texas-2026-poll-talarico-and-paxton-in-d,Emerson College Polling,Emerson,emerson_1b_uuSga_TX_Governor_full c,2026,Governor,TX,,2026-09-14,50,1000,LV,48.3,51.7,3.34,,,Race,Hispanic,Hispanic,58.17,41.83,,,,,emerson_sheets,2026-09-12
2026-Governor-TX|Emerson texas-2026-poll-talarico-and-paxton-in-d,Emerson College Polling,Emerson,emerson_1b_uuSga_TX_Governor_full c,2026,Governor,TX,,2026-09-14,50,1000,LV,48.3,51.7,3.34,,,Race,White,White,35.91,64.09,,,,,emerson_sheets,2026-09-12
2026-Governor-TX|Emerson texas-2026-poll-talarico-and-paxton-in-d,Emerson College Polling,Emerson,emerson_1b_uuSga_TX_Governor_full c,2026,Governor,TX,,2026-09-14,50,1000,LV,48.3,51.7,3.34,,,Race,Black,Black,88.82,11.18,,,,,emerson_sheets,2026-09-12
2026-Governor-TX|Emerson texas-2026-poll-talarico-and-paxton-in-d,Emerson College Polling,Emerson,emerson_1b_uuSga_TX_Governor_full c,2026,Governor,TX,,2026-09-14,50,1000,LV,48.3,51.7,3.34,,,Race,Asian,Asian,63.69,36.31,,,,,emerson_sheets,2026-09-12
2026-Governor-TX|Emerson texas-2026-poll-talarico-and-paxton-in-d,Emerson College Polling,Emerson,emerson_1b_uuSga_TX_Governor_full c,2026,Governor,TX,,2026-09-14,50,1000,LV,48.3,51.7,3.34,,,Race,Other,Other,55.17,44.83,,,,,emerson_sheets,2026-09-12
2026-Governor-TX|Emerson texas-2026-poll-talarico-and-paxton-in-d,Emerson College Polling,Emerson,emerson_1b_uuSga_TX_Governor_full c,2026,Governor,TX,,2026-09-14,50,1000,LV,48.3,51.7,3.34,,,Age,18-29 years,18-29 years,68.59,31.41,,,,,emerson_sheets,2026-09-12
2026-Governor-TX|Emerson texas-2026-poll-talarico-and-paxton-in-d,Emerson College Polling,Emerson,emerson_1b_uuSga_TX_Governor_full c,2026,Governor,TX,,2026-09-14,50,1000,LV,48.3,51.7,3.34,,,Age,30-39 years,30-39 years,58.68,41.32,,,,,emerson_sheets,2026-09-12
2026-Governor-TX|Emerson texas-2026-poll-talarico-and-paxton-in-d,Emerson College Polling,Emerson,emerson_1b_uuSga_TX_Governor_full c,2026,Governor,TX,,2026-09-14,50,1000,LV,48.3,51.7,3.34,,,Age,40-49 years,40-49,52.82,47.18,,,,,emerson_sheets,2026-09-12
2026-Governor-TX|Emerson texas-2026-poll-talarico-and-paxton-in-d,Emerson College Polling,Emerson,emerson_1b_uuSga_TX_Governor_full c,2026,Governor,TX,,2026-09-14,50,1000,LV,48.3,51.7,3.34,,,Age,50-59 years,50-59,40.17,59.83,,,,,emerson_sheets,2026-09-12
2026-Governor-TX|Emerson texas-2026-poll-talarico-and-paxton-in-d,Emerson College Polling,Emerson,emerson_1b_uuSga_TX_Governor_full c,2026,Governor,TX,,2026-09-14,50,1000,LV,48.3,51.7,3.34,,,Age,60-69 years,60-69,41.58,58.42,,,,,emerson_sheets,2026-09-12
2026-Governor-TX|Emerson texas-2026-poll-talarico-and-paxton-in-d,Emerson College Polling,Emerson,emerson_1b_uuSga_TX_Governor_full c,2026,Governor,TX,,2026-09-14,50,1000,LV,48.3,51.7,3.34,,,Age,70 or more years,70 or more years,37.23,62.77,,,,,emerson_sheets,2026-09-12
2026-Governor-TX|Emerson texas-2026-poll-talarico-and-paxton-in-d,Emerson College Polling,Emerson,emerson_1b_uuSga_TX_Governor_full c,2026,Governor,TX,,2026-09-14,50,1000,LV,48.3,51.7,3.34,,,Education,HSorLess,HSorLess,42.4,57.6,,,,,emerson_sheets,2026-09-12
2026-Governor-TX|Emerson texas-2026-poll-talarico-and-paxton-in-d,Emerson College Polling,Emerson,emerson_1b_uuSga_TX_Governor_full c,2026,Governor,TX,,2026-09-14,50,1000,LV,48.3,51.7,3.34,,,Education,SomeCollege,SomeCollege,48.67,51.33,,,,,emerson_sheets,2026-09-12
2026-Governor-TX|Emerson texas-2026-poll-talarico-and-paxton-in-d,Emerson College Polling,Emerson,emerson_1b_uuSga_TX_Governor_full c,2026,Governor,TX,,2026-09-14,50,1000,LV,48.3,51.7,3.34,,,Education,BA,BA,50.07,49.93,,,,,emerson_sheets,2026-09-12
2026-Governor-TX|Emerson texas-2026-poll-talarico-and-paxton-in-d,Emerson College Polling,Emerson,emerson_1b_uuSga_TX_Governor_full c,2026,Governor,TX,,2026-09-14,50,1000,LV,48.3,51.7,3.34,,,Gender,Male,Male,46.25,53.75,,,,,emerson_sheets,2026-09-12
2026-Governor-TX|Emerson texas-2026-poll-talarico-and-paxton-in-d,Emerson College Polling,Emerson,emerson_1b_uuSga_TX_Governor_full c,2026,Governor,TX,,2026-09-14,50,1000,LV,48.3,51.7,3.34,,,Gender,Female,Female,49.59,50.41,,,,,emerson_sheets,2026-09-12
2026-Governor-TX|Emerson texas-2026-poll-talarico-and-paxton-in-d,Emerson College Polling,Emerson,emerson_1b_uuSga_TX_Governor_full c,2026,Governor,TX,,2026-09-14,50,1000,LV,48.3,51.7,3.34,,,Gender,Nonbinary,Nonbinary,100.0,0.0,,,,,emerson_sheets,2026-09-12
2026-Senate-MI|Emerson michigan-2026-poll-el-sayed-and-rogers-l,Emerson College Polling,Emerson,emerson_1rnTTvih_MI_Senate_full c,2026,Senate,MI,,2026-09-14,50,1000,LV,51.3,48.7,-2.63,,,Race,Hispanic,Hispanic,54.76,45.24,,,,,emerson_sheets,2026-09-12
2026-Senate-MI|Emerson michigan-2026-poll-el-sayed-and-rogers-l,Emerson College Polling,Emerson,emerson_1rnTTvih_MI_Senate_full c,2026,Senate,MI,,2026-09-14,50,1000,LV,51.3,48.7,-2.63,,,Race,White,White,45.67,54.33,,,,,emerson_sheets,2026-09-12
2026-Senate-MI|Emerson michigan-2026-poll-el-sayed-and-rogers-l,Emerson College Polling,Emerson,emerson_1rnTTvih_MI_Senate_full c,2026,Senate,MI,,2026-09-14,50,1000,LV,51.3,48.7,-2.63,,,Race,Black,Black,87.25,12.75,,,,,emerson_sheets,2026-09-12
2026-Senate-MI|Emerson michigan-2026-poll-el-sayed-and-rogers-l,Emerson College Polling,Emerson,emerson_1rnTTvih_MI_Senate_full c,2026,Senate,MI,,2026-09-14,50,1000,LV,51.3,48.7,-2.63,,,Race,Asian,Asian,71.51,28.49,,,,,emerson_sheets,2026-09-12
2026-Senate-MI|Emerson michigan-2026-poll-el-sayed-and-rogers-l,Emerson College Polling,Emerson,emerson_1rnTTvih_MI_Senate_full c,2026,Senate,MI,,2026-09-14,50,1000,LV,51.3,48.7,-2.63,,,Race,Other,Other,39.02,60.98,,,,,emerson_sheets,2026-09-12
2026-Senate-MI|Emerson michigan-2026-poll-el-sayed-and-rogers-l,Emerson College Polling,Emerson,emerson_1rnTTvih_MI_Senate_full c,2026,Senate,MI,,2026-09-14,50,1000,LV,51.3,48.7,-2.63,,,Age,18-29 years,18-29 years,67.95,32.05,,,,,emerson_sheets,2026-09-12
2026-Senate-MI|Emerson michigan-2026-poll-el-sayed-and-rogers-l,Emerson College Polling,Emerson,emerson_1rnTTvih_MI_Senate_full c,2026,Senate,MI,,2026-09-14,50,1000,LV,51.3,48.7,-2.63,,,Age,30-39 years,30-39 years,66.75,33.25,,,,,emerson_sheets,2026-09-12
2026-Senate-MI|Emerson michigan-2026-poll-el-sayed-and-rogers-l,Emerson College Polling,Emerson,emerson_1rnTTvih_MI_Senate_full c,2026,Senate,MI,,2026-09-14,50,1000,LV,51.3,48.7,-2.63,,,Age,40-49 years,40-49,49.37,50.63,,,,,emerson_sheets,2026-09-12
2026-Senate-MI|Emerson michigan-2026-poll-el-sayed-and-rogers-l,Emerson College Polling,Emerson,emerson_1rnTTvih_MI_Senate_full c,2026,Senate,MI,,2026-09-14,50,1000,LV,51.3,48.7,-2.63,,,Age,50-59 years,50-59,45.33,54.67,,,,,emerson_sheets,2026-09-12
2026-Senate-MI|Emerson michigan-2026-poll-el-sayed-and-rogers-l,Emerson College Polling,Emerson,emerson_1rnTTvih_MI_Senate_full c,2026,Senate,MI,,2026-09-14,50,1000,LV,51.3,48.7,-2.63,,,Age,60-69 years,60-69,42.58,57.42,,,,,emerson_sheets,2026-09-12
2026-Senate-MI|Emerson michigan-2026-poll-el-sayed-and-rogers-l,Emerson College Polling,Emerson,emerson_1rnTTvih_MI_Senate_full c,2026,Senate,MI,,2026-09-14,50,1000,LV,51.3,48.7,-2.63,,,Age,70 or more years,70 or more years,48.89,51.11,,,,,emerson_sheets,2026-09-12
2026-Senate-MI|Emerson michigan-2026-poll-el-sayed-and-rogers-l,Emerson College Polling,Emerson,emerson_1rnTTvih_MI_Senate_full c,2026,Senate,MI,,2026-09-14,50,1000,LV,51.3,48.7,-2.63,,,Education,HSorLess,HSorLess,48.37,51.63,,,,,emerson_sheets,2026-09-12
2026-Senate-MI|Emerson michigan-2026-poll-el-sayed-and-rogers-l,Emerson College Polling,Emerson,emerson_1rnTTvih_MI_Senate_full c,2026,Senate,MI,,2026-09-14,50,1000,LV,51.3,48.7,-2.63,,,Education,SomeCollege,SomeCollege,48.3,51.7,,,,,emerson_sheets,2026-09-12
2026-Senate-MI|Emerson michigan-2026-poll-el-sayed-and-rogers-l,Emerson College Polling,Emerson,emerson_1rnTTvih_MI_Senate_full c,2026,Senate,MI,,2026-09-14,50,1000,LV,51.3,48.7,-2.63,,,Education,BA,BA,55.91,44.09,,,,,emerson_sheets,2026-09-12
2026-Senate-MI|Emerson michigan-2026-poll-el-sayed-and-rogers-l,Emerson College Polling,Emerson,emerson_1rnTTvih_MI_Senate_full c,2026,Senate,MI,,2026-09-14,50,1000,LV,51.3,48.7,-2.63,,,Gender,Male,Male,43.91,56.09,,,,,emerson_sheets,2026-09-12
2026-Senate-MI|Emerson michigan-2026-poll-el-sayed-and-rogers-l,Emerson College Polling,Emerson,emerson_1rnTTvih_MI_Senate_full c,2026,Senate,MI,,2026-09-14,50,1000,LV,51.3,48.7,-2.63,,,Gender,Female,Female,58.22,41.78,,,,,emerson_sheets,2026-09-12
2026-Senate-MI|Emerson michigan-2026-poll-el-sayed-and-rogers-l,Emerson College Polling,Emerson,emerson_1rnTTvih_MI_Senate_full c,2026,Senate,MI,,2026-09-14,50,1000,LV,51.3,48.7,-2.63,,,Gender,Nonbinary,Nonbinary,100.0,0.0,,,,,emerson_sheets,2026-09-12
2026-Governor-MI|Emerson michigan-2026-poll-el-sayed-and-rogers-l,Emerson College Polling,Emerson,emerson_1rnTTvih_MI_Governor_full c,2026,Governor,MI,,2026-09-14,50,1000,LV,53.7,46.3,-7.39,,,Race,Hispanic,Hispanic,55.89,44.11,,,,,emerson_sheets,2026-09-12
2026-Governor-MI|Emerson michigan-2026-poll-el-sayed-and-rogers-l,Emerson College Polling,Emerson,emerson_1rnTTvih_MI_Governor_full c,2026,Governor,MI,,2026-09-14,50,1000,LV,53.7,46.3,-7.39,,,Race,White,White,47.76,52.24,,,,,emerson_sheets,2026-09-12
2026-Governor-MI|Emerson michigan-2026-poll-el-sayed-and-rogers-l,Emerson College Polling,Emerson,emerson_1rnTTvih_MI_Governor_full c,2026,Governor,MI,,2026-09-14,50,1000,LV,53.7,46.3,-7.39,,,Race,Black,Black,92.3,7.7,,,,,emerson_sheets,2026-09-12
2026-Governor-MI|Emerson michigan-2026-poll-el-sayed-and-rogers-l,Emerson College Polling,Emerson,emerson_1rnTTvih_MI_Governor_full c,2026,Governor,MI,,2026-09-14,50,1000,LV,53.7,46.3,-7.39,,,Race,Asian,Asian,77.15,22.85,,,,,emerson_sheets,2026-09-12
2026-Governor-MI|Emerson michigan-2026-poll-el-sayed-and-rogers-l,Emerson College Polling,Emerson,emerson_1rnTTvih_MI_Governor_full c,2026,Governor,MI,,2026-09-14,50,1000,LV,53.7,46.3,-7.39,,,Race,Other,Other,30.62,69.38,,,,,emerson_sheets,2026-09-12
2026-Governor-MI|Emerson michigan-2026-poll-el-sayed-and-rogers-l,Emerson College Polling,Emerson,emerson_1rnTTvih_MI_Governor_full c,2026,Governor,MI,,2026-09-14,50,1000,LV,53.7,46.3,-7.39,,,Age,18-29 years,18-29 years,67.13,32.87,,,,,emerson_sheets,2026-09-12
2026-Governor-MI|Emerson michigan-2026-poll-el-sayed-and-rogers-l,Emerson College Polling,Emerson,emerson_1rnTTvih_MI_Governor_full c,2026,Governor,MI,,2026-09-14,50,1000,LV,53.7,46.3,-7.39,,,Age,30-39 years,30-39 years,64.99,35.01,,,,,emerson_sheets,2026-09-12
2026-Governor-MI|Emerson michigan-2026-poll-el-sayed-and-rogers-l,Emerson College Polling,Emerson,emerson_1rnTTvih_MI_Governor_full c,2026,Governor,MI,,2026-09-14,50,1000,LV,53.7,46.3,-7.39,,,Age,40-49 years,40-49,52.13,47.87,,,,,emerson_sheets,2026-09-12
2026-Governor-MI|Emerson michigan-2026-poll-el-sayed-and-rogers-l,Emerson College Polling,Emerson,emerson_1rnTTvih_MI_Governor_full c,2026,Governor,MI,,2026-09-14,50,1000,LV,53.7,46.3,-7.39,,,Age,50-59 years,50-59,51.73,48.27,,,,,emerson_sheets,2026-09-12
2026-Governor-MI|Emerson michigan-2026-poll-el-sayed-and-rogers-l,Emerson College Polling,Emerson,emerson_1rnTTvih_MI_Governor_full c,2026,Governor,MI,,2026-09-14,50,1000,LV,53.7,46.3,-7.39,,,Age,60-69 years,60-69,45.74,54.26,,,,,emerson_sheets,2026-09-12
2026-Governor-MI|Emerson michigan-2026-poll-el-sayed-and-rogers-l,Emerson College Polling,Emerson,emerson_1rnTTvih_MI_Governor_full c,2026,Governor,MI,,2026-09-14,50,1000,LV,53.7,46.3,-7.39,,,Age,70 or more years,70 or more years,51.64,48.36,,,,,emerson_sheets,2026-09-12
2026-Governor-MI|Emerson michigan-2026-poll-el-sayed-and-rogers-l,Emerson College Polling,Emerson,emerson_1rnTTvih_MI_Governor_full c,2026,Governor,MI,,2026-09-14,50,1000,LV,53.7,46.3,-7.39,,,Education,HSorLess,HSorLess,48.4,51.6,,,,,emerson_sheets,2026-09-12
2026-Governor-MI|Emerson michigan-2026-poll-el-sayed-and-rogers-l,Emerson College Polling,Emerson,emerson_1rnTTvih_MI_Governor_full c,2026,Governor,MI,,2026-09-14,50,1000,LV,53.7,46.3,-7.39,,,Education,SomeCollege,SomeCollege,50.88,49.12,,,,,emerson_sheets,2026-09-12
2026-Governor-MI|Emerson michigan-2026-poll-el-sayed-and-rogers-l,Emerson College Polling,Emerson,emerson_1rnTTvih_MI_Governor_full c,2026,Governor,MI,,2026-09-14,50,1000,LV,53.7,46.3,-7.39,,,Education,BA,BA,58.97,41.03,,,,,emerson_sheets,2026-09-12
2026-Governor-MI|Emerson michigan-2026-poll-el-sayed-and-rogers-l,Emerson College Polling,Emerson,emerson_1rnTTvih_MI_Governor_full c,2026,Governor,MI,,2026-09-14,50,1000,LV,53.7,46.3,-7.39,,,Gender,Male,Male,47.37,52.63,,,,,emerson_sheets,2026-09-12
2026-Governor-MI|Emerson michigan-2026-poll-el-sayed-and-rogers-l,Emerson College Polling,Emerson,emerson_1rnTTvih_MI_Governor_full c,2026,Governor,MI,,2026-09-14,50,1000,LV,53.7,46.3,-7.39,,,Gender,Female,Female,59.32,40.68,,,,,emerson_sheets,2026-09-12
2026-Governor-MI|Emerson michigan-2026-poll-el-sayed-and-rogers-l,Emerson College Polling,Emerson,emerson_1rnTTvih_MI_Governor_full c,2026,Governor,MI,,2026-09-14,50,1000,LV,53.7,46.3,-7.39,,,Gender,Nonbinary,Nonbinary,100.0,0.0,,,,,emerson_sheets,2026-09-12
2026-Senate-KS|Emerson kansas-2026,Emerson College Polling,Emerson,emerson_1tg-s80e_KS_Senate_full c,2026,Senate,KS,,2026-09-16,48,750,LV,50.8,49.2,-1.65,,,Race,Hispanic,Hispanic,57.08,42.92,,,,,emerson_sheets,2026-09-15
2026-Senate-KS|Emerson kansas-2026,Emerson College Polling,Emerson,emerson_1tg-s80e_KS_Senate_full c,2026,Senate,KS,,2026-09-16,48,750,LV,50.8,49.2,-1.65,,,Race,White,White,48.24,51.76,,,,,emerson_sheets,2026-09-15
2026-Senate-KS|Emerson kansas-2026,Emerson College Polling,Emerson,emerson_1tg-s80e_KS_Senate_full c,2026,Senate,KS,,2026-09-16,48,750,LV,50.8,49.2,-1.65,,,Race,Black,Black,91.29,8.71,,,,,emerson_sheets,2026-09-15
2026-Senate-KS|Emerson kansas-2026,Emerson College Polling,Emerson,emerson_1tg-s80e_KS_Senate_full c,2026,Senate,KS,,2026-09-16,48,750,LV,50.8,49.2,-1.65,,,Race,Asian,Asian,100.0,0.0,,,,,emerson_sheets,2026-09-15
2026-Senate-KS|Emerson kansas-2026,Emerson College Polling,Emerson,emerson_1tg-s80e_KS_Senate_full c,2026,Senate,KS,,2026-09-16,48,750,LV,50.8,49.2,-1.65,,,Race,Other,Other,26.7,73.3,,,,,emerson_sheets,2026-09-15
2026-Senate-KS|Emerson kansas-2026,Emerson College Polling,Emerson,emerson_1tg-s80e_KS_Senate_full c,2026,Senate,KS,,2026-09-16,48,750,LV,50.8,49.2,-1.65,,,Age,18-39 years,18-39,59.17,40.83,,,,,emerson_sheets,2026-09-15
2026-Senate-KS|Emerson kansas-2026,Emerson College Polling,Emerson,emerson_1tg-s80e_KS_Senate_full c,2026,Senate,KS,,2026-09-16,48,750,LV,50.8,49.2,-1.65,,,Age,40-49 years,40-49,44.73,55.27,,,,,emerson_sheets,2026-09-15
2026-Senate-KS|Emerson kansas-2026,Emerson College Polling,Emerson,emerson_1tg-s80e_KS_Senate_full c,2026,Senate,KS,,2026-09-16,48,750,LV,50.8,49.2,-1.65,,,Age,50-59 years,50-59,50.54,49.46,,,,,emerson_sheets,2026-09-15
2026-Senate-KS|Emerson kansas-2026,Emerson College Polling,Emerson,emerson_1tg-s80e_KS_Senate_full c,2026,Senate,KS,,2026-09-16,48,750,LV,50.8,49.2,-1.65,,,Age,60-69 years,60-69,47.82,52.18,,,,,emerson_sheets,2026-09-15
2026-Senate-KS|Emerson kansas-2026,Emerson College Polling,Emerson,emerson_1tg-s80e_KS_Senate_full c,2026,Senate,KS,,2026-09-16,48,750,LV,50.8,49.2,-1.65,,,Age,70 or more years,70 or more years,49.3,50.7,,,,,emerson_sheets,2026-09-15
2026-Senate-KS|Emerson kansas-2026,Emerson College Polling,Emerson,emerson_1tg-s80e_KS_Senate_full c,2026,Senate,KS,,2026-09-16,48,750,LV,50.8,49.2,-1.65,,,Education,HSorLess,HSorLess,47.01,52.99,,,,,emerson_sheets,2026-09-15
2026-Senate-KS|Emerson kansas-2026,Emerson College Polling,Emerson,emerson_1tg-s80e_KS_Senate_full c,2026,Senate,KS,,2026-09-16,48,750,LV,50.8,49.2,-1.65,,,Education,SomeCollege,SomeCollege,50.75,49.25,,,,,emerson_sheets,2026-09-15
2026-Senate-KS|Emerson kansas-2026,Emerson College Polling,Emerson,emerson_1tg-s80e_KS_Senate_full c,2026,Senate,KS,,2026-09-16,48,750,LV,50.8,49.2,-1.65,,,Education,BA,BA,52.28,47.72,,,,,emerson_sheets,2026-09-15
2026-Senate-KS|Emerson kansas-2026,Emerson College Polling,Emerson,emerson_1tg-s80e_KS_Senate_full c,2026,Senate,KS,,2026-09-16,48,750,LV,50.8,49.2,-1.65,,,Gender,Male,Male,46.45,53.55,,,,,emerson_sheets,2026-09-15
2026-Senate-KS|Emerson kansas-2026,Emerson College Polling,Emerson,emerson_1tg-s80e_KS_Senate_full c,2026,Senate,KS,,2026-09-16,48,750,LV,50.8,49.2,-1.65,,,Gender,Female,Female,54.63,45.37,,,,,emerson_sheets,2026-09-15
2026-Senate-KS|Emerson kansas-2026,Emerson College Polling,Emerson,emerson_1tg-s80e_KS_Senate_full c,2026,Senate,KS,,2026-09-16,48,750,LV,50.8,49.2,-1.65,,,Gender,Nonbinary,Nonbinary,100.0,0.0,,,,,emerson_sheets,2026-09-15
2026-Governor-KS|Emerson kansas-2026,Emerson College Polling,Emerson,emerson_1tg-s80e_KS_Governor_full c,2026,Governor,KS,,2026-09-16,48,750,LV,46.1,53.9,7.78,,,Race,Hispanic,Hispanic,50.11,49.89,,,,,emerson_sheets,2026-09-15
2026-Governor-KS|Emerson kansas-2026,Emerson College Polling,Emerson,emerson_1tg-s80e_KS_Governor_full c,2026,Governor,KS,,2026-09-16,48,750,LV,46.1,53.9,7.78,,,Race,White,White,44.43,55.57,,,,,emerson_sheets,2026-09-15
2026-Governor-KS|Emerson kansas-2026,Emerson College Polling,Emerson,emerson_1tg-s80e_KS_Governor_full c,2026,Governor,KS,,2026-09-16,48,750,LV,46.1,53.9,7.78,,,Race,Black,Black,86.18,13.82,,,,,emerson_sheets,2026-09-15
2026-Governor-KS|Emerson kansas-2026,Emerson College Polling,Emerson,emerson_1tg-s80e_KS_Governor_full c,2026,Governor,KS,,2026-09-16,48,750,LV,46.1,53.9,7.78,,,Race,Asian,Asian,56.73,43.27,,,,,emerson_sheets,2026-09-15
2026-Governor-KS|Emerson kansas-2026,Emerson College Polling,Emerson,emerson_1tg-s80e_KS_Governor_full c,2026,Governor,KS,,2026-09-16,48,750,LV,46.1,53.9,7.78,,,Race,Other,Other,26.7,73.3,,,,,emerson_sheets,2026-09-15
2026-Governor-KS|Emerson kansas-2026,Emerson College Polling,Emerson,emerson_1tg-s80e_KS_Governor_full c,2026,Governor,KS,,2026-09-16,48,750,LV,46.1,53.9,7.78,,,Age,18-39 years,18-39,46.8,53.2,,,,,emerson_sheets,2026-09-15
2026-Governor-KS|Emerson kansas-2026,Emerson College Polling,Emerson,emerson_1tg-s80e_KS_Governor_full c,2026,Governor,KS,,2026-09-16,48,750,LV,46.1,53.9,7.78,,,Age,40-49 years,40-49,43.7,56.3,,,,,emerson_sheets,2026-09-15
2026-Governor-KS|Emerson kansas-2026,Emerson College Polling,Emerson,emerson_1tg-s80e_KS_Governor_full c,2026,Governor,KS,,2026-09-16,48,750,LV,46.1,53.9,7.78,,,Age,50-59 years,50-59,44.14,55.86,,,,,emerson_sheets,2026-09-15
2026-Governor-KS|Emerson kansas-2026,Emerson College Polling,Emerson,emerson_1tg-s80e_KS_Governor_full c,2026,Governor,KS,,2026-09-16,48,750,LV,46.1,53.9,7.78,,,Age,60-69 years,60-69,47.05,52.95,,,,,emerson_sheets,2026-09-15
2026-Governor-KS|Emerson kansas-2026,Emerson College Polling,Emerson,emerson_1tg-s80e_KS_Governor_full c,2026,Governor,KS,,2026-09-16,48,750,LV,46.1,53.9,7.78,,,Age,70 or more years,70 or more years,47.4,52.6,,,,,emerson_sheets,2026-09-15
2026-Governor-KS|Emerson kansas-2026,Emerson College Polling,Emerson,emerson_1tg-s80e_KS_Governor_full c,2026,Governor,KS,,2026-09-16,48,750,LV,46.1,53.9,7.78,,,Education,HSorLess,HSorLess,40.39,59.61,,,,,emerson_sheets,2026-09-15
2026-Governor-KS|Emerson kansas-2026,Emerson College Polling,Emerson,emerson_1tg-s80e_KS_Governor_full c,2026,Governor,KS,,2026-09-16,48,750,LV,46.1,53.9,7.78,,,Education,SomeCollege,SomeCollege,45.07,54.93,,,,,emerson_sheets,2026-09-15
2026-Governor-KS|Emerson kansas-2026,Emerson College Polling,Emerson,emerson_1tg-s80e_KS_Governor_full c,2026,Governor,KS,,2026-09-16,48,750,LV,46.1,53.9,7.78,,,Education,BA,BA,49.0,51.0,,,,,emerson_sheets,2026-09-15
2026-Governor-KS|Emerson kansas-2026,Emerson College Polling,Emerson,emerson_1tg-s80e_KS_Governor_full c,2026,Governor,KS,,2026-09-16,48,750,LV,46.1,53.9,7.78,,,Gender,Male,Male,40.92,59.08,,,,,emerson_sheets,2026-09-15
2026-Governor-KS|Emerson kansas-2026,Emerson College Polling,Emerson,emerson_1tg-s80e_KS_Governor_full c,2026,Governor,KS,,2026-09-16,48,750,LV,46.1,53.9,7.78,,,Gender,Female,Female,51.32,48.68,,,,,emerson_sheets,2026-09-15
2026-Governor-KS|Emerson kansas-2026,Emerson College Polling,Emerson,emerson_1tg-s80e_KS_Governor_full c,2026,Governor,KS,,2026-09-16,48,750,LV,46.1,53.9,7.78,,,Gender,Nonbinary,Nonbinary,100.0,0.0,,,,,emerson_sheets,2026-09-15
2024-President-MO|Emerson colorado-missouri-ohio-and-south-dakota-,Emerson College Polling,Emerson,emerson_1HNSSlU2_MO_President_MO XTs,2024,President,MO,,2024-01-28,282,1830,RV,39.3,60.7,21.45,,,Age,18-24,18-24,47.01,52.99,,,,,emerson_sheets,2024-01-23
2024-President-MO|Emerson colorado-missouri-ohio-and-south-dakota-,Emerson College Polling,Emerson,emerson_1HNSSlU2_MO_President_MO XTs,2024,President,MO,,2024-01-28,282,1830,RV,39.3,60.7,21.45,,,Age,25-29,25-29,47.62,52.38,,,,,emerson_sheets,2024-01-23
2024-President-MO|Emerson colorado-missouri-ohio-and-south-dakota-,Emerson College Polling,Emerson,emerson_1HNSSlU2_MO_President_MO XTs,2024,President,MO,,2024-01-28,282,1830,RV,39.3,60.7,21.45,,,Age,30-39,30-39,41.04,58.96,,,,,emerson_sheets,2024-01-23
2024-President-MO|Emerson colorado-missouri-ohio-and-south-dakota-,Emerson College Polling,Emerson,emerson_1HNSSlU2_MO_President_MO XTs,2024,President,MO,,2024-01-28,282,1830,RV,39.3,60.7,21.45,,,Age,40-49,40-49,35.65,64.35,,,,,emerson_sheets,2024-01-23
2024-President-MO|Emerson colorado-missouri-ohio-and-south-dakota-,Emerson College Polling,Emerson,emerson_1HNSSlU2_MO_President_MO XTs,2024,President,MO,,2024-01-28,282,1830,RV,39.3,60.7,21.45,,,Age,50-59,50-59,35.04,64.96,,,,,emerson_sheets,2024-01-23
2024-President-MO|Emerson colorado-missouri-ohio-and-south-dakota-,Emerson College Polling,Emerson,emerson_1HNSSlU2_MO_President_MO XTs,2024,President,MO,,2024-01-28,282,1830,RV,39.3,60.7,21.45,,,Age,60-69,60-69,33.33,66.67,,,,,emerson_sheets,2024-01-23
2024-President-MO|Emerson colorado-missouri-ohio-and-south-dakota-,Emerson College Polling,Emerson,emerson_1HNSSlU2_MO_President_MO XTs,2024,President,MO,,2024-01-28,282,1830,RV,39.3,60.7,21.45,,,Age,70 or more years,70 or more years,42.75,57.25,,,,,emerson_sheets,2024-01-23
2024-President-MO|Emerson colorado-missouri-ohio-and-south-dakota-,Emerson College Polling,Emerson,emerson_1HNSSlU2_MO_President_MO XTs,2024,President,MO,,2024-01-28,282,1830,RV,39.3,60.7,21.45,,,Race,Hispanic,Hispanic,55.13,44.87,,,,,emerson_sheets,2024-01-23
2024-President-MO|Emerson colorado-missouri-ohio-and-south-dakota-,Emerson College Polling,Emerson,emerson_1HNSSlU2_MO_President_MO XTs,2024,President,MO,,2024-01-28,282,1830,RV,39.3,60.7,21.45,,,Race,White,White,32.69,67.31,,,,,emerson_sheets,2024-01-23
2024-President-MO|Emerson colorado-missouri-ohio-and-south-dakota-,Emerson College Polling,Emerson,emerson_1HNSSlU2_MO_President_MO XTs,2024,President,MO,,2024-01-28,282,1830,RV,39.3,60.7,21.45,,,Race,Black,Black,81.16,18.84,,,,,emerson_sheets,2024-01-23
2024-President-MO|Emerson colorado-missouri-ohio-and-south-dakota-,Emerson College Polling,Emerson,emerson_1HNSSlU2_MO_President_MO XTs,2024,President,MO,,2024-01-28,282,1830,RV,39.3,60.7,21.45,,,Race,Asian,Asian,46.15,53.85,,,,,emerson_sheets,2024-01-23
2024-President-MO|Emerson colorado-missouri-ohio-and-south-dakota-,Emerson College Polling,Emerson,emerson_1HNSSlU2_MO_President_MO XTs,2024,President,MO,,2024-01-28,282,1830,RV,39.3,60.7,21.45,,,Race,Other,Other,49.18,50.82,,,,,emerson_sheets,2024-01-23
2024-President-MO|Emerson colorado-missouri-ohio-and-south-dakota-,Emerson College Polling,Emerson,emerson_1HNSSlU2_MO_President_MO XTs,2024,President,MO,,2024-01-28,282,1830,RV,39.3,60.7,21.45,,,Education,HSorLess,HSorLess,32.58,67.42,,,,,emerson_sheets,2024-01-23
2024-President-MO|Emerson colorado-missouri-ohio-and-south-dakota-,Emerson College Polling,Emerson,emerson_1HNSSlU2_MO_President_MO XTs,2024,President,MO,,2024-01-28,282,1830,RV,39.3,60.7,21.45,,,Education,SomeCollege,SomeCollege,33.33,66.67,,,,,emerson_sheets,2024-01-23
2024-President-MO|Emerson colorado-missouri-ohio-and-south-dakota-,Emerson College Polling,Emerson,emerson_1HNSSlU2_MO_President_MO XTs,2024,President,MO,,2024-01-28,282,1830,RV,39.3,60.7,21.45,,,Education,BA,BA,51.18,48.82,,,,,emerson_sheets,2024-01-23
2024-Senate-MO|Emerson colorado-missouri-ohio-and-south-dakota-,Emerson College Polling,Emerson,emerson_1HNSSlU2_MO_Senate_MO XTs,2024,Senate,MO,,2024-01-28,282,1830,RV,41.5,58.5,16.95,,,Age,18-24,18-24,47.96,52.04,,,,,emerson_sheets,2024-01-23
2024-Senate-MO|Emerson colorado-missouri-ohio-and-south-dakota-,Emerson College Polling,Emerson,emerson_1HNSSlU2_MO_Senate_MO XTs,2024,Senate,MO,,2024-01-28,282,1830,RV,41.5,58.5,16.95,,,Age,25-29,25-29,52.94,47.06,,,,,emerson_sheets,2024-01-23
2024-Senate-MO|Emerson colorado-missouri-ohio-and-south-dakota-,Emerson College Polling,Emerson,emerson_1HNSSlU2_MO_Senate_MO XTs,2024,Senate,MO,,2024-01-28,282,1830,RV,41.5,58.5,16.95,,,Age,30-39,30-39,44.97,55.03,,,,,emerson_sheets,2024-01-23
2024-Senate-MO|Emerson colorado-missouri-ohio-and-south-dakota-,Emerson College Polling,Emerson,emerson_1HNSSlU2_MO_Senate_MO XTs,2024,Senate,MO,,2024-01-28,282,1830,RV,41.5,58.5,16.95,,,Age,40-49,40-49,43.9,56.1,,,,,emerson_sheets,2024-01-23
2024-Senate-MO|Emerson colorado-missouri-ohio-and-south-dakota-,Emerson College Polling,Emerson,emerson_1HNSSlU2_MO_Senate_MO XTs,2024,Senate,MO,,2024-01-28,282,1830,RV,41.5,58.5,16.95,,,Age,50-59,50-59,38.03,61.97,,,,,emerson_sheets,2024-01-23
2024-Senate-MO|Emerson colorado-missouri-ohio-and-south-dakota-,Emerson College Polling,Emerson,emerson_1HNSSlU2_MO_Senate_MO XTs,2024,Senate,MO,,2024-01-28,282,1830,RV,41.5,58.5,16.95,,,Age,60-69,60-69,36.36,63.64,,,,,emerson_sheets,2024-01-23
2024-Senate-MO|Emerson colorado-missouri-ohio-and-south-dakota-,Emerson College Polling,Emerson,emerson_1HNSSlU2_MO_Senate_MO XTs,2024,Senate,MO,,2024-01-28,282,1830,RV,41.5,58.5,16.95,,,Age,70 or more years,70 or more years,39.16,60.84,,,,,emerson_sheets,2024-01-23
2024-Senate-MO|Emerson colorado-missouri-ohio-and-south-dakota-,Emerson College Polling,Emerson,emerson_1HNSSlU2_MO_Senate_MO XTs,2024,Senate,MO,,2024-01-28,282,1830,RV,41.5,58.5,16.95,,,Race,Hispanic,Hispanic,63.01,36.99,,,,,emerson_sheets,2024-01-23
2024-Senate-MO|Emerson colorado-missouri-ohio-and-south-dakota-,Emerson College Polling,Emerson,emerson_1HNSSlU2_MO_Senate_MO XTs,2024,Senate,MO,,2024-01-28,282,1830,RV,41.5,58.5,16.95,,,Race,White,White,35.85,64.15,,,,,emerson_sheets,2024-01-23
2024-Senate-MO|Emerson colorado-missouri-ohio-and-south-dakota-,Emerson College Polling,Emerson,emerson_1HNSSlU2_MO_Senate_MO XTs,2024,Senate,MO,,2024-01-28,282,1830,RV,41.5,58.5,16.95,,,Race,Black,Black,76.36,23.64,,,,,emerson_sheets,2024-01-23
2024-Senate-MO|Emerson colorado-missouri-ohio-and-south-dakota-,Emerson College Polling,Emerson,emerson_1HNSSlU2_MO_Senate_MO XTs,2024,Senate,MO,,2024-01-28,282,1830,RV,41.5,58.5,16.95,,,Race,Asian,Asian,50.0,50.0,,,,,emerson_sheets,2024-01-23
2024-Senate-MO|Emerson colorado-missouri-ohio-and-south-dakota-,Emerson College Polling,Emerson,emerson_1HNSSlU2_MO_Senate_MO XTs,2024,Senate,MO,,2024-01-28,282,1830,RV,41.5,58.5,16.95,,,Race,Other,Other,50.0,50.0,,,,,emerson_sheets,2024-01-23
2024-Senate-MO|Emerson colorado-missouri-ohio-and-south-dakota-,Emerson College Polling,Emerson,emerson_1HNSSlU2_MO_Senate_MO XTs,2024,Senate,MO,,2024-01-28,282,1830,RV,41.5,58.5,16.95,,,Education,HSorLess,HSorLess,36.57,63.43,,,,,emerson_sheets,2024-01-23
2024-Senate-MO|Emerson colorado-missouri-ohio-and-south-dakota-,Emerson College Polling,Emerson,emerson_1HNSSlU2_MO_Senate_MO XTs,2024,Senate,MO,,2024-01-28,282,1830,RV,41.5,58.5,16.95,,,Education,SomeCollege,SomeCollege,36.01,63.99,,,,,emerson_sheets,2024-01-23
2024-Senate-MO|Emerson colorado-missouri-ohio-and-south-dakota-,Emerson College Polling,Emerson,emerson_1HNSSlU2_MO_Senate_MO XTs,2024,Senate,MO,,2024-01-28,282,1830,RV,41.5,58.5,16.95,,,Education,BA,BA,50.2,49.8,,,,,emerson_sheets,2024-01-23
2024-President-SD|Emerson colorado-missouri-ohio-and-south-dakota-,Emerson College Polling,Emerson,emerson_1HNSSlU2_SD_President_SD XTS,2024,President,SD,,2024-01-28,282,1777,RV,32.3,67.7,35.4,,,Age,18-24,18-24,26.28,73.72,,,,,emerson_sheets,2024-01-23
2024-President-SD|Emerson colorado-missouri-ohio-and-south-dakota-,Emerson College Polling,Emerson,emerson_1HNSSlU2_SD_President_SD XTS,2024,President,SD,,2024-01-28,282,1777,RV,32.3,67.7,35.4,,,Age,25-29,25-29,28.1,71.9,,,,,emerson_sheets,2024-01-23
2024-President-SD|Emerson colorado-missouri-ohio-and-south-dakota-,Emerson College Polling,Emerson,emerson_1HNSSlU2_SD_President_SD XTS,2024,President,SD,,2024-01-28,282,1777,RV,32.3,67.7,35.4,,,Age,30-39,30-39,26.0,74.0,,,,,emerson_sheets,2024-01-23
2024-President-SD|Emerson colorado-missouri-ohio-and-south-dakota-,Emerson College Polling,Emerson,emerson_1HNSSlU2_SD_President_SD XTS,2024,President,SD,,2024-01-28,282,1777,RV,32.3,67.7,35.4,,,Age,40-49,40-49,27.04,72.96,,,,,emerson_sheets,2024-01-23
2024-President-SD|Emerson colorado-missouri-ohio-and-south-dakota-,Emerson College Polling,Emerson,emerson_1HNSSlU2_SD_President_SD XTS,2024,President,SD,,2024-01-28,282,1777,RV,32.3,67.7,35.4,,,Age,50-59,50-59,29.58,70.42,,,,,emerson_sheets,2024-01-23
2024-President-SD|Emerson colorado-missouri-ohio-and-south-dakota-,Emerson College Polling,Emerson,emerson_1HNSSlU2_SD_President_SD XTS,2024,President,SD,,2024-01-28,282,1777,RV,32.3,67.7,35.4,,,Age,60-69,60-69,38.3,61.7,,,,,emerson_sheets,2024-01-23
2024-President-SD|Emerson colorado-missouri-ohio-and-south-dakota-,Emerson College Polling,Emerson,emerson_1HNSSlU2_SD_President_SD XTS,2024,President,SD,,2024-01-28,282,1777,RV,32.3,67.7,35.4,,,Age,70 or more years,70 or more years,42.54,57.46,,,,,emerson_sheets,2024-01-23
2024-President-SD|Emerson colorado-missouri-ohio-and-south-dakota-,Emerson College Polling,Emerson,emerson_1HNSSlU2_SD_President_SD XTS,2024,President,SD,,2024-01-28,282,1777,RV,32.3,67.7,35.4,,,Race,Hispanic,Hispanic,38.16,61.84,,,,,emerson_sheets,2024-01-23
2024-President-SD|Emerson colorado-missouri-ohio-and-south-dakota-,Emerson College Polling,Emerson,emerson_1HNSSlU2_SD_President_SD XTS,2024,President,SD,,2024-01-28,282,1777,RV,32.3,67.7,35.4,,,Race,White,White,30.47,69.53,,,,,emerson_sheets,2024-01-23
2024-President-SD|Emerson colorado-missouri-ohio-and-south-dakota-,Emerson College Polling,Emerson,emerson_1HNSSlU2_SD_President_SD XTS,2024,President,SD,,2024-01-28,282,1777,RV,32.3,67.7,35.4,,,Race,Black,Black,30.43,69.57,,,,,emerson_sheets,2024-01-23
2024-President-SD|Emerson colorado-missouri-ohio-and-south-dakota-,Emerson College Polling,Emerson,emerson_1HNSSlU2_SD_President_SD XTS,2024,President,SD,,2024-01-28,282,1777,RV,32.3,67.7,35.4,,,Race,Asian,Asian,24.14,75.86,,,,,emerson_sheets,2024-01-23
2024-President-SD|Emerson colorado-missouri-ohio-and-south-dakota-,Emerson College Polling,Emerson,emerson_1HNSSlU2_SD_President_SD XTS,2024,President,SD,,2024-01-28,282,1777,RV,32.3,67.7,35.4,,,Race,Other,Other,49.18,50.82,,,,,emerson_sheets,2024-01-23
2024-President-SD|Emerson colorado-missouri-ohio-and-south-dakota-,Emerson College Polling,Emerson,emerson_1HNSSlU2_SD_President_SD XTS,2024,President,SD,,2024-01-28,282,1777,RV,32.3,67.7,35.4,,,Education,HSorLess,HSorLess,20.45,79.55,,,,,emerson_sheets,2024-01-23
2024-President-SD|Emerson colorado-missouri-ohio-and-south-dakota-,Emerson College Polling,Emerson,emerson_1HNSSlU2_SD_President_SD XTS,2024,President,SD,,2024-01-28,282,1777,RV,32.3,67.7,35.4,,,Education,SomeCollege,SomeCollege,30.49,69.51,,,,,emerson_sheets,2024-01-23
2024-President-SD|Emerson colorado-missouri-ohio-and-south-dakota-,Emerson College Polling,Emerson,emerson_1HNSSlU2_SD_President_SD XTS,2024,President,SD,,2024-01-28,282,1777,RV,32.3,67.7,35.4,,,Education,BA,BA,41.76,58.24,,,,,emerson_sheets,2024-01-23
2024-President-SD|Emerson colorado-missouri-ohio-and-south-dakota-,Emerson College Polling,Emerson,emerson_1HNSSlU2_SD_President_SD XTS,2024,President,SD,,2024-01-28,282,1777,RV,32.3,67.7,35.4,,,Gender,Male,Male,29.03,70.97,,,,,emerson_sheets,2024-01-23
2024-President-SD|Emerson colorado-missouri-ohio-and-south-dakota-,Emerson College Polling,Emerson,emerson_1HNSSlU2_SD_President_SD XTS,2024,President,SD,,2024-01-28,282,1777,RV,32.3,67.7,35.4,,,Gender,Female,Female,35.26,64.74,,,,,emerson_sheets,2024-01-23
2024-President-SD|Emerson colorado-missouri-ohio-and-south-dakota-,Emerson College Polling,Emerson,emerson_1HNSSlU2_SD_President_SD XTS,2024,President,SD,,2024-01-28,282,1777,RV,32.3,67.7,35.4,,,Gender,Nonbinary,Nonbinary,77.78,22.22,,,,,emerson_sheets,2024-01-23
2024-President-CO|Emerson colorado-missouri-ohio-and-south-dakota-,Emerson College Polling,Emerson,emerson_1HNSSlU2_CO_President_CO XTs,2024,President,CO,,2024-01-28,282,1856,RV,54.0,46.0,-7.94,,,Age,18-24,18-24,48.36,51.64,,,,,emerson_sheets,2024-01-23
2024-President-CO|Emerson colorado-missouri-ohio-and-south-dakota-,Emerson College Polling,Emerson,emerson_1HNSSlU2_CO_President_CO XTs,2024,President,CO,,2024-01-28,282,1856,RV,54.0,46.0,-7.94,,,Age,25-29,25-29,60.66,39.34,,,,,emerson_sheets,2024-01-23
2024-President-CO|Emerson colorado-missouri-ohio-and-south-dakota-,Emerson College Polling,Emerson,emerson_1HNSSlU2_CO_President_CO XTs,2024,President,CO,,2024-01-28,282,1856,RV,54.0,46.0,-7.94,,,Age,30-39,30-39,48.5,51.5,,,,,emerson_sheets,2024-01-23
2024-President-CO|Emerson colorado-missouri-ohio-and-south-dakota-,Emerson College Polling,Emerson,emerson_1HNSSlU2_CO_President_CO XTs,2024,President,CO,,2024-01-28,282,1856,RV,54.0,46.0,-7.94,,,Age,40-49,40-49,50.46,49.54,,,,,emerson_sheets,2024-01-23
2024-President-CO|Emerson colorado-missouri-ohio-and-south-dakota-,Emerson College Polling,Emerson,emerson_1HNSSlU2_CO_President_CO XTs,2024,President,CO,,2024-01-28,282,1856,RV,54.0,46.0,-7.94,,,Age,50-59,50-59,46.86,53.14,,,,,emerson_sheets,2024-01-23
2024-President-CO|Emerson colorado-missouri-ohio-and-south-dakota-,Emerson College Polling,Emerson,emerson_1HNSSlU2_CO_President_CO XTs,2024,President,CO,,2024-01-28,282,1856,RV,54.0,46.0,-7.94,,,Age,60-69,60-69,59.74,40.26,,,,,emerson_sheets,2024-01-23
2024-President-CO|Emerson colorado-missouri-ohio-and-south-dakota-,Emerson College Polling,Emerson,emerson_1HNSSlU2_CO_President_CO XTs,2024,President,CO,,2024-01-28,282,1856,RV,54.0,46.0,-7.94,,,Age,70 or more years,70 or more years,64.95,35.05,,,,,emerson_sheets,2024-01-23
2024-President-CO|Emerson colorado-missouri-ohio-and-south-dakota-,Emerson College Polling,Emerson,emerson_1HNSSlU2_CO_President_CO XTs,2024,President,CO,,2024-01-28,282,1856,RV,54.0,46.0,-7.94,,,Race,Hispanic,Hispanic,44.56,55.44,,,,,emerson_sheets,2024-01-23
2024-President-CO|Emerson colorado-missouri-ohio-and-south-dakota-,Emerson College Polling,Emerson,emerson_1HNSSlU2_CO_President_CO XTs,2024,President,CO,,2024-01-28,282,1856,RV,54.0,46.0,-7.94,,,Race,White,White,56.35,43.65,,,,,emerson_sheets,2024-01-23
2024-President-CO|Emerson colorado-missouri-ohio-and-south-dakota-,Emerson College Polling,Emerson,emerson_1HNSSlU2_CO_President_CO XTs,2024,President,CO,,2024-01-28,282,1856,RV,54.0,46.0,-7.94,,,Race,Black,Black,73.85,26.15,,,,,emerson_sheets,2024-01-23
2024-President-CO|Emerson colorado-missouri-ohio-and-south-dakota-,Emerson College Polling,Emerson,emerson_1HNSSlU2_CO_President_CO XTs,2024,President,CO,,2024-01-28,282,1856,RV,54.0,46.0,-7.94,,,Race,Asian,Asian,62.86,37.14,,,,,emerson_sheets,2024-01-23
2024-President-CO|Emerson colorado-missouri-ohio-and-south-dakota-,Emerson College Polling,Emerson,emerson_1HNSSlU2_CO_President_CO XTs,2024,President,CO,,2024-01-28,282,1856,RV,54.0,46.0,-7.94,,,Race,Other,Other,35.38,64.62,,,,,emerson_sheets,2024-01-23
2024-President-CO|Emerson colorado-missouri-ohio-and-south-dakota-,Emerson College Polling,Emerson,emerson_1HNSSlU2_CO_President_CO XTs,2024,President,CO,,2024-01-28,282,1856,RV,54.0,46.0,-7.94,,,Education,HSorLess,HSorLess,37.19,62.81,,,,,emerson_sheets,2024-01-23
2024-President-CO|Emerson colorado-missouri-ohio-and-south-dakota-,Emerson College Polling,Emerson,emerson_1HNSSlU2_CO_President_CO XTs,2024,President,CO,,2024-01-28,282,1856,RV,54.0,46.0,-7.94,,,Education,SomeCollege,SomeCollege,45.85,54.15,,,,,emerson_sheets,2024-01-23
2024-President-CO|Emerson colorado-missouri-ohio-and-south-dakota-,Emerson College Polling,Emerson,emerson_1HNSSlU2_CO_President_CO XTs,2024,President,CO,,2024-01-28,282,1856,RV,54.0,46.0,-7.94,,,Education,BA,BA,63.87,36.13,,,,,emerson_sheets,2024-01-23
2024-President-CO|Emerson colorado-missouri-ohio-and-south-dakota-,Emerson College Polling,Emerson,emerson_1HNSSlU2_CO_President_CO XTs,2024,President,CO,,2024-01-28,282,1856,RV,54.0,46.0,-7.94,,,Gender,Male,Male,48.9,51.1,,,,,emerson_sheets,2024-01-23
2024-President-CO|Emerson colorado-missouri-ohio-and-south-dakota-,Emerson College Polling,Emerson,emerson_1HNSSlU2_CO_President_CO XTs,2024,President,CO,,2024-01-28,282,1856,RV,54.0,46.0,-7.94,,,Gender,Female,Female,59.78,40.22,,,,,emerson_sheets,2024-01-23
2024-President-CO|Emerson colorado-missouri-ohio-and-south-dakota-,Emerson College Polling,Emerson,emerson_1HNSSlU2_CO_President_CO XTs,2024,President,CO,,2024-01-28,282,1856,RV,54.0,46.0,-7.94,,,Gender,Nonbinary,Nonbinary,83.33,16.67,,,,,emerson_sheets,2024-01-23
2024-President-CA|Emerson september-state-polling-california-flori,Emerson College Polling,Emerson,emerson_1HhCIRmM_CA_President_CA cro,2024,President,CA,,2024-09-05,61,815,LV,62.5,37.5,-25.1,,,Race,Hispanic,Hispanic,67.36,32.64,,,,,emerson_sheets,2024-09-03
2024-President-CA|Emerson september-state-polling-california-flori,Emerson College Polling,Emerson,emerson_1HhCIRmM_CA_President_CA cro,2024,President,CA,,2024-09-05,61,815,LV,62.5,37.5,-25.1,,,Race,White,White,54.86,45.14,,,,,emerson_sheets,2024-09-03
2024-President-CA|Emerson september-state-polling-california-flori,Emerson College Polling,Emerson,emerson_1HhCIRmM_CA_President_CA cro,2024,President,CA,,2024-09-05,61,815,LV,62.5,37.5,-25.1,,,Race,Black,Black,80.82,19.18,,,,,emerson_sheets,2024-09-03
2024-President-CA|Emerson september-state-polling-california-flori,Emerson College Polling,Emerson,emerson_1HhCIRmM_CA_President_CA cro,2024,President,CA,,2024-09-05,61,815,LV,62.5,37.5,-25.1,,,Race,Asian,Asian,72.92,27.08,,,,,emerson_sheets,2024-09-03
2024-President-CA|Emerson september-state-polling-california-flori,Emerson College Polling,Emerson,emerson_1HhCIRmM_CA_President_CA cro,2024,President,CA,,2024-09-05,61,815,LV,62.5,37.5,-25.1,,,Race,Other,Other,61.76,38.24,,,,,emerson_sheets,2024-09-03
2024-President-CA|Emerson september-state-polling-california-flori,Emerson College Polling,Emerson,emerson_1HhCIRmM_CA_President_CA cro,2024,President,CA,,2024-09-05,61,815,LV,62.5,37.5,-25.1,,,Age,18-29 years,18-29 years,64.76,35.24,,,,,emerson_sheets,2024-09-03
2024-President-CA|Emerson september-state-polling-california-flori,Emerson College Polling,Emerson,emerson_1HhCIRmM_CA_President_CA cro,2024,President,CA,,2024-09-05,61,815,LV,62.5,37.5,-25.1,,,Age,30-39 years,30-39 years,59.59,40.41,,,,,emerson_sheets,2024-09-03
2024-President-CA|Emerson september-state-polling-california-flori,Emerson College Polling,Emerson,emerson_1HhCIRmM_CA_President_CA cro,2024,President,CA,,2024-09-05,61,815,LV,62.5,37.5,-25.1,,,Age,40-49 years,40-49,60.77,39.23,,,,,emerson_sheets,2024-09-03
2024-President-CA|Emerson september-state-polling-california-flori,Emerson College Polling,Emerson,emerson_1HhCIRmM_CA_President_CA cro,2024,President,CA,,2024-09-05,61,815,LV,62.5,37.5,-25.1,,,Age,50-59 years,50-59,62.18,37.82,,,,,emerson_sheets,2024-09-03
2024-President-CA|Emerson september-state-polling-california-flori,Emerson College Polling,Emerson,emerson_1HhCIRmM_CA_President_CA cro,2024,President,CA,,2024-09-05,61,815,LV,62.5,37.5,-25.1,,,Age,60-69 years,60-69,63.89,36.11,,,,,emerson_sheets,2024-09-03
2024-President-CA|Emerson september-state-polling-california-flori,Emerson College Polling,Emerson,emerson_1HhCIRmM_CA_President_CA cro,2024,President,CA,,2024-09-05,61,815,LV,62.5,37.5,-25.1,,,Age,70 or more years,70 or more years,64.89,35.11,,,,,emerson_sheets,2024-09-03
2024-President-CA|Emerson september-state-polling-california-flori,Emerson College Polling,Emerson,emerson_1HhCIRmM_CA_President_CA cro,2024,President,CA,,2024-09-05,61,815,LV,62.5,37.5,-25.1,,,Education,HSorLess,HSorLess,62.58,37.42,,,,,emerson_sheets,2024-09-03
2024-President-CA|Emerson september-state-polling-california-flori,Emerson College Polling,Emerson,emerson_1HhCIRmM_CA_President_CA cro,2024,President,CA,,2024-09-05,61,815,LV,62.5,37.5,-25.1,,,Education,SomeCollege,SomeCollege,54.29,45.71,,,,,emerson_sheets,2024-09-03
2024-President-CA|Emerson september-state-polling-california-flori,Emerson College Polling,Emerson,emerson_1HhCIRmM_CA_President_CA cro,2024,President,CA,,2024-09-05,61,815,LV,62.5,37.5,-25.1,,,Education,BA,BA,69.41,30.59,,,,,emerson_sheets,2024-09-03
2024-President-CA|Emerson september-state-polling-california-flori,Emerson College Polling,Emerson,emerson_1HhCIRmM_CA_President_CA cro,2024,President,CA,,2024-09-05,61,815,LV,62.5,37.5,-25.1,,,Gender,Male,Male,60.16,39.84,,,,,emerson_sheets,2024-09-03
2024-President-CA|Emerson september-state-polling-california-flori,Emerson College Polling,Emerson,emerson_1HhCIRmM_CA_President_CA cro,2024,President,CA,,2024-09-05,61,815,LV,62.5,37.5,-25.1,,,Gender,Female,Female,64.32,35.68,,,,,emerson_sheets,2024-09-03
2024-President-CA|Emerson september-state-polling-california-flori,Emerson College Polling,Emerson,emerson_1HhCIRmM_CA_President_CA cro,2024,President,CA,,2024-09-05,61,815,LV,62.5,37.5,-25.1,,,Gender,Nonbinary,Nonbinary,100.0,0.0,,,,,emerson_sheets,2024-09-03
2024-President-CA|Emerson september-state-polling-california-flori,Emerson College Polling,Emerson,emerson_1HhCIRmM_CA_President_CA cro,2024,President,CA,,2024-09-05,61,815,LV,61.6,38.4,-23.23,,,Race,Hispanic,Hispanic,66.0,34.0,,,,,emerson_sheets,2024-09-03
2024-President-CA|Emerson september-state-polling-california-flori,Emerson College Polling,Emerson,emerson_1HhCIRmM_CA_President_CA cro,2024,President,CA,,2024-09-05,61,815,LV,61.6,38.4,-23.23,,,Race,White,White,53.67,46.33,,,,,emerson_sheets,2024-09-03
2024-President-CA|Emerson september-state-polling-california-flori,Emerson College Polling,Emerson,emerson_1HhCIRmM_CA_President_CA cro,2024,President,CA,,2024-09-05,61,815,LV,61.6,38.4,-23.23,,,Race,Black,Black,81.33,18.67,,,,,emerson_sheets,2024-09-03
2024-President-CA|Emerson september-state-polling-california-flori,Emerson College Polling,Emerson,emerson_1HhCIRmM_CA_President_CA cro,2024,President,CA,,2024-09-05,61,815,LV,61.6,38.4,-23.23,,,Race,Asian,Asian,73.47,26.53,,,,,emerson_sheets,2024-09-03
2024-President-CA|Emerson september-state-polling-california-flori,Emerson College Polling,Emerson,emerson_1HhCIRmM_CA_President_CA cro,2024,President,CA,,2024-09-05,61,815,LV,61.6,38.4,-23.23,,,Race,Other,Other,60.0,40.0,,,,,emerson_sheets,2024-09-03
2024-President-CA|Emerson september-state-polling-california-flori,Emerson College Polling,Emerson,emerson_1HhCIRmM_CA_President_CA cro,2024,President,CA,,2024-09-05,61,815,LV,61.6,38.4,-23.23,,,Age,18-29 years,18-29 years,66.06,33.94,,,,,emerson_sheets,2024-09-03
2024-President-CA|Emerson september-state-polling-california-flori,Emerson College Polling,Emerson,emerson_1HhCIRmM_CA_President_CA cro,2024,President,CA,,2024-09-05,61,815,LV,61.6,38.4,-23.23,,,Age,30-39 years,30-39 years,58.97,41.03,,,,,emerson_sheets,2024-09-03
2024-President-CA|Emerson september-state-polling-california-flori,Emerson College Polling,Emerson,emerson_1HhCIRmM_CA_President_CA cro,2024,President,CA,,2024-09-05,61,815,LV,61.6,38.4,-23.23,,,Age,40-49 years,40-49,57.97,42.03,,,,,emerson_sheets,2024-09-03
2024-President-CA|Emerson september-state-polling-california-flori,Emerson College Polling,Emerson,emerson_1HhCIRmM_CA_President_CA cro,2024,President,CA,,2024-09-05,61,815,LV,61.6,38.4,-23.23,,,Age,50-59 years,50-59,61.11,38.89,,,,,emerson_sheets,2024-09-03
2024-President-CA|Emerson september-state-polling-california-flori,Emerson College Polling,Emerson,emerson_1HhCIRmM_CA_President_CA cro,2024,President,CA,,2024-09-05,61,815,LV,61.6,38.4,-23.23,,,Age,60-69 years,60-69,63.45,36.55,,,,,emerson_sheets,2024-09-03
2024-President-CA|Emerson september-state-polling-california-flori,Emerson College Polling,Emerson,emerson_1HhCIRmM_CA_President_CA cro,2024,President,CA,,2024-09-05,61,815,LV,61.6,38.4,-23.23,,,Age,70 or more years,70 or more years,63.54,36.46,,,,,emerson_sheets,2024-09-03
2024-President-CA|Emerson september-state-polling-california-flori,Emerson College Polling,Emerson,emerson_1HhCIRmM_CA_President_CA cro,2024,President,CA,,2024-09-05,61,815,LV,61.6,38.4,-23.23,,,Education,HSorLess,HSorLess,62.89,37.11,,,,,emerson_sheets,2024-09-03
2024-President-CA|Emerson september-state-polling-california-flori,Emerson College Polling,Emerson,emerson_1HhCIRmM_CA_President_CA cro,2024,President,CA,,2024-09-05,61,815,LV,61.6,38.4,-23.23,,,Education,SomeCollege,SomeCollege,52.68,47.32,,,,,emerson_sheets,2024-09-03
2024-President-CA|Emerson september-state-polling-california-flori,Emerson College Polling,Emerson,emerson_1HhCIRmM_CA_President_CA cro,2024,President,CA,,2024-09-05,61,815,LV,61.6,38.4,-23.23,,,Education,BA,BA,68.48,31.52,,,,,emerson_sheets,2024-09-03
2024-President-CA|Emerson september-state-polling-california-flori,Emerson College Polling,Emerson,emerson_1HhCIRmM_CA_President_CA cro,2024,President,CA,,2024-09-05,61,815,LV,61.6,38.4,-23.23,,,Gender,Male,Male,60.0,40.0,,,,,emerson_sheets,2024-09-03
2024-President-CA|Emerson september-state-polling-california-flori,Emerson College Polling,Emerson,emerson_1HhCIRmM_CA_President_CA cro,2024,President,CA,,2024-09-05,61,815,LV,61.6,38.4,-23.23,,,Gender,Female,Female,62.74,37.26,,,,,emerson_sheets,2024-09-03
2024-President-CA|Emerson september-state-polling-california-flori,Emerson College Polling,Emerson,emerson_1HhCIRmM_CA_President_CA cro,2024,President,CA,,2024-09-05,61,815,LV,61.6,38.4,-23.23,,,Gender,Nonbinary,Nonbinary,100.0,0.0,,,,,emerson_sheets,2024-09-03
2024-Senate-CA|Emerson september-state-polling-california-flori,Emerson College Polling,Emerson,emerson_1HhCIRmM_CA_Senate_CA cro,2024,Senate,CA,,2024-09-05,61,815,LV,62.7,37.3,-25.46,,,Race,Hispanic,Hispanic,70.65,29.35,,,,,emerson_sheets,2024-09-03
2024-Senate-CA|Emerson september-state-polling-california-flori,Emerson College Polling,Emerson,emerson_1HhCIRmM_CA_Senate_CA cro,2024,Senate,CA,,2024-09-05,61,815,LV,62.7,37.3,-25.46,,,Race,White,White,52.99,47.01,,,,,emerson_sheets,2024-09-03
2024-Senate-CA|Emerson september-state-polling-california-flori,Emerson College Polling,Emerson,emerson_1HhCIRmM_CA_Senate_CA cro,2024,Senate,CA,,2024-09-05,61,815,LV,62.7,37.3,-25.46,,,Race,Black,Black,85.71,14.29,,,,,emerson_sheets,2024-09-03
2024-Senate-CA|Emerson september-state-polling-california-flori,Emerson College Polling,Emerson,emerson_1HhCIRmM_CA_Senate_CA cro,2024,Senate,CA,,2024-09-05,61,815,LV,62.7,37.3,-25.46,,,Race,Asian,Asian,77.27,22.73,,,,,emerson_sheets,2024-09-03
2024-Senate-CA|Emerson september-state-polling-california-flori,Emerson College Polling,Emerson,emerson_1HhCIRmM_CA_Senate_CA cro,2024,Senate,CA,,2024-09-05,61,815,LV,62.7,37.3,-25.46,,,Race,Other,Other,62.86,37.14,,,,,emerson_sheets,2024-09-03
2024-Senate-CA|Emerson september-state-polling-california-flori,Emerson College Polling,Emerson,emerson_1HhCIRmM_CA_Senate_CA cro,2024,Senate,CA,,2024-09-05,61,815,LV,62.7,37.3,-25.46,,,Age,18-29 years,18-29 years,70.73,29.27,,,,,emerson_sheets,2024-09-03
2024-Senate-CA|Emerson september-state-polling-california-flori,Emerson College Polling,Emerson,emerson_1HhCIRmM_CA_Senate_CA cro,2024,Senate,CA,,2024-09-05,61,815,LV,62.7,37.3,-25.46,,,Age,30-39 years,30-39 years,64.06,35.94,,,,,emerson_sheets,2024-09-03
2024-Senate-CA|Emerson september-state-polling-california-flori,Emerson College Polling,Emerson,emerson_1HhCIRmM_CA_Senate_CA cro,2024,Senate,CA,,2024-09-05,61,815,LV,62.7,37.3,-25.46,,,Age,40-49 years,40-49,58.97,41.03,,,,,emerson_sheets,2024-09-03
2024-Senate-CA|Emerson september-state-polling-california-flori,Emerson College Polling,Emerson,emerson_1HhCIRmM_CA_Senate_CA cro,2024,Senate,CA,,2024-09-05,61,815,LV,62.7,37.3,-25.46,,,Age,50-59 years,50-59,61.07,38.93,,,,,emerson_sheets,2024-09-03
2024-Senate-CA|Emerson september-state-polling-california-flori,Emerson College Polling,Emerson,emerson_1HhCIRmM_CA_Senate_CA cro,2024,Senate,CA,,2024-09-05,61,815,LV,62.7,37.3,-25.46,,,Age,60-69 years,60-69,61.7,38.3,,,,,emerson_sheets,2024-09-03
2024-Senate-CA|Emerson september-state-polling-california-flori,Emerson College Polling,Emerson,emerson_1HhCIRmM_CA_Senate_CA cro,2024,Senate,CA,,2024-09-05,61,815,LV,62.7,37.3,-25.46,,,Age,70 or more years,70 or more years,62.37,37.63,,,,,emerson_sheets,2024-09-03
2024-Senate-CA|Emerson september-state-polling-california-flori,Emerson College Polling,Emerson,emerson_1HhCIRmM_CA_Senate_CA cro,2024,Senate,CA,,2024-09-05,61,815,LV,62.7,37.3,-25.46,,,Education,HSorLess,HSorLess,69.23,30.77,,,,,emerson_sheets,2024-09-03
2024-Senate-CA|Emerson september-state-polling-california-flori,Emerson College Polling,Emerson,emerson_1HhCIRmM_CA_Senate_CA cro,2024,Senate,CA,,2024-09-05,61,815,LV,62.7,37.3,-25.46,,,Education,SomeCollege,SomeCollege,52.52,47.48,,,,,emerson_sheets,2024-09-03
2024-Senate-CA|Emerson september-state-polling-california-flori,Emerson College Polling,Emerson,emerson_1HhCIRmM_CA_Senate_CA cro,2024,Senate,CA,,2024-09-05,61,815,LV,62.7,37.3,-25.46,,,Education,BA,BA,67.38,32.62,,,,,emerson_sheets,2024-09-03
2024-Senate-CA|Emerson september-state-polling-california-flori,Emerson College Polling,Emerson,emerson_1HhCIRmM_CA_Senate_CA cro,2024,Senate,CA,,2024-09-05,61,815,LV,62.7,37.3,-25.46,,,Gender,Male,Male,60.89,39.11,,,,,emerson_sheets,2024-09-03
2024-Senate-CA|Emerson september-state-polling-california-flori,Emerson College Polling,Emerson,emerson_1HhCIRmM_CA_Senate_CA cro,2024,Senate,CA,,2024-09-05,61,815,LV,62.7,37.3,-25.46,,,Gender,Female,Female,64.08,35.92,,,,,emerson_sheets,2024-09-03
2024-Senate-CA|Emerson september-state-polling-california-flori,Emerson College Polling,Emerson,emerson_1HhCIRmM_CA_Senate_CA cro,2024,Senate,CA,,2024-09-05,61,815,LV,62.7,37.3,-25.46,,,Gender,Nonbinary,Nonbinary,100.0,0.0,,,,,emerson_sheets,2024-09-03
2024-President-FL|Emerson september-state-polling-california-flori,Emerson College Polling,Emerson,emerson_1HhCIRmM_FL_President_FL cro,2024,President,FL,,2024-09-05,61,815,LV,47.8,52.2,4.46,,,Race,Hispanic,Hispanic,51.1,48.9,,,,,emerson_sheets,2024-09-03
2024-President-FL|Emerson september-state-polling-california-flori,Emerson College Polling,Emerson,emerson_1HhCIRmM_FL_President_FL cro,2024,President,FL,,2024-09-05,61,815,LV,47.8,52.2,4.46,,,Race,White,White,39.16,60.84,,,,,emerson_sheets,2024-09-03
2024-President-FL|Emerson september-state-polling-california-flori,Emerson College Polling,Emerson,emerson_1HhCIRmM_FL_President_FL cro,2024,President,FL,,2024-09-05,61,815,LV,47.8,52.2,4.46,,,Race,Black,Black,87.71,12.29,,,,,emerson_sheets,2024-09-03
2024-President-FL|Emerson september-state-polling-california-flori,Emerson College Polling,Emerson,emerson_1HhCIRmM_FL_President_FL cro,2024,President,FL,,2024-09-05,61,815,LV,47.8,52.2,4.46,,,Race,Asian,Asian,29.18,70.82,,,,,emerson_sheets,2024-09-03
2024-President-FL|Emerson september-state-polling-california-flori,Emerson College Polling,Emerson,emerson_1HhCIRmM_FL_President_FL cro,2024,President,FL,,2024-09-05,61,815,LV,47.8,52.2,4.46,,,Race,Other,Other,45.67,54.33,,,,,emerson_sheets,2024-09-03
2024-President-FL|Emerson september-state-polling-california-flori,Emerson College Polling,Emerson,emerson_1HhCIRmM_FL_President_FL cro,2024,President,FL,,2024-09-05,61,815,LV,47.8,52.2,4.46,,,Age,18-29 years,18-29 years,59.73,40.27,,,,,emerson_sheets,2024-09-03
2024-President-FL|Emerson september-state-polling-california-flori,Emerson College Polling,Emerson,emerson_1HhCIRmM_FL_President_FL cro,2024,President,FL,,2024-09-05,61,815,LV,47.8,52.2,4.46,,,Age,30-39 years,30-39 years,51.59,48.41,,,,,emerson_sheets,2024-09-03
2024-President-FL|Emerson september-state-polling-california-flori,Emerson College Polling,Emerson,emerson_1HhCIRmM_FL_President_FL cro,2024,President,FL,,2024-09-05,61,815,LV,47.8,52.2,4.46,,,Age,40-49 years,40-49,48.93,51.07,,,,,emerson_sheets,2024-09-03
2024-President-FL|Emerson september-state-polling-california-flori,Emerson College Polling,Emerson,emerson_1HhCIRmM_FL_President_FL cro,2024,President,FL,,2024-09-05,61,815,LV,47.8,52.2,4.46,,,Age,50-59 years,50-59,43.57,56.43,,,,,emerson_sheets,2024-09-03
2024-President-FL|Emerson september-state-polling-california-flori,Emerson College Polling,Emerson,emerson_1HhCIRmM_FL_President_FL cro,2024,President,FL,,2024-09-05,61,815,LV,47.8,52.2,4.46,,,Age,60-69 years,60-69,45.83,54.17,,,,,emerson_sheets,2024-09-03
2024-President-FL|Emerson september-state-polling-california-flori,Emerson College Polling,Emerson,emerson_1HhCIRmM_FL_President_FL cro,2024,President,FL,,2024-09-05,61,815,LV,47.8,52.2,4.46,,,Age,70 or more years,70 or more years,44.53,55.47,,,,,emerson_sheets,2024-09-03
2024-President-FL|Emerson september-state-polling-california-flori,Emerson College Polling,Emerson,emerson_1HhCIRmM_FL_President_FL cro,2024,President,FL,,2024-09-05,61,815,LV,47.8,52.2,4.46,,,Education,HSorLess,HSorLess,42.12,57.88,,,,,emerson_sheets,2024-09-03
2024-President-FL|Emerson september-state-polling-california-flori,Emerson College Polling,Emerson,emerson_1HhCIRmM_FL_President_FL cro,2024,President,FL,,2024-09-05,61,815,LV,47.8,52.2,4.46,,,Education,SomeCollege,SomeCollege,46.28,53.72,,,,,emerson_sheets,2024-09-03
2024-President-FL|Emerson september-state-polling-california-flori,Emerson College Polling,Emerson,emerson_1HhCIRmM_FL_President_FL cro,2024,President,FL,,2024-09-05,61,815,LV,47.8,52.2,4.46,,,Education,BA,BA,52.5,47.5,,,,,emerson_sheets,2024-09-03
2024-President-FL|Emerson september-state-polling-california-flori,Emerson College Polling,Emerson,emerson_1HhCIRmM_FL_President_FL cro,2024,President,FL,,2024-09-05,61,815,LV,47.8,52.2,4.46,,,Gender,Male,Male,43.52,56.48,,,,,emerson_sheets,2024-09-03
2024-President-FL|Emerson september-state-polling-california-flori,Emerson College Polling,Emerson,emerson_1HhCIRmM_FL_President_FL cro,2024,President,FL,,2024-09-05,61,815,LV,47.8,52.2,4.46,,,Gender,Female,Female,51.19,48.81,,,,,emerson_sheets,2024-09-03
2024-President-FL|Emerson september-state-polling-california-flori,Emerson College Polling,Emerson,emerson_1HhCIRmM_FL_President_FL cro,2024,President,FL,,2024-09-05,61,815,LV,47.8,52.2,4.46,,,Gender,Nonbinary,Nonbinary,65.9,34.1,,,,,emerson_sheets,2024-09-03
2024-President-FL|Emerson september-state-polling-california-flori,Emerson College Polling,Emerson,emerson_1HhCIRmM_FL_President_FL cro,2024,President,FL,,2024-09-05,61,815,LV,48.2,51.8,3.54,,,Race,Hispanic,Hispanic,51.07,48.93,,,,,emerson_sheets,2024-09-03
2024-President-FL|Emerson september-state-polling-california-flori,Emerson College Polling,Emerson,emerson_1HhCIRmM_FL_President_FL cro,2024,President,FL,,2024-09-05,61,815,LV,48.2,51.8,3.54,,,Race,White,White,39.01,60.99,,,,,emerson_sheets,2024-09-03
2024-President-FL|Emerson september-state-polling-california-flori,Emerson College Polling,Emerson,emerson_1HhCIRmM_FL_President_FL cro,2024,President,FL,,2024-09-05,61,815,LV,48.2,51.8,3.54,,,Race,Black,Black,86.59,13.41,,,,,emerson_sheets,2024-09-03
2024-President-FL|Emerson september-state-polling-california-flori,Emerson College Polling,Emerson,emerson_1HhCIRmM_FL_President_FL cro,2024,President,FL,,2024-09-05,61,815,LV,48.2,51.8,3.54,,,Race,Asian,Asian,29.18,70.82,,,,,emerson_sheets,2024-09-03
2024-President-FL|Emerson september-state-polling-california-flori,Emerson College Polling,Emerson,emerson_1HhCIRmM_FL_President_FL cro,2024,President,FL,,2024-09-05,61,815,LV,48.2,51.8,3.54,,,Race,Other,Other,44.99,55.01,,,,,emerson_sheets,2024-09-03
2024-President-FL|Emerson september-state-polling-california-flori,Emerson College Polling,Emerson,emerson_1HhCIRmM_FL_President_FL cro,2024,President,FL,,2024-09-05,61,815,LV,48.2,51.8,3.54,,,Age,18-29 years,18-29 years,61.32,38.68,,,,,emerson_sheets,2024-09-03
2024-President-FL|Emerson september-state-polling-california-flori,Emerson College Polling,Emerson,emerson_1HhCIRmM_FL_President_FL cro,2024,President,FL,,2024-09-05,61,815,LV,48.2,51.8,3.54,,,Age,30-39 years,30-39 years,54.24,45.76,,,,,emerson_sheets,2024-09-03
2024-President-FL|Emerson september-state-polling-california-flori,Emerson College Polling,Emerson,emerson_1HhCIRmM_FL_President_FL cro,2024,President,FL,,2024-09-05,61,815,LV,48.2,51.8,3.54,,,Age,40-49 years,40-49,48.12,51.88,,,,,emerson_sheets,2024-09-03
2024-President-FL|Emerson september-state-polling-california-flori,Emerson College Polling,Emerson,emerson_1HhCIRmM_FL_President_FL cro,2024,President,FL,,2024-09-05,61,815,LV,48.2,51.8,3.54,,,Age,50-59 years,50-59,42.01,57.99,,,,,emerson_sheets,2024-09-03
2024-President-FL|Emerson september-state-polling-california-flori,Emerson College Polling,Emerson,emerson_1HhCIRmM_FL_President_FL cro,2024,President,FL,,2024-09-05,61,815,LV,48.2,51.8,3.54,,,Age,60-69 years,60-69,46.37,53.63,,,,,emerson_sheets,2024-09-03
2024-President-FL|Emerson september-state-polling-california-flori,Emerson College Polling,Emerson,emerson_1HhCIRmM_FL_President_FL cro,2024,President,FL,,2024-09-05,61,815,LV,48.2,51.8,3.54,,,Age,70 or more years,70 or more years,44.53,55.47,,,,,emerson_sheets,2024-09-03
2024-President-FL|Emerson september-state-polling-california-flori,Emerson College Polling,Emerson,emerson_1HhCIRmM_FL_President_FL cro,2024,President,FL,,2024-09-05,61,815,LV,48.2,51.8,3.54,,,Education,HSorLess,HSorLess,43.82,56.18,,,,,emerson_sheets,2024-09-03
2024-President-FL|Emerson september-state-polling-california-flori,Emerson College Polling,Emerson,emerson_1HhCIRmM_FL_President_FL cro,2024,President,FL,,2024-09-05,61,815,LV,48.2,51.8,3.54,,,Education,SomeCollege,SomeCollege,47.11,52.89,,,,,emerson_sheets,2024-09-03
2024-President-FL|Emerson september-state-polling-california-flori,Emerson College Polling,Emerson,emerson_1HhCIRmM_FL_President_FL cro,2024,President,FL,,2024-09-05,61,815,LV,48.2,51.8,3.54,,,Education,BA,BA,51.94,48.06,,,,,emerson_sheets,2024-09-03
2024-President-FL|Emerson september-state-polling-california-flori,Emerson College Polling,Emerson,emerson_1HhCIRmM_FL_President_FL cro,2024,President,FL,,2024-09-05,61,815,LV,48.2,51.8,3.54,,,Gender,Male,Male,43.99,56.01,,,,,emerson_sheets,2024-09-03
2024-President-FL|Emerson september-state-polling-california-flori,Emerson College Polling,Emerson,emerson_1HhCIRmM_FL_President_FL cro,2024,President,FL,,2024-09-05,61,815,LV,48.2,51.8,3.54,,,Gender,Female,Female,51.63,48.37,,,,,emerson_sheets,2024-09-03
2024-President-FL|Emerson september-state-polling-california-flori,Emerson College Polling,Emerson,emerson_1HhCIRmM_FL_President_FL cro,2024,President,FL,,2024-09-05,61,815,LV,48.2,51.8,3.54,,,Gender,Nonbinary,Nonbinary,65.9,34.1,,,,,emerson_sheets,2024-09-03
2024-Senate-FL|Emerson september-state-polling-california-flori,Emerson College Polling,Emerson,emerson_1HhCIRmM_FL_Senate_FL cro,2024,Senate,FL,,2024-09-05,61,815,LV,49.5,50.5,1.1,,,Race,Hispanic,Hispanic,53.51,46.49,,,,,emerson_sheets,2024-09-03
2024-Senate-FL|Emerson september-state-polling-california-flori,Emerson College Polling,Emerson,emerson_1HhCIRmM_FL_Senate_FL cro,2024,Senate,FL,,2024-09-05,61,815,LV,49.5,50.5,1.1,,,Race,White,White,40.2,59.8,,,,,emerson_sheets,2024-09-03
2024-Senate-FL|Emerson september-state-polling-california-flori,Emerson College Polling,Emerson,emerson_1HhCIRmM_FL_Senate_FL cro,2024,Senate,FL,,2024-09-05,61,815,LV,49.5,50.5,1.1,,,Race,Black,Black,88.49,11.51,,,,,emerson_sheets,2024-09-03
2024-Senate-FL|Emerson september-state-polling-california-flori,Emerson College Polling,Emerson,emerson_1HhCIRmM_FL_Senate_FL cro,2024,Senate,FL,,2024-09-05,61,815,LV,49.5,50.5,1.1,,,Race,Asian,Asian,31.77,68.23,,,,,emerson_sheets,2024-09-03
2024-Senate-FL|Emerson september-state-polling-california-flori,Emerson College Polling,Emerson,emerson_1HhCIRmM_FL_Senate_FL cro,2024,Senate,FL,,2024-09-05,61,815,LV,49.5,50.5,1.1,,,Race,Other,Other,47.6,52.4,,,,,emerson_sheets,2024-09-03
2024-Senate-FL|Emerson september-state-polling-california-flori,Emerson College Polling,Emerson,emerson_1HhCIRmM_FL_Senate_FL cro,2024,Senate,FL,,2024-09-05,61,815,LV,49.5,50.5,1.1,,,Age,18-29 years,18-29 years,67.12,32.88,,,,,emerson_sheets,2024-09-03
2024-Senate-FL|Emerson september-state-polling-california-flori,Emerson College Polling,Emerson,emerson_1HhCIRmM_FL_Senate_FL cro,2024,Senate,FL,,2024-09-05,61,815,LV,49.5,50.5,1.1,,,Age,30-39 years,30-39 years,53.56,46.44,,,,,emerson_sheets,2024-09-03
2024-Senate-FL|Emerson september-state-polling-california-flori,Emerson College Polling,Emerson,emerson_1HhCIRmM_FL_Senate_FL cro,2024,Senate,FL,,2024-09-05,61,815,LV,49.5,50.5,1.1,,,Age,40-49 years,40-49,44.35,55.65,,,,,emerson_sheets,2024-09-03
2024-Senate-FL|Emerson september-state-polling-california-flori,Emerson College Polling,Emerson,emerson_1HhCIRmM_FL_Senate_FL cro,2024,Senate,FL,,2024-09-05,61,815,LV,49.5,50.5,1.1,,,Age,50-59 years,50-59,45.61,54.39,,,,,emerson_sheets,2024-09-03
2024-Senate-FL|Emerson september-state-polling-california-flori,Emerson College Polling,Emerson,emerson_1HhCIRmM_FL_Senate_FL cro,2024,Senate,FL,,2024-09-05,61,815,LV,49.5,50.5,1.1,,,Age,60-69 years,60-69,47.03,52.97,,,,,emerson_sheets,2024-09-03
2024-Senate-FL|Emerson september-state-polling-california-flori,Emerson College Polling,Emerson,emerson_1HhCIRmM_FL_Senate_FL cro,2024,Senate,FL,,2024-09-05,61,815,LV,49.5,50.5,1.1,,,Age,70 or more years,70 or more years,46.14,53.86,,,,,emerson_sheets,2024-09-03
2024-Senate-FL|Emerson september-state-polling-california-flori,Emerson College Polling,Emerson,emerson_1HhCIRmM_FL_Senate_FL cro,2024,Senate,FL,,2024-09-05,61,815,LV,49.5,50.5,1.1,,,Education,HSorLess,HSorLess,46.33,53.67,,,,,emerson_sheets,2024-09-03
2024-Senate-FL|Emerson september-state-polling-california-flori,Emerson College Polling,Emerson,emerson_1HhCIRmM_FL_Senate_FL cro,2024,Senate,FL,,2024-09-05,61,815,LV,49.5,50.5,1.1,,,Education,SomeCollege,SomeCollege,48.85,51.15,,,,,emerson_sheets,2024-09-03
2024-Senate-FL|Emerson september-state-polling-california-flori,Emerson College Polling,Emerson,emerson_1HhCIRmM_FL_Senate_FL cro,2024,Senate,FL,,2024-09-05,61,815,LV,49.5,50.5,1.1,,,Education,BA,BA,51.8,48.2,,,,,emerson_sheets,2024-09-03
2024-Senate-FL|Emerson september-state-polling-california-flori,Emerson College Polling,Emerson,emerson_1HhCIRmM_FL_Senate_FL cro,2024,Senate,FL,,2024-09-05,61,815,LV,49.5,50.5,1.1,,,Gender,Male,Male,45.3,54.7,,,,,emerson_sheets,2024-09-03
2024-Senate-FL|Emerson september-state-polling-california-flori,Emerson College Polling,Emerson,emerson_1HhCIRmM_FL_Senate_FL cro,2024,Senate,FL,,2024-09-05,61,815,LV,49.5,50.5,1.1,,,Gender,Female,Female,53.41,46.59,,,,,emerson_sheets,2024-09-03
2024-Senate-FL|Emerson september-state-polling-california-flori,Emerson College Polling,Emerson,emerson_1HhCIRmM_FL_Senate_FL cro,2024,Senate,FL,,2024-09-05,61,815,LV,49.5,50.5,1.1,,,Gender,Nonbinary,Nonbinary,26.27,73.73,,,,,emerson_sheets,2024-09-03
2024-President-TX|Emerson september-state-polling-california-flori,Emerson College Polling,Emerson,emerson_1HhCIRmM_TX_President_TX cro,2024,President,TX,,2024-09-05,61,845,LV,48.0,52.0,4.0,,,Race,Hispanic,Hispanic,54.98,45.02,,,,,emerson_sheets,2024-09-03
2024-President-TX|Emerson september-state-polling-california-flori,Emerson College Polling,Emerson,emerson_1HhCIRmM_TX_President_TX cro,2024,President,TX,,2024-09-05,61,845,LV,48.0,52.0,4.0,,,Race,White,White,36.16,63.84,,,,,emerson_sheets,2024-09-03
2024-President-TX|Emerson september-state-polling-california-flori,Emerson College Polling,Emerson,emerson_1HhCIRmM_TX_President_TX cro,2024,President,TX,,2024-09-05,61,845,LV,48.0,52.0,4.0,,,Race,Black,Black,91.68,8.32,,,,,emerson_sheets,2024-09-03
2024-President-TX|Emerson september-state-polling-california-flori,Emerson College Polling,Emerson,emerson_1HhCIRmM_TX_President_TX cro,2024,President,TX,,2024-09-05,61,845,LV,48.0,52.0,4.0,,,Race,Asian,Asian,57.8,42.2,,,,,emerson_sheets,2024-09-03
2024-President-TX|Emerson september-state-polling-california-flori,Emerson College Polling,Emerson,emerson_1HhCIRmM_TX_President_TX cro,2024,President,TX,,2024-09-05,61,845,LV,48.0,52.0,4.0,,,Race,Other,Other,38.45,61.55,,,,,emerson_sheets,2024-09-03
2024-President-TX|Emerson september-state-polling-california-flori,Emerson College Polling,Emerson,emerson_1HhCIRmM_TX_President_TX cro,2024,President,TX,,2024-09-05,61,845,LV,48.0,52.0,4.0,,,Age,18-29 years,18-29 years,59.48,40.52,,,,,emerson_sheets,2024-09-03
2024-President-TX|Emerson september-state-polling-california-flori,Emerson College Polling,Emerson,emerson_1HhCIRmM_TX_President_TX cro,2024,President,TX,,2024-09-05,61,845,LV,48.0,52.0,4.0,,,Age,30-39 years,30-39 years,54.47,45.53,,,,,emerson_sheets,2024-09-03
2024-President-TX|Emerson september-state-polling-california-flori,Emerson College Polling,Emerson,emerson_1HhCIRmM_TX_President_TX cro,2024,President,TX,,2024-09-05,61,845,LV,48.0,52.0,4.0,,,Age,40-49 years,40-49,44.48,55.52,,,,,emerson_sheets,2024-09-03
2024-President-TX|Emerson september-state-polling-california-flori,Emerson College Polling,Emerson,emerson_1HhCIRmM_TX_President_TX cro,2024,President,TX,,2024-09-05,61,845,LV,48.0,52.0,4.0,,,Age,50-59 years,50-59,42.62,57.38,,,,,emerson_sheets,2024-09-03
2024-President-TX|Emerson september-state-polling-california-flori,Emerson College Polling,Emerson,emerson_1HhCIRmM_TX_President_TX cro,2024,President,TX,,2024-09-05,61,845,LV,48.0,52.0,4.0,,,Age,60-69 years,60-69,48.68,51.32,,,,,emerson_sheets,2024-09-03
2024-President-TX|Emerson september-state-polling-california-flori,Emerson College Polling,Emerson,emerson_1HhCIRmM_TX_President_TX cro,2024,President,TX,,2024-09-05,61,845,LV,48.0,52.0,4.0,,,Age,70 or more years,70 or more years,41.58,58.42,,,,,emerson_sheets,2024-09-03
2024-President-TX|Emerson september-state-polling-california-flori,Emerson College Polling,Emerson,emerson_1HhCIRmM_TX_President_TX cro,2024,President,TX,,2024-09-05,61,845,LV,48.0,52.0,4.0,,,Education,HSorLess,HSorLess,45.43,54.57,,,,,emerson_sheets,2024-09-03
2024-President-TX|Emerson september-state-polling-california-flori,Emerson College Polling,Emerson,emerson_1HhCIRmM_TX_President_TX cro,2024,President,TX,,2024-09-05,61,845,LV,48.0,52.0,4.0,,,Education,SomeCollege,SomeCollege,45.22,54.78,,,,,emerson_sheets,2024-09-03
2024-President-TX|Emerson september-state-polling-california-flori,Emerson College Polling,Emerson,emerson_1HhCIRmM_TX_President_TX cro,2024,President,TX,,2024-09-05,61,845,LV,48.0,52.0,4.0,,,Education,BA,BA,52.17,47.83,,,,,emerson_sheets,2024-09-03
2024-President-TX|Emerson september-state-polling-california-flori,Emerson College Polling,Emerson,emerson_1HhCIRmM_TX_President_TX cro,2024,President,TX,,2024-09-05,61,845,LV,48.0,52.0,4.0,,,Gender,Male,Male,40.44,59.56,,,,,emerson_sheets,2024-09-03
2024-President-TX|Emerson september-state-polling-california-flori,Emerson College Polling,Emerson,emerson_1HhCIRmM_TX_President_TX cro,2024,President,TX,,2024-09-05,61,845,LV,48.0,52.0,4.0,,,Gender,Female,Female,53.97,46.03,,,,,emerson_sheets,2024-09-03
2024-President-TX|Emerson september-state-polling-california-flori,Emerson College Polling,Emerson,emerson_1HhCIRmM_TX_President_TX cro,2024,President,TX,,2024-09-05,61,845,LV,48.0,52.0,4.0,,,Gender,Nonbinary,Nonbinary,69.19,30.81,,,,,emerson_sheets,2024-09-03
2024-President-TX|Emerson september-state-polling-california-flori,Emerson College Polling,Emerson,emerson_1HhCIRmM_TX_President_TX cro,2024,President,TX,,2024-09-05,61,845,LV,48.5,51.5,2.99,,,Race,Hispanic,Hispanic,55.51,44.49,,,,,emerson_sheets,2024-09-03
2024-President-TX|Emerson september-state-polling-california-flori,Emerson College Polling,Emerson,emerson_1HhCIRmM_TX_President_TX cro,2024,President,TX,,2024-09-05,61,845,LV,48.5,51.5,2.99,,,Race,White,White,36.96,63.04,,,,,emerson_sheets,2024-09-03
2024-President-TX|Emerson september-state-polling-california-flori,Emerson College Polling,Emerson,emerson_1HhCIRmM_TX_President_TX cro,2024,President,TX,,2024-09-05,61,845,LV,48.5,51.5,2.99,,,Race,Black,Black,91.11,8.89,,,,,emerson_sheets,2024-09-03
2024-President-TX|Emerson september-state-polling-california-flori,Emerson College Polling,Emerson,emerson_1HhCIRmM_TX_President_TX cro,2024,President,TX,,2024-09-05,61,845,LV,48.5,51.5,2.99,,,Race,Asian,Asian,57.8,42.2,,,,,emerson_sheets,2024-09-03
2024-President-TX|Emerson september-state-polling-california-flori,Emerson College Polling,Emerson,emerson_1HhCIRmM_TX_President_TX cro,2024,President,TX,,2024-09-05,61,845,LV,48.5,51.5,2.99,,,Race,Other,Other,38.45,61.55,,,,,emerson_sheets,2024-09-03
2024-President-TX|Emerson september-state-polling-california-flori,Emerson College Polling,Emerson,emerson_1HhCIRmM_TX_President_TX cro,2024,President,TX,,2024-09-05,61,845,LV,48.5,51.5,2.99,,,Age,18-29 years,18-29 years,60.82,39.18,,,,,emerson_sheets,2024-09-03
2024-President-TX|Emerson september-state-polling-california-flori,Emerson College Polling,Emerson,emerson_1HhCIRmM_TX_President_TX cro,2024,President,TX,,2024-09-05,61,845,LV,48.5,51.5,2.99,,,Age,30-39 years,30-39 years,54.82,45.18,,,,,emerson_sheets,2024-09-03
2024-President-TX|Emerson september-state-polling-california-flori,Emerson College Polling,Emerson,emerson_1HhCIRmM_TX_President_TX cro,2024,President,TX,,2024-09-05,61,845,LV,48.5,51.5,2.99,,,Age,40-49 years,40-49,45.58,54.42,,,,,emerson_sheets,2024-09-03
2024-President-TX|Emerson september-state-polling-california-flori,Emerson College Polling,Emerson,emerson_1HhCIRmM_TX_President_TX cro,2024,President,TX,,2024-09-05,61,845,LV,48.5,51.5,2.99,,,Age,50-59 years,50-59,43.22,56.78,,,,,emerson_sheets,2024-09-03
2024-President-TX|Emerson september-state-polling-california-flori,Emerson College Polling,Emerson,emerson_1HhCIRmM_TX_President_TX cro,2024,President,TX,,2024-09-05,61,845,LV,48.5,51.5,2.99,,,Age,60-69 years,60-69,48.92,51.08,,,,,emerson_sheets,2024-09-03
2024-President-TX|Emerson september-state-polling-california-flori,Emerson College Polling,Emerson,emerson_1HhCIRmM_TX_President_TX cro,2024,President,TX,,2024-09-05,61,845,LV,48.5,51.5,2.99,,,Age,70 or more years,70 or more years,41.16,58.84,,,,,emerson_sheets,2024-09-03
2024-President-TX|Emerson september-state-polling-california-flori,Emerson College Polling,Emerson,emerson_1HhCIRmM_TX_President_TX cro,2024,President,TX,,2024-09-05,61,845,LV,48.5,51.5,2.99,,,Education,HSorLess,HSorLess,45.43,54.57,,,,,emerson_sheets,2024-09-03
2024-President-TX|Emerson september-state-polling-california-flori,Emerson College Polling,Emerson,emerson_1HhCIRmM_TX_President_TX cro,2024,President,TX,,2024-09-05,61,845,LV,48.5,51.5,2.99,,,Education,SomeCollege,SomeCollege,46.51,53.49,,,,,emerson_sheets,2024-09-03
2024-President-TX|Emerson september-state-polling-california-flori,Emerson College Polling,Emerson,emerson_1HhCIRmM_TX_President_TX cro,2024,President,TX,,2024-09-05,61,845,LV,48.5,51.5,2.99,,,Education,BA,BA,52.04,47.96,,,,,emerson_sheets,2024-09-03
2024-President-TX|Emerson september-state-polling-california-flori,Emerson College Polling,Emerson,emerson_1HhCIRmM_TX_President_TX cro,2024,President,TX,,2024-09-05,61,845,LV,48.5,51.5,2.99,,,Gender,Male,Male,40.77,59.23,,,,,emerson_sheets,2024-09-03
2024-President-TX|Emerson september-state-polling-california-flori,Emerson College Polling,Emerson,emerson_1HhCIRmM_TX_President_TX cro,2024,President,TX,,2024-09-05,61,845,LV,48.5,51.5,2.99,,,Gender,Female,Female,54.69,45.31,,,,,emerson_sheets,2024-09-03
2024-President-TX|Emerson september-state-polling-california-flori,Emerson College Polling,Emerson,emerson_1HhCIRmM_TX_President_TX cro,2024,President,TX,,2024-09-05,61,845,LV,48.5,51.5,2.99,,,Gender,Nonbinary,Nonbinary,69.19,30.81,,,,,emerson_sheets,2024-09-03
2024-Senate-TX|Emerson september-state-polling-california-flori,Emerson College Polling,Emerson,emerson_1HhCIRmM_TX_Senate_TX cro,2024,Senate,TX,,2024-09-05,61,845,LV,48.0,52.0,3.94,,,Race,Hispanic,Hispanic,56.99,43.01,,,,,emerson_sheets,2024-09-03
2024-Senate-TX|Emerson september-state-polling-california-flori,Emerson College Polling,Emerson,emerson_1HhCIRmM_TX_Senate_TX cro,2024,Senate,TX,,2024-09-05,61,845,LV,48.0,52.0,3.94,,,Race,White,White,37.59,62.41,,,,,emerson_sheets,2024-09-03
2024-Senate-TX|Emerson september-state-polling-california-flori,Emerson College Polling,Emerson,emerson_1HhCIRmM_TX_Senate_TX cro,2024,Senate,TX,,2024-09-05,61,845,LV,48.0,52.0,3.94,,,Race,Black,Black,87.12,12.88,,,,,emerson_sheets,2024-09-03
2024-Senate-TX|Emerson september-state-polling-california-flori,Emerson College Polling,Emerson,emerson_1HhCIRmM_TX_Senate_TX cro,2024,Senate,TX,,2024-09-05,61,845,LV,48.0,52.0,3.94,,,Race,Asian,Asian,54.09,45.91,,,,,emerson_sheets,2024-09-03
2024-Senate-TX|Emerson september-state-polling-california-flori,Emerson College Polling,Emerson,emerson_1HhCIRmM_TX_Senate_TX cro,2024,Senate,TX,,2024-09-05,61,845,LV,48.0,52.0,3.94,,,Race,Other,Other,36.08,63.92,,,,,emerson_sheets,2024-09-03
2024-Senate-TX|Emerson september-state-polling-california-flori,Emerson College Polling,Emerson,emerson_1HhCIRmM_TX_Senate_TX cro,2024,Senate,TX,,2024-09-05,61,845,LV,48.0,52.0,3.94,,,Age,18-29 years,18-29 years,55.68,44.32,,,,,emerson_sheets,2024-09-03
2024-Senate-TX|Emerson september-state-polling-california-flori,Emerson College Polling,Emerson,emerson_1HhCIRmM_TX_Senate_TX cro,2024,Senate,TX,,2024-09-05,61,845,LV,48.0,52.0,3.94,,,Age,30-39 years,30-39 years,55.74,44.26,,,,,emerson_sheets,2024-09-03
2024-Senate-TX|Emerson september-state-polling-california-flori,Emerson College Polling,Emerson,emerson_1HhCIRmM_TX_Senate_TX cro,2024,Senate,TX,,2024-09-05,61,845,LV,48.0,52.0,3.94,,,Age,40-49 years,40-49,49.13,50.87,,,,,emerson_sheets,2024-09-03
2024-Senate-TX|Emerson september-state-polling-california-flori,Emerson College Polling,Emerson,emerson_1HhCIRmM_TX_Senate_TX cro,2024,Senate,TX,,2024-09-05,61,845,LV,48.0,52.0,3.94,,,Age,50-59 years,50-59,42.52,57.48,,,,,emerson_sheets,2024-09-03
2024-Senate-TX|Emerson september-state-polling-california-flori,Emerson College Polling,Emerson,emerson_1HhCIRmM_TX_Senate_TX cro,2024,Senate,TX,,2024-09-05,61,845,LV,48.0,52.0,3.94,,,Age,60-69 years,60-69,47.9,52.1,,,,,emerson_sheets,2024-09-03
2024-Senate-TX|Emerson september-state-polling-california-flori,Emerson College Polling,Emerson,emerson_1HhCIRmM_TX_Senate_TX cro,2024,Senate,TX,,2024-09-05,61,845,LV,48.0,52.0,3.94,,,Age,70 or more years,70 or more years,41.68,58.32,,,,,emerson_sheets,2024-09-03
2024-Senate-TX|Emerson september-state-polling-california-flori,Emerson College Polling,Emerson,emerson_1HhCIRmM_TX_Senate_TX cro,2024,Senate,TX,,2024-09-05,61,845,LV,48.0,52.0,3.94,,,Education,HSorLess,HSorLess,39.64,60.36,,,,,emerson_sheets,2024-09-03
2024-Senate-TX|Emerson september-state-polling-california-flori,Emerson College Polling,Emerson,emerson_1HhCIRmM_TX_Senate_TX cro,2024,Senate,TX,,2024-09-05,61,845,LV,48.0,52.0,3.94,,,Education,SomeCollege,SomeCollege,46.12,53.88,,,,,emerson_sheets,2024-09-03
2024-Senate-TX|Emerson september-state-polling-california-flori,Emerson College Polling,Emerson,emerson_1HhCIRmM_TX_Senate_TX cro,2024,Senate,TX,,2024-09-05,61,845,LV,48.0,52.0,3.94,,,Education,BA,BA,53.49,46.51,,,,,emerson_sheets,2024-09-03
2024-Senate-TX|Emerson september-state-polling-california-flori,Emerson College Polling,Emerson,emerson_1HhCIRmM_TX_Senate_TX cro,2024,Senate,TX,,2024-09-05,61,845,LV,48.0,52.0,3.94,,,Gender,Male,Male,43.06,56.94,,,,,emerson_sheets,2024-09-03
2024-Senate-TX|Emerson september-state-polling-california-flori,Emerson College Polling,Emerson,emerson_1HhCIRmM_TX_Senate_TX cro,2024,Senate,TX,,2024-09-05,61,845,LV,48.0,52.0,3.94,,,Gender,Female,Female,51.96,48.04,,,,,emerson_sheets,2024-09-03
2024-Senate-TX|Emerson september-state-polling-california-flori,Emerson College Polling,Emerson,emerson_1HhCIRmM_TX_Senate_TX cro,2024,Senate,TX,,2024-09-05,61,845,LV,48.0,52.0,3.94,,,Gender,Nonbinary,Nonbinary,69.19,30.81,,,,,emerson_sheets,2024-09-03
2024-President-OH|Emerson september-state-polling-california-flori,Emerson College Polling,Emerson,emerson_1HhCIRmM_OH_President_OH cro,2024,President,OH,,2024-09-05,61,945,LV,44.7,55.3,10.59,,,Race,Hispanic,Hispanic,68.83,31.17,,,,,emerson_sheets,2024-09-03
2024-President-OH|Emerson september-state-polling-california-flori,Emerson College Polling,Emerson,emerson_1HhCIRmM_OH_President_OH cro,2024,President,OH,,2024-09-05,61,945,LV,44.7,55.3,10.59,,,Race,White,White,37.62,62.38,,,,,emerson_sheets,2024-09-03
2024-President-OH|Emerson september-state-polling-california-flori,Emerson College Polling,Emerson,emerson_1HhCIRmM_OH_President_OH cro,2024,President,OH,,2024-09-05,61,945,LV,44.7,55.3,10.59,,,Race,Black,Black,85.89,14.11,,,,,emerson_sheets,2024-09-03
2024-President-OH|Emerson september-state-polling-california-flori,Emerson College Polling,Emerson,emerson_1HhCIRmM_OH_President_OH cro,2024,President,OH,,2024-09-05,61,945,LV,44.7,55.3,10.59,,,Race,Asian,Asian,41.32,58.68,,,,,emerson_sheets,2024-09-03
2024-President-OH|Emerson september-state-polling-california-flori,Emerson College Polling,Emerson,emerson_1HhCIRmM_OH_President_OH cro,2024,President,OH,,2024-09-05,61,945,LV,44.7,55.3,10.59,,,Race,Other,Other,54.22,45.78,,,,,emerson_sheets,2024-09-03
2024-President-OH|Emerson september-state-polling-california-flori,Emerson College Polling,Emerson,emerson_1HhCIRmM_OH_President_OH cro,2024,President,OH,,2024-09-05,61,945,LV,44.7,55.3,10.59,,,Age,18-29 years,18-29 years,57.36,42.64,,,,,emerson_sheets,2024-09-03
2024-President-OH|Emerson september-state-polling-california-flori,Emerson College Polling,Emerson,emerson_1HhCIRmM_OH_President_OH cro,2024,President,OH,,2024-09-05,61,945,LV,44.7,55.3,10.59,,,Age,30-39 years,30-39 years,50.86,49.14,,,,,emerson_sheets,2024-09-03
2024-President-OH|Emerson september-state-polling-california-flori,Emerson College Polling,Emerson,emerson_1HhCIRmM_OH_President_OH cro,2024,President,OH,,2024-09-05,61,945,LV,44.7,55.3,10.59,,,Age,40-49 years,40-49,44.68,55.32,,,,,emerson_sheets,2024-09-03
2024-President-OH|Emerson september-state-polling-california-flori,Emerson College Polling,Emerson,emerson_1HhCIRmM_OH_President_OH cro,2024,President,OH,,2024-09-05,61,945,LV,44.7,55.3,10.59,,,Age,50-59 years,50-59,39.79,60.21,,,,,emerson_sheets,2024-09-03
2024-President-OH|Emerson september-state-polling-california-flori,Emerson College Polling,Emerson,emerson_1HhCIRmM_OH_President_OH cro,2024,President,OH,,2024-09-05,61,945,LV,44.7,55.3,10.59,,,Age,60-69 years,60-69,40.79,59.21,,,,,emerson_sheets,2024-09-03
2024-President-OH|Emerson september-state-polling-california-flori,Emerson College Polling,Emerson,emerson_1HhCIRmM_OH_President_OH cro,2024,President,OH,,2024-09-05,61,945,LV,44.7,55.3,10.59,,,Age,70 or more years,70 or more years,37.51,62.49,,,,,emerson_sheets,2024-09-03
2024-President-OH|Emerson september-state-polling-california-flori,Emerson College Polling,Emerson,emerson_1HhCIRmM_OH_President_OH cro,2024,President,OH,,2024-09-05,61,945,LV,44.7,55.3,10.59,,,Education,HSorLess,HSorLess,41.75,58.25,,,,,emerson_sheets,2024-09-03
2024-President-OH|Emerson september-state-polling-california-flori,Emerson College Polling,Emerson,emerson_1HhCIRmM_OH_President_OH cro,2024,President,OH,,2024-09-05,61,945,LV,44.7,55.3,10.59,,,Education,SomeCollege,SomeCollege,37.71,62.29,,,,,emerson_sheets,2024-09-03
2024-President-OH|Emerson september-state-polling-california-flori,Emerson College Polling,Emerson,emerson_1HhCIRmM_OH_President_OH cro,2024,President,OH,,2024-09-05,61,945,LV,44.7,55.3,10.59,,,Education,BA,BA,54.37,45.63,,,,,emerson_sheets,2024-09-03
2024-President-OH|Emerson september-state-polling-california-flori,Emerson College Polling,Emerson,emerson_1HhCIRmM_OH_President_OH cro,2024,President,OH,,2024-09-05,61,945,LV,44.7,55.3,10.59,,,Gender,Male,Male,37.0,63.0,,,,,emerson_sheets,2024-09-03
2024-President-OH|Emerson september-state-polling-california-flori,Emerson College Polling,Emerson,emerson_1HhCIRmM_OH_President_OH cro,2024,President,OH,,2024-09-05,61,945,LV,44.7,55.3,10.59,,,Gender,Female,Female,51.4,48.6,,,,,emerson_sheets,2024-09-03
2024-President-OH|Emerson september-state-polling-california-flori,Emerson College Polling,Emerson,emerson_1HhCIRmM_OH_President_OH cro,2024,President,OH,,2024-09-05,61,945,LV,44.7,55.3,10.59,,,Gender,Nonbinary,Nonbinary,86.63,13.37,,,,,emerson_sheets,2024-09-03
2024-President-OH|Emerson september-state-polling-california-flori,Emerson College Polling,Emerson,emerson_1HhCIRmM_OH_President_OH cro,2024,President,OH,,2024-09-05,61,945,LV,45.2,54.8,9.66,,,Race,Hispanic,Hispanic,67.71,32.29,,,,,emerson_sheets,2024-09-03
2024-President-OH|Emerson september-state-polling-california-flori,Emerson College Polling,Emerson,emerson_1HhCIRmM_OH_President_OH cro,2024,President,OH,,2024-09-05,61,945,LV,45.2,54.8,9.66,,,Race,White,White,38.04,61.96,,,,,emerson_sheets,2024-09-03
2024-President-OH|Emerson september-state-polling-california-flori,Emerson College Polling,Emerson,emerson_1HhCIRmM_OH_President_OH cro,2024,President,OH,,2024-09-05,61,945,LV,45.2,54.8,9.66,,,Race,Black,Black,85.79,14.21,,,,,emerson_sheets,2024-09-03
2024-President-OH|Emerson september-state-polling-california-flori,Emerson College Polling,Emerson,emerson_1HhCIRmM_OH_President_OH cro,2024,President,OH,,2024-09-05,61,945,LV,45.2,54.8,9.66,,,Race,Asian,Asian,41.32,58.68,,,,,emerson_sheets,2024-09-03
2024-President-OH|Emerson september-state-polling-california-flori,Emerson College Polling,Emerson,emerson_1HhCIRmM_OH_President_OH cro,2024,President,OH,,2024-09-05,61,945,LV,45.2,54.8,9.66,,,Race,Other,Other,55.7,44.3,,,,,emerson_sheets,2024-09-03
2024-President-OH|Emerson september-state-polling-california-flori,Emerson College Polling,Emerson,emerson_1HhCIRmM_OH_President_OH cro,2024,President,OH,,2024-09-05,61,945,LV,45.2,54.8,9.66,,,Age,18-29 years,18-29 years,56.63,43.37,,,,,emerson_sheets,2024-09-03
2024-President-OH|Emerson september-state-polling-california-flori,Emerson College Polling,Emerson,emerson_1HhCIRmM_OH_President_OH cro,2024,President,OH,,2024-09-05,61,945,LV,45.2,54.8,9.66,,,Age,30-39 years,30-39 years,51.98,48.02,,,,,emerson_sheets,2024-09-03
2024-President-OH|Emerson september-state-polling-california-flori,Emerson College Polling,Emerson,emerson_1HhCIRmM_OH_President_OH cro,2024,President,OH,,2024-09-05,61,945,LV,45.2,54.8,9.66,,,Age,40-49 years,40-49,45.01,54.99,,,,,emerson_sheets,2024-09-03
2024-President-OH|Emerson september-state-polling-california-flori,Emerson College Polling,Emerson,emerson_1HhCIRmM_OH_President_OH cro,2024,President,OH,,2024-09-05,61,945,LV,45.2,54.8,9.66,,,Age,50-59 years,50-59,40.76,59.24,,,,,emerson_sheets,2024-09-03
2024-President-OH|Emerson september-state-polling-california-flori,Emerson College Polling,Emerson,emerson_1HhCIRmM_OH_President_OH cro,2024,President,OH,,2024-09-05,61,945,LV,45.2,54.8,9.66,,,Age,60-69 years,60-69,40.9,59.1,,,,,emerson_sheets,2024-09-03
2024-President-OH|Emerson september-state-polling-california-flori,Emerson College Polling,Emerson,emerson_1HhCIRmM_OH_President_OH cro,2024,President,OH,,2024-09-05,61,945,LV,45.2,54.8,9.66,,,Age,70 or more years,70 or more years,38.21,61.79,,,,,emerson_sheets,2024-09-03
2024-President-OH|Emerson september-state-polling-california-flori,Emerson College Polling,Emerson,emerson_1HhCIRmM_OH_President_OH cro,2024,President,OH,,2024-09-05,61,945,LV,45.2,54.8,9.66,,,Education,HSorLess,HSorLess,43.22,56.78,,,,,emerson_sheets,2024-09-03
2024-President-OH|Emerson september-state-polling-california-flori,Emerson College Polling,Emerson,emerson_1HhCIRmM_OH_President_OH cro,2024,President,OH,,2024-09-05,61,945,LV,45.2,54.8,9.66,,,Education,SomeCollege,SomeCollege,37.93,62.07,,,,,emerson_sheets,2024-09-03
2024-President-OH|Emerson september-state-polling-california-flori,Emerson College Polling,Emerson,emerson_1HhCIRmM_OH_President_OH cro,2024,President,OH,,2024-09-05,61,945,LV,45.2,54.8,9.66,,,Education,BA,BA,54.45,45.55,,,,,emerson_sheets,2024-09-03
2024-President-OH|Emerson september-state-polling-california-flori,Emerson College Polling,Emerson,emerson_1HhCIRmM_OH_President_OH cro,2024,President,OH,,2024-09-05,61,945,LV,45.2,54.8,9.66,,,Gender,Male,Male,36.96,63.04,,,,,emerson_sheets,2024-09-03
2024-President-OH|Emerson september-state-polling-california-flori,Emerson College Polling,Emerson,emerson_1HhCIRmM_OH_President_OH cro,2024,President,OH,,2024-09-05,61,945,LV,45.2,54.8,9.66,,,Gender,Female,Female,51.81,48.19,,,,,emerson_sheets,2024-09-03
2024-President-OH|Emerson september-state-polling-california-flori,Emerson College Polling,Emerson,emerson_1HhCIRmM_OH_President_OH cro,2024,President,OH,,2024-09-05,61,945,LV,45.2,54.8,9.66,,,Gender,Nonbinary,Nonbinary,91.95,8.05,,,,,emerson_sheets,2024-09-03
2024-Senate-OH|Emerson september-state-polling-california-flori,Emerson College Polling,Emerson,emerson_1HhCIRmM_OH_Senate_OH cro,2024,Senate,OH,,2024-09-05,61,945,LV,50.7,49.3,-1.47,,,Race,Hispanic,Hispanic,70.89,29.11,,,,,emerson_sheets,2024-09-03
2024-Senate-OH|Emerson september-state-polling-california-flori,Emerson College Polling,Emerson,emerson_1HhCIRmM_OH_Senate_OH cro,2024,Senate,OH,,2024-09-05,61,945,LV,50.7,49.3,-1.47,,,Race,White,White,43.42,56.58,,,,,emerson_sheets,2024-09-03
2024-Senate-OH|Emerson september-state-polling-california-flori,Emerson College Polling,Emerson,emerson_1HhCIRmM_OH_Senate_OH cro,2024,Senate,OH,,2024-09-05,61,945,LV,50.7,49.3,-1.47,,,Race,Black,Black,91.3,8.7,,,,,emerson_sheets,2024-09-03
2024-Senate-OH|Emerson september-state-polling-california-flori,Emerson College Polling,Emerson,emerson_1HhCIRmM_OH_Senate_OH cro,2024,Senate,OH,,2024-09-05,61,945,LV,50.7,49.3,-1.47,,,Race,Asian,Asian,63.64,36.36,,,,,emerson_sheets,2024-09-03
2024-Senate-OH|Emerson september-state-polling-california-flori,Emerson College Polling,Emerson,emerson_1HhCIRmM_OH_Senate_OH cro,2024,Senate,OH,,2024-09-05,61,945,LV,50.7,49.3,-1.47,,,Race,Other,Other,53.19,46.81,,,,,emerson_sheets,2024-09-03
2024-Senate-OH|Emerson september-state-polling-california-flori,Emerson College Polling,Emerson,emerson_1HhCIRmM_OH_Senate_OH cro,2024,Senate,OH,,2024-09-05,61,945,LV,50.7,49.3,-1.47,,,Age,18-29 years,18-29 years,65.0,35.0,,,,,emerson_sheets,2024-09-03
2024-Senate-OH|Emerson september-state-polling-california-flori,Emerson College Polling,Emerson,emerson_1HhCIRmM_OH_Senate_OH cro,2024,Senate,OH,,2024-09-05,61,945,LV,50.7,49.3,-1.47,,,Age,30-39 years,30-39 years,57.83,42.17,,,,,emerson_sheets,2024-09-03
2024-Senate-OH|Emerson september-state-polling-california-flori,Emerson College Polling,Emerson,emerson_1HhCIRmM_OH_Senate_OH cro,2024,Senate,OH,,2024-09-05,61,945,LV,50.7,49.3,-1.47,,,Age,40-49 years,40-49,53.0,47.0,,,,,emerson_sheets,2024-09-03
2024-Senate-OH|Emerson september-state-polling-california-flori,Emerson College Polling,Emerson,emerson_1HhCIRmM_OH_Senate_OH cro,2024,Senate,OH,,2024-09-05,61,945,LV,50.7,49.3,-1.47,,,Age,50-59 years,50-59,46.01,53.99,,,,,emerson_sheets,2024-09-03
2024-Senate-OH|Emerson september-state-polling-california-flori,Emerson College Polling,Emerson,emerson_1HhCIRmM_OH_Senate_OH cro,2024,Senate,OH,,2024-09-05,61,945,LV,50.7,49.3,-1.47,,,Age,60-69 years,60-69,44.94,55.06,,,,,emerson_sheets,2024-09-03
2024-Senate-OH|Emerson september-state-polling-california-flori,Emerson College Polling,Emerson,emerson_1HhCIRmM_OH_Senate_OH cro,2024,Senate,OH,,2024-09-05,61,945,LV,50.7,49.3,-1.47,,,Age,70 or more years,70 or more years,39.78,60.22,,,,,emerson_sheets,2024-09-03
2024-Senate-OH|Emerson september-state-polling-california-flori,Emerson College Polling,Emerson,emerson_1HhCIRmM_OH_Senate_OH cro,2024,Senate,OH,,2024-09-05,61,945,LV,50.7,49.3,-1.47,,,Education,HSorLess,HSorLess,51.88,48.12,,,,,emerson_sheets,2024-09-03
2024-Senate-OH|Emerson september-state-polling-california-flori,Emerson College Polling,Emerson,emerson_1HhCIRmM_OH_Senate_OH cro,2024,Senate,OH,,2024-09-05,61,945,LV,50.7,49.3,-1.47,,,Education,SomeCollege,SomeCollege,43.18,56.82,,,,,emerson_sheets,2024-09-03
2024-Senate-OH|Emerson september-state-polling-california-flori,Emerson College Polling,Emerson,emerson_1HhCIRmM_OH_Senate_OH cro,2024,Senate,OH,,2024-09-05,61,945,LV,50.7,49.3,-1.47,,,Education,BA,BA,57.92,42.08,,,,,emerson_sheets,2024-09-03
2024-Senate-OH|Emerson september-state-polling-california-flori,Emerson College Polling,Emerson,emerson_1HhCIRmM_OH_Senate_OH cro,2024,Senate,OH,,2024-09-05,61,945,LV,50.7,49.3,-1.47,,,Gender,Male,Male,43.69,56.31,,,,,emerson_sheets,2024-09-03
2024-Senate-OH|Emerson september-state-polling-california-flori,Emerson College Polling,Emerson,emerson_1HhCIRmM_OH_Senate_OH cro,2024,Senate,OH,,2024-09-05,61,945,LV,50.7,49.3,-1.47,,,Gender,Female,Female,56.81,43.19,,,,,emerson_sheets,2024-09-03
2024-Senate-OH|Emerson september-state-polling-california-flori,Emerson College Polling,Emerson,emerson_1HhCIRmM_OH_Senate_OH cro,2024,Senate,OH,,2024-09-05,61,945,LV,50.7,49.3,-1.47,,,Gender,Nonbinary,Nonbinary,91.95,8.05,,,,,emerson_sheets,2024-09-03
2020-President-KY|Quinnipiac ky09162020_crosstabs_b,Quinnipiac University Poll,Quinnipiac,qu_3798_ky09162020_cr_President,2020,President,KY,,2020-09-14,50,1164,LV,39.6,60.4,20.83,,,Gender,Male,Male,28.42,71.58,,,,,quinnipiac_pdf,
2020-President-KY|Quinnipiac ky09162020_crosstabs_b,Quinnipiac University Poll,Quinnipiac,qu_3798_ky09162020_cr_President,2020,President,KY,,2020-09-14,50,1164,LV,39.6,60.4,20.83,,,Gender,Female,Female,39.58,60.42,,,,,quinnipiac_pdf,
2020-President-KY|Quinnipiac ky09162020_crosstabs_b,Quinnipiac University Poll,Quinnipiac,qu_3798_ky09162020_cr_President,2020,President,KY,,2020-09-14,50,1164,LV,39.6,60.4,20.83,,,Age,18-34,18-34,52.13,47.87,,,,,quinnipiac_pdf,
2020-President-KY|Quinnipiac ky09162020_crosstabs_b,Quinnipiac University Poll,Quinnipiac,qu_3798_ky09162020_cr_President,2020,President,KY,,2020-09-14,50,1164,LV,39.6,60.4,20.83,,,Age,35-49,35-49,31.18,68.82,,,,,quinnipiac_pdf,
2020-President-KY|Quinnipiac ky09162020_crosstabs_b,Quinnipiac University Poll,Quinnipiac,qu_3798_ky09162020_cr_President,2020,President,KY,,2020-09-14,50,1164,LV,39.6,60.4,20.83,,,Age,50-64,50-64,39.18,60.82,,,,,quinnipiac_pdf,
2020-President-KY|Quinnipiac ky09162020_crosstabs_b,Quinnipiac University Poll,Quinnipiac,qu_3798_ky09162020_cr_President,2020,President,KY,,2020-09-14,50,1164,LV,39.6,60.4,20.83,,,Age,65+,65+,38.14,61.86,,,,,quinnipiac_pdf,
2020-President-KY|Quinnipiac ky09162020_crosstabs_b,Quinnipiac University Poll,Quinnipiac,qu_3798_ky09162020_cr_President,2020,President,KY,,2020-09-14,50,1164,LV,39.6,60.4,20.83,,,Race,White,White,34.38,65.62,,,,,quinnipiac_pdf,
2020-President-KY|Quinnipiac ky09162020_crosstabs_b,Quinnipiac University Poll,Quinnipiac,qu_3798_ky09162020_cr_President,2020,President,KY,,2020-09-14,50,1164,LV,39.6,60.4,20.83,,,Race,Nonwhite,Nonwhite,77.66,22.34,,,,,quinnipiac_pdf,
2020-Senate-KY|Quinnipiac ky09162020_crosstabs_b,Quinnipiac University Poll,Quinnipiac,qu_3798_ky09162020_cr_Senate,2020,Senate,KY,,2020-09-14,50,1164,LV,43.6,56.4,12.77,,,Gender,Male,Male,32.63,67.37,,,,,quinnipiac_pdf,
2020-Senate-KY|Quinnipiac ky09162020_crosstabs_b,Quinnipiac University Poll,Quinnipiac,qu_3798_ky09162020_cr_Senate,2020,Senate,KY,,2020-09-14,50,1164,LV,43.6,56.4,12.77,,,Gender,Female,Female,44.68,55.32,,,,,quinnipiac_pdf,
2020-Senate-KY|Quinnipiac ky09162020_crosstabs_b,Quinnipiac University Poll,Quinnipiac,qu_3798_ky09162020_cr_Senate,2020,Senate,KY,,2020-09-14,50,1164,LV,43.6,56.4,12.77,,,Age,18-34,18-34,60.44,39.56,,,,,quinnipiac_pdf,
2020-Senate-KY|Quinnipiac ky09162020_crosstabs_b,Quinnipiac University Poll,Quinnipiac,qu_3798_ky09162020_cr_Senate,2020,Senate,KY,,2020-09-14,50,1164,LV,43.6,56.4,12.77,,,Age,35-49,35-49,37.23,62.77,,,,,quinnipiac_pdf,
2020-Senate-KY|Quinnipiac ky09162020_crosstabs_b,Quinnipiac University Poll,Quinnipiac,qu_3798_ky09162020_cr_Senate,2020,Senate,KY,,2020-09-14,50,1164,LV,43.6,56.4,12.77,,,Age,50-64,50-64,41.67,58.33,,,,,quinnipiac_pdf,
2020-Senate-KY|Quinnipiac ky09162020_crosstabs_b,Quinnipiac University Poll,Quinnipiac,qu_3798_ky09162020_cr_Senate,2020,Senate,KY,,2020-09-14,50,1164,LV,43.6,56.4,12.77,,,Age,65+,65+,39.8,60.2,,,,,quinnipiac_pdf,
2020-Senate-KY|Quinnipiac ky09162020_crosstabs_b,Quinnipiac University Poll,Quinnipiac,qu_3798_ky09162020_cr_Senate,2020,Senate,KY,,2020-09-14,50,1164,LV,43.6,56.4,12.77,,,Race,White,White,38.95,61.05,,,,,quinnipiac_pdf,
2020-Senate-KY|Quinnipiac ky09162020_crosstabs_b,Quinnipiac University Poll,Quinnipiac,qu_3798_ky09162020_cr_Senate,2020,Senate,KY,,2020-09-14,50,1164,LV,43.6,56.4,12.77,,,Race,Nonwhite,Nonwhite,76.29,23.71,,,,,quinnipiac_pdf,
2020-President-ME|Quinnipiac me09162020_crosstabs_b,Quinnipiac University Poll,Quinnipiac,qu_3798_me09162020_cr_President,2020,President,ME,,2020-09-14,50,1183,LV,60.8,39.2,-21.65,,,Gender,Male,Male,54.17,45.83,,,,,quinnipiac_pdf,
2020-President-ME|Quinnipiac me09162020_crosstabs_b,Quinnipiac University Poll,Quinnipiac,qu_3798_me09162020_cr_President,2020,President,ME,,2020-09-14,50,1183,LV,60.8,39.2,-21.65,,,Gender,Female,Female,67.01,32.99,,,,,quinnipiac_pdf,
2020-Senate-ME|Quinnipiac me09162020_crosstabs_b,Quinnipiac University Poll,Quinnipiac,qu_3798_me09162020_cr_Senate,2020,Senate,ME,,2020-09-14,50,1183,LV,56.2,43.8,-12.5,,,Gender,Male,Male,52.08,47.92,,,,,quinnipiac_pdf,
2020-Senate-ME|Quinnipiac me09162020_crosstabs_b,Quinnipiac University Poll,Quinnipiac,qu_3798_me09162020_cr_Senate,2020,Senate,ME,,2020-09-14,50,1183,LV,56.2,43.8,-12.5,,,Gender,Female,Female,60.42,39.58,,,,,quinnipiac_pdf,
2020-Senate-ME|Quinnipiac me09162020_crosstabs_b,Quinnipiac University Poll,Quinnipiac,qu_3798_me09162020_cr_Senate,2020,Senate,ME,,2020-09-14,50,1183,LV,56.2,43.8,-12.5,,,Age,18-34,18-34,59.57,40.43,,,,,quinnipiac_pdf,
2020-Senate-ME|Quinnipiac me09162020_crosstabs_b,Quinnipiac University Poll,Quinnipiac,qu_3798_me09162020_cr_Senate,2020,Senate,ME,,2020-09-14,50,1183,LV,56.2,43.8,-12.5,,,Age,35-49,35-49,55.21,44.79,,,,,quinnipiac_pdf,
2020-Senate-ME|Quinnipiac me09162020_crosstabs_b,Quinnipiac University Poll,Quinnipiac,qu_3798_me09162020_cr_Senate,2020,Senate,ME,,2020-09-14,50,1183,LV,56.2,43.8,-12.5,,,Age,50-64,50-64,56.25,43.75,,,,,quinnipiac_pdf,
2020-Senate-ME|Quinnipiac me09162020_crosstabs_b,Quinnipiac University Poll,Quinnipiac,qu_3798_me09162020_cr_Senate,2020,Senate,ME,,2020-09-14,50,1183,LV,56.2,43.8,-12.5,,,Age,65+,65+,59.38,40.62,,,,,quinnipiac_pdf,
2020-President-SC|Quinnipiac sc09162020_crosstabs_b,Quinnipiac University Poll,Quinnipiac,qu_3798_sc09162020_cr_President,2020,President,SC,,2020-09-14,50,969,LV,46.9,53.1,6.25,,,Gender,Male,Male,26.53,73.47,,,,,quinnipiac_pdf,
2020-President-SC|Quinnipiac sc09162020_crosstabs_b,Quinnipiac University Poll,Quinnipiac,qu_3798_sc09162020_cr_President,2020,President,SC,,2020-09-14,50,969,LV,46.9,53.1,6.25,,,Gender,Female,Female,39.8,60.2,,,,,quinnipiac_pdf,
2020-President-SC|Quinnipiac sc09162020_crosstabs_b,Quinnipiac University Poll,Quinnipiac,qu_3798_sc09162020_cr_President,2020,President,SC,,2020-09-14,50,969,LV,46.9,53.1,6.25,,,Age,18-49,18-49,54.64,45.36,,,,,quinnipiac_pdf,
2020-President-SC|Quinnipiac sc09162020_crosstabs_b,Quinnipiac University Poll,Quinnipiac,qu_3798_sc09162020_cr_President,2020,President,SC,,2020-09-14,50,969,LV,46.9,53.1,6.25,,,Age,50-64,50-64,47.42,52.58,,,,,quinnipiac_pdf,
2020-President-SC|Quinnipiac sc09162020_crosstabs_b,Quinnipiac University Poll,Quinnipiac,qu_3798_sc09162020_cr_President,2020,President,SC,,2020-09-14,50,969,LV,46.9,53.1,6.25,,,Age,65+,65+,44.9,55.1,,,,,quinnipiac_pdf,
2020-President-SC|Quinnipiac sc09162020_crosstabs_b,Quinnipiac University Poll,Quinnipiac,qu_3798_sc09162020_cr_President,2020,President,SC,,2020-09-14,50,969,LV,46.9,53.1,6.25,,,Race,White,White,32.65,67.35,,,,,quinnipiac_pdf,
2020-President-SC|Quinnipiac sc09162020_crosstabs_b,Quinnipiac University Poll,Quinnipiac,qu_3798_sc09162020_cr_President,2020,President,SC,,2020-09-14,50,969,LV,46.9,53.1,6.25,,,Race,Black,Black,96.84,3.16,,,,,quinnipiac_pdf,
2020-Senate-SC|Quinnipiac sc09162020_crosstabs_b,Quinnipiac University Poll,Quinnipiac,qu_3798_sc09162020_cr_Senate,2020,Senate,SC,,2020-09-14,50,969,LV,50.0,50.0,0.0,,,Gender,Male,Male,28.87,71.13,,,,,quinnipiac_pdf,
2020-Senate-SC|Quinnipiac sc09162020_crosstabs_b,Quinnipiac University Poll,Quinnipiac,qu_3798_sc09162020_cr_Senate,2020,Senate,SC,,2020-09-14,50,969,LV,50.0,50.0,0.0,,,Gender,Female,Female,42.71,57.29,,,,,quinnipiac_pdf,
2020-Senate-SC|Quinnipiac sc09162020_crosstabs_b,Quinnipiac University Poll,Quinnipiac,qu_3798_sc09162020_cr_Senate,2020,Senate,SC,,2020-09-14,50,969,LV,50.0,50.0,0.0,,,Age,18-49,18-49,59.79,40.21,,,,,quinnipiac_pdf,
2020-Senate-SC|Quinnipiac sc09162020_crosstabs_b,Quinnipiac University Poll,Quinnipiac,qu_3798_sc09162020_cr_Senate,2020,Senate,SC,,2020-09-14,50,969,LV,50.0,50.0,0.0,,,Age,50-64,50-64,47.42,52.58,,,,,quinnipiac_pdf,
2020-Senate-SC|Quinnipiac sc09162020_crosstabs_b,Quinnipiac University Poll,Quinnipiac,qu_3798_sc09162020_cr_Senate,2020,Senate,SC,,2020-09-14,50,969,LV,50.0,50.0,0.0,,,Age,65+,65+,44.9,55.1,,,,,quinnipiac_pdf,
2020-Senate-SC|Quinnipiac sc09162020_crosstabs_b,Quinnipiac University Poll,Quinnipiac,qu_3798_sc09162020_cr_Senate,2020,Senate,SC,,2020-09-14,50,969,LV,50.0,50.0,0.0,,,Race,White,White,36.08,63.92,,,,,quinnipiac_pdf,
2020-Senate-SC|Quinnipiac sc09162020_crosstabs_b,Quinnipiac University Poll,Quinnipiac,qu_3798_sc09162020_cr_Senate,2020,Senate,SC,,2020-09-14,50,969,LV,50.0,50.0,0.0,,,Race,Black,Black,96.97,3.03,,,,,quinnipiac_pdf,
2020-President-SC|Quinnipiac sc09302020_skyg73.pdf,Quinnipiac University Poll,Quinnipiac,qu_3800_sc09302020_sk_President,2020,President,SC,,2020-09-27,37,1123,LV,49.5,50.5,1.05,,,Gender,Male,Male,29.9,70.1,,,,,quinnipiac_pdf,
2020-President-SC|Quinnipiac sc09302020_skyg73.pdf,Quinnipiac University Poll,Quinnipiac,qu_3800_sc09302020_sk_President,2020,President,SC,,2020-09-27,37,1123,LV,49.5,50.5,1.05,,,Gender,Female,Female,41.05,58.95,,,,,quinnipiac_pdf,
2020-President-SC|Quinnipiac sc09302020_skyg73.pdf,Quinnipiac University Poll,Quinnipiac,qu_3800_sc09302020_sk_President,2020,President,SC,,2020-09-27,37,1123,LV,49.5,50.5,1.05,,,Age,18-49,18-49,51.09,48.91,,,,,quinnipiac_pdf,
2020-President-SC|Quinnipiac sc09302020_skyg73.pdf,Quinnipiac University Poll,Quinnipiac,qu_3800_sc09302020_sk_President,2020,President,SC,,2020-09-27,37,1123,LV,49.5,50.5,1.05,,,Age,50-64,50-64,50.52,49.48,,,,,quinnipiac_pdf,
2020-President-SC|Quinnipiac sc09302020_skyg73.pdf,Quinnipiac University Poll,Quinnipiac,qu_3800_sc09302020_sk_President,2020,President,SC,,2020-09-27,37,1123,LV,49.5,50.5,1.05,,,Age,65+,65+,47.96,52.04,,,,,quinnipiac_pdf,
2020-President-SC|Quinnipiac sc09302020_skyg73.pdf,Quinnipiac University Poll,Quinnipiac,qu_3800_sc09302020_sk_President,2020,President,SC,,2020-09-27,37,1123,LV,49.5,50.5,1.05,,,Race,White,White,36.46,63.54,,,,,quinnipiac_pdf,
2020-President-SC|Quinnipiac sc09302020_skyg73.pdf,Quinnipiac University Poll,Quinnipiac,qu_3800_sc09302020_sk_President,2020,President,SC,,2020-09-27,37,1123,LV,49.5,50.5,1.05,,,Race,Black,Black,91.58,8.42,,,,,quinnipiac_pdf,
2020-Senate-SC|Quinnipiac sc09302020_skyg73.pdf,Quinnipiac University Poll,Quinnipiac,qu_3800_sc09302020_sk_Senate,2020,Senate,SC,,2020-09-27,37,1123,LV,50.0,50.0,0.0,,,Gender,Male,Male,31.63,68.37,,,,,quinnipiac_pdf,
2020-Senate-SC|Quinnipiac sc09302020_skyg73.pdf,Quinnipiac University Poll,Quinnipiac,qu_3800_sc09302020_sk_Senate,2020,Senate,SC,,2020-09-27,37,1123,LV,50.0,50.0,0.0,,,Gender,Female,Female,41.84,58.16,,,,,quinnipiac_pdf,
2020-Senate-SC|Quinnipiac sc09302020_skyg73.pdf,Quinnipiac University Poll,Quinnipiac,qu_3800_sc09302020_sk_Senate,2020,Senate,SC,,2020-09-27,37,1123,LV,50.0,50.0,0.0,,,Age,18-49,18-49,54.17,45.83,,,,,quinnipiac_pdf,
2020-Senate-SC|Quinnipiac sc09302020_skyg73.pdf,Quinnipiac University Poll,Quinnipiac,qu_3800_sc09302020_sk_Senate,2020,Senate,SC,,2020-09-27,37,1123,LV,50.0,50.0,0.0,,,Age,50-64,50-64,48.96,51.04,,,,,quinnipiac_pdf,
2020-Senate-SC|Quinnipiac sc09302020_skyg73.pdf,Quinnipiac University Poll,Quinnipiac,qu_3800_sc09302020_sk_Senate,2020,Senate,SC,,2020-09-27,37,1123,LV,50.0,50.0,0.0,,,Age,65+,65+,48.48,51.52,,,,,quinnipiac_pdf,
2020-Senate-SC|Quinnipiac sc09302020_skyg73.pdf,Quinnipiac University Poll,Quinnipiac,qu_3800_sc09302020_sk_Senate,2020,Senate,SC,,2020-09-27,37,1123,LV,50.0,50.0,0.0,,,Race,White,White,37.11,62.89,,,,,quinnipiac_pdf,
2020-Senate-SC|Quinnipiac sc09302020_skyg73.pdf,Quinnipiac University Poll,Quinnipiac,qu_3800_sc09302020_sk_Senate,2020,Senate,SC,,2020-09-27,37,1123,LV,50.0,50.0,0.0,,,Race,Black,Black,90.72,9.28,,,,,quinnipiac_pdf,
2022-Governor-CT|Quinnipiac ct09212022_cujw27.pdf,Quinnipiac University Poll,Quinnipiac,qu_3856_ct09212022_cu_Governor,2022,Governor,CT,,2022-09-19,50,1911,LV,58.8,41.2,-17.53,,,Gender,Male,Male,51.55,48.45,,,,,quinnipiac_pdf,
2022-Governor-CT|Quinnipiac ct09212022_cujw27.pdf,Quinnipiac University Poll,Quinnipiac,qu_3856_ct09212022_cu_Governor,2022,Governor,CT,,2022-09-19,50,1911,LV,58.8,41.2,-17.53,,,Gender,Female,Female,64.29,35.71,,,,,quinnipiac_pdf,
2022-Senate-CT|Quinnipiac ct09212022_cujw27.pdf,Quinnipiac University Poll,Quinnipiac,qu_3856_ct09212022_cu_Senate,2022,Senate,CT,,2022-09-19,50,1911,LV,58.8,41.2,-17.53,,,Gender,Male,Male,50.0,50.0,,,,,quinnipiac_pdf,
2022-Senate-CT|Quinnipiac ct09212022_cujw27.pdf,Quinnipiac University Poll,Quinnipiac,qu_3856_ct09212022_cu_Senate,2022,Senate,CT,,2022-09-19,50,1911,LV,58.8,41.2,-17.53,,,Gender,Female,Female,65.98,34.02,,,,,quinnipiac_pdf,
2022-Governor-CT|Quinnipiac ct10242022_cmos63.pdf,Quinnipiac University Poll,Quinnipiac,qu_3860_ct10242022_cm_Governor,2022,Governor,CT,,2022-10-23,16,1879,LV,57.7,42.3,-15.46,,,Gender,Male,Male,47.42,52.58,,,,,quinnipiac_pdf,
2022-Governor-CT|Quinnipiac ct10242022_cmos63.pdf,Quinnipiac University Poll,Quinnipiac,qu_3860_ct10242022_cm_Governor,2022,Governor,CT,,2022-10-23,16,1879,LV,57.7,42.3,-15.46,,,Gender,Female,Female,65.98,34.02,,,,,quinnipiac_pdf,
2022-Senate-CT|Quinnipiac ct10242022_cmos63.pdf,Quinnipiac University Poll,Quinnipiac,qu_3860_ct10242022_cm_Senate,2022,Senate,CT,,2022-10-23,16,1879,LV,57.7,42.3,-15.46,,,Gender,Male,Male,47.42,52.58,,,,,quinnipiac_pdf,
2022-Senate-CT|Quinnipiac ct10242022_cmos63.pdf,Quinnipiac University Poll,Quinnipiac,qu_3860_ct10242022_cm_Senate,2022,Senate,CT,,2022-10-23,16,1879,LV,57.7,42.3,-15.46,,,Gender,Female,Female,65.98,34.02,,,,,quinnipiac_pdf,
2022-Governor-NY|Quinnipiac ny10182022_ndjt17.pdf,Quinnipiac University Poll,Quinnipiac,qu_3859_ny10182022_nd_Governor,2022,Governor,NY,,2022-10-16,23,1617,LV,52.1,47.9,-4.17,,,Gender,Male,Male,42.71,57.29,,,,,quinnipiac_pdf,
2022-Governor-NY|Quinnipiac ny10182022_ndjt17.pdf,Quinnipiac University Poll,Quinnipiac,qu_3859_ny10182022_nd_Governor,2022,Governor,NY,,2022-10-16,23,1617,LV,52.1,47.9,-4.17,,,Gender,Female,Female,59.38,40.62,,,,,quinnipiac_pdf,
2022-Governor-NY|Quinnipiac ny10182022_ndjt17.pdf,Quinnipiac University Poll,Quinnipiac,qu_3859_ny10182022_nd_Governor,2022,Governor,NY,,2022-10-16,23,1617,LV,52.1,47.9,-4.17,,,Age,18-34,18-34,58.33,41.67,,,,,quinnipiac_pdf,
2022-Governor-NY|Quinnipiac ny10182022_ndjt17.pdf,Quinnipiac University Poll,Quinnipiac,qu_3859_ny10182022_nd_Governor,2022,Governor,NY,,2022-10-16,23,1617,LV,52.1,47.9,-4.17,,,Age,35-49,35-49,46.81,53.19,,,,,quinnipiac_pdf,
2022-Governor-NY|Quinnipiac ny10182022_ndjt17.pdf,Quinnipiac University Poll,Quinnipiac,qu_3859_ny10182022_nd_Governor,2022,Governor,NY,,2022-10-16,23,1617,LV,52.1,47.9,-4.17,,,Age,50-64,50-64,51.02,48.98,,,,,quinnipiac_pdf,
2022-Governor-NY|Quinnipiac ny10182022_ndjt17.pdf,Quinnipiac University Poll,Quinnipiac,qu_3859_ny10182022_nd_Governor,2022,Governor,NY,,2022-10-16,23,1617,LV,52.1,47.9,-4.17,,,Age,65+,65+,57.14,42.86,,,,,quinnipiac_pdf,
2022-Senate-NY|Quinnipiac ny10182022_ndjt17.pdf,Quinnipiac University Poll,Quinnipiac,qu_3859_ny10182022_nd_Senate,2022,Senate,NY,,2022-10-16,23,1617,LV,56.2,43.8,-12.5,,,Gender,Male,Male,47.42,52.58,,,,,quinnipiac_pdf,
2022-Senate-NY|Quinnipiac ny10182022_ndjt17.pdf,Quinnipiac University Poll,Quinnipiac,qu_3859_ny10182022_nd_Senate,2022,Senate,NY,,2022-10-16,23,1617,LV,56.2,43.8,-12.5,,,Gender,Female,Female,63.83,36.17,,,,,quinnipiac_pdf,
2022-Senate-NY|Quinnipiac ny10182022_ndjt17.pdf,Quinnipiac University Poll,Quinnipiac,qu_3859_ny10182022_nd_Senate,2022,Senate,NY,,2022-10-16,23,1617,LV,56.2,43.8,-12.5,,,Age,18-34,18-34,69.47,30.53,,,,,quinnipiac_pdf,
2022-Senate-NY|Quinnipiac ny10182022_ndjt17.pdf,Quinnipiac University Poll,Quinnipiac,qu_3859_ny10182022_nd_Senate,2022,Senate,NY,,2022-10-16,23,1617,LV,56.2,43.8,-12.5,,,Age,35-49,35-49,51.58,48.42,,,,,quinnipiac_pdf,
2022-Senate-NY|Quinnipiac ny10182022_ndjt17.pdf,Quinnipiac University Poll,Quinnipiac,qu_3859_ny10182022_nd_Senate,2022,Senate,NY,,2022-10-16,23,1617,LV,56.2,43.8,-12.5,,,Age,50-64,50-64,54.55,45.45,,,,,quinnipiac_pdf,
2022-Senate-NY|Quinnipiac ny10182022_ndjt17.pdf,Quinnipiac University Poll,Quinnipiac,qu_3859_ny10182022_nd_Senate,2022,Senate,NY,,2022-10-16,23,1617,LV,56.2,43.8,-12.5,,,Age,65+,65+,60.2,39.8,,,,,quinnipiac_pdf,
